date,total_mwh,peak_mwh,min_mwh,mean_mwh,peak_hour,load_factor,dow,month,year
2013-01-01,1285138.0,60178.0,49213.0,53547.416666666664,1,0.8898171535555629,1,1,2013
2013-01-02,1575248.0,73387.0,53571.0,65635.33333333333,18,0.8943727544842183,2,1,2013
2013-01-03,1694967.0,76522.0,62461.0,70623.625,11,0.9229192258435482,3,1,2013
2013-01-04,1700530.0,76375.0,64152.0,70855.41666666667,11,0.9277304964539008,4,1,2013
2013-01-05,1551110.0,68053.0,62314.0,64629.583333333336,1,0.9496948456840012,5,1,2013
2013-01-06,1410695.0,64147.0,55256.0,58778.958333333336,1,0.9163165593610509,6,1,2013
2013-01-07,1625258.0,75383.0,57387.0,67719.08333333333,10,0.8983336207544583,0,1,2013
2013-01-08,1651654.0,75220.0,61928.0,68818.91666666667,10,0.9149018434813436,1,1,2013
2013-01-09,1668998.0,75609.0,61853.0,69541.58333333333,10,0.9197527190325666,2,1,2013
2013-01-10,1678452.0,75570.0,63217.0,69935.5,10,0.9254399894137886,3,1,2013
2013-01-11,1651064.0,75583.0,63073.0,68794.33333333333,10,0.9101826248406828,4,1,2013
2013-01-12,1479677.0,65458.0,59451.0,61653.208333333336,1,0.9418743061708781,5,1,2013
2013-01-13,1363158.0,61334.0,54287.0,56798.25,1,0.9260483581700198,6,1,2013
2013-01-14,1570508.0,72869.0,54702.0,65437.833333333336,10,0.8980201914851766,0,1,2013
2013-01-15,1608596.0,73364.0,60210.0,67024.83333333333,10,0.9135929520382385,1,1,2013
2013-01-16,1607709.0,72808.0,59915.0,66987.875,10,0.920062012416218,2,1,2013
2013-01-17,1627230.0,73613.0,60323.0,67801.25,10,0.9210499504163667,3,1,2013
2013-01-18,1623684.0,74135.0,61515.0,67653.5,10,0.9125716598098065,4,1,2013
2013-01-19,1466879.0,64737.0,59134.0,61119.958333333336,1,0.9441271349202671,5,1,2013
2013-01-20,1343106.0,61013.0,52846.0,55962.75,1,0.9172266566141642,6,1,2013
2013-01-21,1539531.0,71696.0,52803.0,64147.125,15,0.8947099559250168,0,1,2013
2013-01-22,1557522.0,70439.0,57677.0,64896.75,10,0.9213184457473843,1,1,2013
2013-01-23,1556171.0,70555.0,57136.0,64840.458333333336,10,0.9190058583138451,2,1,2013
2013-01-24,1575944.0,70895.0,57786.0,65664.33333333333,10,0.9262195265298445,3,1,2013
2013-01-25,1626457.0,73340.0,60679.0,67769.04166666667,10,0.9240392918825562,4,1,2013
2013-01-26,1505669.0,66011.0,60899.0,62736.208333333336,1,0.9503902127423207,5,1,2013
2013-01-27,1388955.0,63092.0,54854.0,57873.125,1,0.9172815095416218,6,1,2013
2013-01-28,1587392.0,73589.0,56375.0,66141.33333333333,10,0.898793750877622,0,1,2013
2013-01-29,1583735.0,72309.0,59535.0,65988.95833333333,10,0.9125967491368063,1,1,2013
2013-01-30,1536931.0,70366.0,58170.0,64038.791666666664,10,0.9100814550587878,2,1,2013
2013-01-31,1504449.0,69136.0,56717.0,62685.375,10,0.9066965835454756,3,1,2013
2013-02-01,1494216.0,67350.0,54960.0,62259.0,10,0.9244097995545657,4,2,2013
2013-02-02,1402494.0,62234.0,55413.0,58437.25,24,0.9389923514477617,5,2,2013
2013-02-03,1345544.0,60333.0,53808.0,56064.333333333336,24,0.9292482278907619,6,2,2013
2013-02-04,1527793.0,70352.0,53340.0,63658.041666666664,10,0.9048504899173678,0,2,2013
2013-02-05,1594047.0,72515.0,58613.0,66418.625,10,0.9159294628697511,1,2,2013
2013-02-06,1573775.0,70985.0,58430.0,65573.95833333333,10,0.9237720410415345,2,2,2013
2013-02-07,1644518.0,73964.0,59596.0,68521.58333333333,10,0.926418032195843,3,2,2013
2013-02-08,1586638.0,74196.0,61353.0,66109.91666666667,10,0.8910172605890705,4,2,2013
2013-02-09,1264931.0,62468.0,47773.0,52705.458333333336,1,0.8437193176239568,5,2,2013
2013-02-10,1119540.0,54678.0,40338.0,46647.5,1,0.8531310581952523,6,2,2013
2013-02-11,1178223.0,56338.0,45009.0,49092.625,24,0.8713945294472647,0,2,2013
2013-02-12,1396544.0,62525.0,49690.0,58189.333333333336,12,0.9306570705051314,1,2,2013
2013-02-13,1534073.0,70551.0,54644.0,63919.708333333336,10,0.9060071201447653,2,2,2013
2013-02-14,1559608.0,71414.0,57922.0,64983.666666666664,10,0.9099569645541024,3,2,2013
2013-02-15,1542025.0,69697.0,57208.0,64251.041666666664,10,0.9218623709294039,4,2,2013
2013-02-16,1455908.0,63952.0,57797.0,60662.833333333336,11,0.9485681969810692,5,2,2013
2013-02-17,1327834.0,59718.0,53170.0,55326.416666666664,1,0.9264613126137289,6,2,2013
2013-02-18,1513832.0,70278.0,52002.0,63076.333333333336,10,0.8975260157280135,0,2,2013
2013-02-19,1563952.0,71243.0,57570.0,65164.666666666664,10,0.9146816763284346,1,2,2013
2013-02-20,1584378.0,71826.0,59362.0,66015.75,10,0.9191065909280762,2,2,2013
2013-02-21,1571780.0,71294.0,59166.0,65490.833333333336,10,0.9186023134251597,3,2,2013
2013-02-22,1552322.0,70240.0,58535.0,64680.083333333336,10,0.9208440110098709,4,2,2013
2013-02-23,1440086.0,62773.0,57379.0,60003.583333333336,11,0.9558820405800796,5,2,2013
2013-02-24,1307906.0,59503.0,51070.0,54496.083333333336,1,0.9158543826921892,6,2,2013
2013-02-25,1487808.0,69513.0,51948.0,61992.0,11,0.891804410685771,0,2,2013
2013-02-26,1522279.0,69758.0,55997.0,63428.291666666664,11,0.9092619006661123,1,2,2013
2013-02-27,1477230.0,66919.0,55572.0,61551.25,10,0.9197873548618479,2,2,2013
2013-02-28,1451751.0,66378.0,55018.0,60489.625,10,0.9112902618337401,3,2,2013
2013-03-01,1378493.0,61639.0,53330.0,57437.208333333336,24,0.9318322544709249,4,3,2013
2013-03-02,1357992.0,60144.0,54107.0,56583.0,24,0.94079209896249,5,3,2013
2013-03-03,1270011.0,57568.0,49667.0,52917.125,23,0.9192107594496943,6,3,2013
2013-03-04,1484022.0,69653.0,50769.0,61834.25,11,0.8877471178556559,0,3,2013
2013-03-05,1510100.0,69252.0,55902.0,62920.833333333336,10,0.9085778509405265,1,3,2013
2013-03-06,1486277.0,68551.0,55330.0,61928.208333333336,10,0.9033888394528649,2,3,2013
2013-03-07,1465742.0,66035.0,53510.0,61072.583333333336,11,0.9248517200474496,3,3,2013
2013-03-08,1446235.0,66335.0,53063.0,60259.791666666664,10,0.9084162458229692,4,3,2013
2013-03-09,1307731.0,57125.0,51839.0,54488.791666666664,11,0.9538519328956965,5,3,2013
2013-03-10,1207412.0,55328.0,47901.0,50308.833333333336,23,0.909283424908425,6,3,2013
2013-03-11,1415621.0,66073.0,48065.0,58984.208333333336,11,0.892712731877368,0,3,2013
2013-03-12,1452932.0,66052.0,53018.0,60538.833333333336,10,0.9165329336482367,1,3,2013
2013-03-13,1460743.0,66668.0,51890.0,60864.291666666664,11,0.9129461160776784,2,3,2013
2013-03-14,1472195.0,66346.0,53766.0,61341.458333333336,10,0.9245690521407973,3,3,2013
2013-03-15,1465457.0,66752.0,54018.0,61060.708333333336,10,0.9147397581096197,4,3,2013
2013-03-16,1333899.0,58869.0,52601.0,55579.125,11,0.9441153238546603,5,3,2013
2013-03-17,1214717.0,54585.0,48076.0,50613.208333333336,23,0.9272365729290709,6,3,2013
2013-03-18,1385480.0,64038.0,46581.0,57728.333333333336,11,0.9014699605442602,0,3,2013
2013-03-19,1423898.0,64275.0,51307.0,59329.083333333336,10,0.9230506936341243,1,3,2013
2013-03-20,1448122.0,65952.0,50777.0,60338.416666666664,11,0.9148838043829856,2,3,2013
2013-03-21,1483807.0,67159.0,54754.0,61825.291666666664,10,0.9205808851630707,3,3,2013
2013-03-22,1475236.0,66964.0,53953.0,61468.166666666664,11,0.9179285387173207,4,3,2013
2013-03-23,1332713.0,58514.0,52689.0,55529.708333333336,11,0.9489986726823211,5,3,2013
2013-03-24,1205339.0,54589.0,47605.0,50222.458333333336,23,0.920010594319979,6,3,2013
2013-03-25,1419917.0,65718.0,47297.0,59163.208333333336,11,0.9002588078354992,0,3,2013
2013-03-26,1457589.0,66106.0,53539.0,60732.875,10,0.918719556469912,1,3,2013
2013-03-27,1423598.0,64627.0,52880.0,59316.583333333336,10,0.9178297512391622,2,3,2013
2013-03-28,1420747.0,63891.0,51741.0,59197.791666666664,10,0.9265435142143129,3,3,2013
2013-03-29,1415981.0,63768.0,51924.0,58999.208333333336,10,0.9252165401664367,4,3,2013
2013-03-30,1314253.0,56973.0,51422.0,54760.541666666664,11,0.9611665467268121,5,3,2013
2013-03-31,1188373.0,54007.0,46832.0,49515.541666666664,23,0.9168356262459804,6,3,2013
2013-04-01,1373084.0,63611.0,46312.0,57211.833333333336,11,0.8994015710071109,0,4,2013
2013-04-02,1438523.0,64872.0,50796.0,59938.458333333336,10,0.9239495981830887,1,4,2013
2013-04-03,1413204.0,63906.0,52313.0,58883.5,10,0.92140800550809,2,4,2013
2013-04-04,1392803.0,62740.0,51164.0,58033.458333333336,10,0.9249833970885135,3,4,2013
2013-04-05,1364878.0,60601.0,50496.0,56869.916666666664,11,0.9384319840706699,4,4,2013
2013-04-06,1298842.0,57295.0,48965.0,54118.416666666664,12,0.9445574075690141,5,4,2013
2013-04-07,1198624.0,54491.0,47640.0,49942.666666666664,23,0.9165305585631878,6,4,2013
2013-04-08,1376320.0,63306.0,46824.0,57346.666666666664,11,0.9058646363167261,0,4,2013
2013-04-09,1421442.0,64098.0,50949.0,59226.75,20,0.9240030890199382,1,4,2013
2013-04-10,1440511.0,64054.0,52426.0,60021.291666666664,11,0.9370420530593978,2,4,2013
2013-04-11,1441892.0,64092.0,52548.0,60078.833333333336,11,0.9373842809294972,3,4,2013
2013-04-12,1426839.0,63704.0,53178.0,59451.625,11,0.9332479122190129,4,4,2013
2013-04-13,1291910.0,56491.0,51123.0,53829.583333333336,1,0.9528877756338768,5,4,2013
2013-04-14,1174744.0,53790.0,46851.0,48947.666666666664,23,0.9099770713267645,6,4,2013
2013-04-15,1377783.0,63318.0,45846.0,57407.625,11,0.906655690325026,0,4,2013
2013-04-16,1384093.0,61632.0,51013.0,57670.541666666664,11,0.9357240016009,1,4,2013
2013-04-17,1378696.0,62189.0,49484.0,57445.666666666664,11,0.9237271328798768,2,4,2013
2013-04-18,1372860.0,62057.0,49591.0,57202.5,11,0.9217735307862127,3,4,2013
2013-04-19,1372449.0,61310.0,50106.0,57185.375,11,0.9327250856304029,4,4,2013
2013-04-20,1305794.0,58619.0,49420.0,54408.083333333336,11,0.9281646451378108,5,4,2013
2013-04-21,1174750.0,53250.0,46469.0,48947.916666666664,23,0.9192097026604068,6,4,2013
2013-04-22,1334510.0,60892.0,45453.0,55604.583333333336,11,0.9131673016707176,0,4,2013
2013-04-23,1391314.0,62169.0,49410.0,57971.416666666664,17,0.9324810865007748,1,4,2013
2013-04-24,1360850.0,59889.0,49941.0,56702.083333333336,20,0.9467862768343659,2,4,2013
2013-04-25,1377558.0,61275.0,49611.0,57398.25,20,0.9367319461444309,3,4,2013
2013-04-26,1365232.0,60659.0,50232.0,56884.666666666664,11,0.9377778510471103,4,4,2013
2013-04-27,1256053.0,54274.0,49407.0,52335.541666666664,23,0.9642838498483005,5,4,2013
2013-04-28,1146006.0,51398.0,45957.0,47750.25,23,0.9290293396630219,6,4,2013
2013-04-29,1312981.0,60584.0,43193.0,54707.541666666664,11,0.9030031306395527,0,4,2013
2013-04-30,1338376.0,59710.0,48735.0,55765.666666666664,10,0.9339418299558979,1,4,2013
2013-05-01,1236197.0,54401.0,48180.0,51508.208333333336,21,0.9468246600859054,2,5,2013
2013-05-02,1322240.0,59465.0,46074.0,55093.333333333336,20,0.9264833655651784,3,5,2013
2013-05-03,1340817.0,59617.0,48827.0,55867.375,11,0.9371047687740074,4,5,2013
2013-05-04,1225858.0,53102.0,48181.0,51077.416666666664,11,0.9618736896287647,5,5,2013
2013-05-05,1120508.0,50753.0,44813.0,46687.833333333336,23,0.9199029285625152,6,5,2013
2013-05-06,1282828.0,58827.0,42506.0,53451.166666666664,21,0.9086162249760596,0,5,2013
2013-05-07,1330220.0,59475.0,47520.0,55425.833333333336,17,0.9319181729017795,1,5,2013
2013-05-08,1321724.0,59488.0,47639.0,55071.833333333336,15,0.9257637394656626,2,5,2013
2013-05-09,1333067.0,60325.0,46938.0,55544.458333333336,15,0.9207535571211494,3,5,2013
2013-05-10,1346061.0,60692.0,47898.0,56085.875,11,0.9241065544058525,4,5,2013
2013-05-11,1229020.0,53938.0,47468.0,51209.166666666664,11,0.9494079622282373,5,5,2013
2013-05-12,1122065.0,50776.0,43641.0,46752.708333333336,21,0.9207639107714931,6,5,2013
2013-05-13,1292584.0,60757.0,41357.0,53857.666666666664,15,0.8864438116869935,0,5,2013
2013-05-14,1333351.0,60873.0,46841.0,55556.291666666664,17,0.912659005908476,1,5,2013
2013-05-15,1336049.0,61018.0,47075.0,55668.708333333336,15,0.9123325630688213,2,5,2013
2013-05-16,1328371.0,60111.0,46909.0,55348.791666666664,11,0.9207764247253691,3,5,2013
2013-05-17,1234845.0,54382.0,47095.0,51451.875,21,0.9461195800080909,4,5,2013
2013-05-18,1182988.0,52401.0,44454.0,49291.166666666664,21,0.9406531681965357,5,5,2013
2013-05-19,1114533.0,50511.0,42845.0,46438.875,21,0.9193814218685039,6,5,2013
2013-05-20,1282794.0,59795.0,41240.0,53449.75,11,0.8938832678317585,0,5,2013
2013-05-21,1325568.0,59595.0,46882.0,55232.0,15,0.9267891601644433,1,5,2013
2013-05-22,1332226.0,60558.0,46638.0,55509.416666666664,15,0.9166322643856578,2,5,2013
2013-05-23,1348291.0,61462.0,46928.0,56178.791666666664,15,0.9140410606011302,3,5,2013
2013-05-24,1348696.0,61928.0,46934.0,56195.666666666664,15,0.9074355165138009,4,5,2013
2013-05-25,1259147.0,57270.0,46484.0,52464.458333333336,15,0.9160897212036553,5,5,2013
2013-05-26,1144096.0,51923.0,43295.0,47670.666666666664,21,0.9181030885477854,6,5,2013
2013-05-27,1316203.0,62576.0,41838.0,54841.791666666664,17,0.8764029606664961,0,5,2013
2013-05-28,1364371.0,63029.0,47165.0,56848.791666666664,15,0.9019465907227889,1,5,2013
2013-05-29,1348171.0,62090.0,46902.0,56173.791666666664,15,0.9047156010092876,2,5,2013
2013-05-30,1338600.0,61737.0,46955.0,55775.0,15,0.9034290619887587,3,5,2013
2013-05-31,1332421.0,61677.0,46597.0,55517.541666666664,15,0.9001336262572217,4,5,2013
2013-06-01,1228492.0,55168.0,45948.0,51187.166666666664,12,0.9278416231631863,5,6,2013
2013-06-02,1128346.0,51697.0,42911.0,47014.416666666664,21,0.9094225325776479,6,6,2013
2013-06-03,1305373.0,62596.0,41384.0,54390.541666666664,15,0.8689140147400259,0,6,2013
2013-06-04,1364208.0,63185.0,46807.0,56842.0,17,0.8996122497428187,1,6,2013
2013-06-05,1375370.0,63384.0,47357.0,57307.083333333336,15,0.9041253839034036,2,6,2013
2013-06-06,1319938.0,60606.0,47529.0,54997.416666666664,15,0.9074582824582824,3,6,2013
2013-06-07,1361577.0,63441.0,46175.0,56732.375,15,0.8942541101180624,4,6,2013
2013-06-08,1278731.0,58352.0,46697.0,53280.458333333336,12,0.913087097842976,5,6,2013
2013-06-09,1166037.0,53036.0,43637.0,48584.875,21,0.9160735161022702,6,6,2013
2013-06-10,1362587.0,66076.0,42067.0,56774.458333333336,15,0.8592296496963093,0,6,2013
2013-06-11,1404452.0,65850.0,47865.0,58518.833333333336,15,0.8886686914705139,1,6,2013
2013-06-12,1395552.0,64819.0,47958.0,58148.0,15,0.8970826455206036,2,6,2013
2013-06-13,1404364.0,66272.0,47581.0,58515.166666666664,15,0.8829545911797843,3,6,2013
2013-06-14,1412230.0,66475.0,48298.0,58842.916666666664,15,0.8851886674188291,4,6,2013
2013-06-15,1309068.0,60427.0,47489.0,54544.5,15,0.9026511327717742,5,6,2013
2013-06-16,1179241.0,53717.0,44011.0,49135.041666666664,21,0.914701894496466,6,6,2013
2013-06-17,1367364.0,66566.0,42148.0,56973.5,15,0.8558949013009645,0,6,2013
2013-06-18,1420708.0,66929.0,47818.0,59196.166666666664,15,0.8844621414733025,1,6,2013
2013-06-19,1422308.0,67156.0,48075.0,59262.833333333336,17,0.8824652053924197,2,6,2013
2013-06-20,1428807.0,67488.0,47908.0,59533.625,15,0.8821364538880986,3,6,2013
2013-06-21,1422722.0,67030.0,48164.0,59280.083333333336,12,0.8843813715251878,4,6,2013
2013-06-22,1318130.0,60744.0,47803.0,54922.083333333336,12,0.9041565147723781,5,6,2013
2013-06-23,1175918.0,52918.0,44537.0,48996.583333333336,21,0.9258963553674239,6,6,2013
2013-06-24,1368530.0,67212.0,42408.0,57022.083333333336,15,0.8483914082802675,0,6,2013
2013-06-25,1422032.0,67878.0,47873.0,59251.333333333336,15,0.872909239125097,1,6,2013
2013-06-26,1415984.0,67914.0,47765.0,58999.333333333336,15,0.8687359503686035,2,6,2013
2013-06-27,1429830.0,68472.0,48003.0,59576.25,15,0.8700819313003856,3,6,2013
2013-06-28,1422488.0,68422.0,48184.0,59270.333333333336,15,0.866246723763312,4,6,2013
2013-06-29,1316475.0,60959.0,47068.0,54853.125,15,0.899836365425942,5,6,2013
2013-06-30,1211553.0,55838.0,44273.0,50481.375,21,0.9040684659192665,6,6,2013
2013-07-01,1397581.0,68943.0,42662.0,58232.541666666664,17,0.8446476316183901,0,7,2013
2013-07-02,1454619.0,69401.0,48576.0,60609.125,15,0.8733177475828878,1,7,2013
2013-07-03,1449455.0,69222.0,48460.0,60393.958333333336,15,0.8724676884998026,2,7,2013
2013-07-04,1461687.0,69137.0,49107.0,60903.625,15,0.8809121743784081,3,7,2013
2013-07-05,1442141.0,68039.0,48964.0,60089.208333333336,15,0.8831583111646752,4,7,2013
2013-07-06,1333640.0,61321.0,48209.0,55568.333333333336,15,0.9061876573006529,5,7,2013
2013-07-07,1225596.0,55795.0,45211.0,51066.5,21,0.915252262747558,6,7,2013
2013-07-08,1419420.0,68800.0,44024.0,59142.5,15,0.8596293604651163,0,7,2013
2013-07-09,1470086.0,69627.0,49290.0,61253.583333333336,15,0.8797389422685644,1,7,2013
2013-07-10,1479478.0,69934.0,49408.0,61644.916666666664,15,0.8814727695636838,2,7,2013
2013-07-11,1488400.0,70155.0,49584.0,62016.666666666664,15,0.883994963533129,3,7,2013
2013-07-12,1470927.0,69699.0,49773.0,61288.625,15,0.8793329172584973,4,7,2013
2013-07-13,1365857.0,62633.0,49499.0,56910.708333333336,12,0.9086377521966589,5,7,2013
2013-07-14,1249572.0,56534.0,46201.0,52065.5,21,0.9209590688789048,6,7,2013
2013-07-15,1453919.0,71101.0,44521.0,60579.958333333336,15,0.8520268116247779,0,7,2013
2013-07-16,1497233.0,71529.0,50128.0,62384.708333333336,15,0.8721596601844473,1,7,2013
2013-07-17,1481563.0,70143.0,49867.0,61731.791666666664,15,0.8800848504721307,2,7,2013
2013-07-18,1497070.0,71257.0,49833.0,62377.916666666664,15,0.8753935285890041,3,7,2013
2013-07-19,1503866.0,72112.0,49720.0,62661.083333333336,15,0.8689411378596258,4,7,2013
2013-07-20,1389830.0,64473.0,49530.0,57909.583333333336,12,0.8981989876899374,5,7,2013
2013-07-21,1282690.0,59289.0,46654.0,53445.416666666664,21,0.9014389965536046,6,7,2013
2013-07-22,1465253.0,71648.0,45055.0,61052.208333333336,15,0.8521132248399583,0,7,2013
2013-07-23,1487040.0,70119.0,49912.0,61960.0,11,0.8836406680072448,1,7,2013
2013-07-24,1468805.0,69230.0,49816.0,61200.208333333336,15,0.8840128316240551,2,7,2013
2013-07-25,1474352.0,69868.0,48972.0,61431.333333333336,15,0.879248487624282,3,7,2013
2013-07-26,1475515.0,70324.0,49395.0,61479.791666666664,15,0.8742362730599321,4,7,2013
2013-07-27,1353507.0,62688.0,48608.0,56396.125,12,0.899631907223073,5,7,2013
2013-07-28,1247668.0,58219.0,45468.0,51986.166666666664,21,0.8929415940958564,6,7,2013
2013-07-29,1409603.0,68634.0,44698.0,58733.458333333336,15,0.8557487299783393,0,7,2013
2013-07-30,1418970.0,67939.0,47504.0,59123.75,15,0.8702475750305421,1,7,2013
2013-07-31,1394569.0,65764.0,47009.0,58107.041666666664,15,0.88356915130872,2,7,2013
2013-08-01,1368281.0,63959.0,46447.0,57011.708333333336,15,0.8913789823689134,3,8,2013
2013-08-02,1357917.0,62649.0,46339.0,56579.875,15,0.9031249501189165,4,8,2013
2013-08-03,1300430.0,59182.0,46381.0,54184.583333333336,14,0.9155585031484799,5,8,2013
2013-08-04,1264029.0,58813.0,44890.0,52667.875,21,0.8955141720367946,6,8,2013
2013-08-05,1412510.0,67856.0,44457.0,58854.583333333336,15,0.867345309675391,0,8,2013
2013-08-06,1454728.0,68852.0,48342.0,60613.666666666664,12,0.8803472181878037,1,8,2013
2013-08-07,1498258.0,71825.0,48323.0,62427.416666666664,15,0.8691599953590904,2,8,2013
2013-08-08,1537446.0,73819.0,49658.0,64060.25,17,0.867801649981712,3,8,2013
2013-08-09,1554745.0,73600.0,50517.0,64781.041666666664,15,0.880177196557971,4,8,2013
2013-08-10,1444877.0,67476.0,51433.0,60203.208333333336,12,0.8922166152903749,5,8,2013
2013-08-11,1338456.0,62837.0,47254.0,55769.0,21,0.88751850024667,6,8,2013
2013-08-12,1520601.0,73302.0,46899.0,63358.375,12,0.86434715287441,0,8,2013
2013-08-13,1553512.0,72615.0,51277.0,64729.666666666664,15,0.8914090293557345,1,8,2013
2013-08-14,1549250.0,72501.0,51688.0,64552.083333333336,12,0.8903612823731167,2,8,2013
2013-08-15,1483440.0,69027.0,51483.0,61810.0,15,0.8954467092586958,3,8,2013
2013-08-16,1539167.0,73216.0,50515.0,64131.958333333336,12,0.8759281896488929,4,8,2013
2013-08-17,1444067.0,67118.0,50904.0,60169.458333333336,15,0.8964727544523575,5,8,2013
2013-08-18,1348010.0,62710.0,48395.0,56167.083333333336,21,0.8956639026205284,6,8,2013
2013-08-19,1526377.0,74015.0,46765.0,63599.041666666664,15,0.8592723321849174,0,8,2013
2013-08-20,1544170.0,73315.0,50946.0,64340.416666666664,15,0.8775887153606583,1,8,2013
2013-08-21,1536313.0,73266.0,50141.0,64013.041666666664,15,0.8737073358265316,2,8,2013
2013-08-22,1551764.0,73657.0,51009.0,64656.833333333336,15,0.8778097578415267,3,8,2013
2013-08-23,1498554.0,70527.0,51099.0,62439.75,12,0.8853311497724276,4,8,2013
2013-08-24,1354217.0,63061.0,48832.0,56425.708333333336,12,0.8947797899388423,5,8,2013
2013-08-25,1224510.0,56316.0,45058.0,51021.25,21,0.9059814262376589,6,8,2013
2013-08-26,1408772.0,69003.0,43076.0,58698.833333333336,15,0.8506707437840867,0,8,2013
2013-08-27,1455253.0,69286.0,48291.0,60635.541666666664,15,0.8751485389063688,1,8,2013
2013-08-28,1455852.0,69475.0,48587.0,60660.5,15,0.8731270241093919,2,8,2013
2013-08-29,1472540.0,69623.0,48811.0,61355.833333333336,12,0.8812581091497542,3,8,2013
2013-08-30,1441799.0,68095.0,48832.0,60074.958333333336,15,0.8822227525271068,4,8,2013
2013-08-31,1296981.0,59493.0,47646.0,54040.875,15,0.9083568655135899,5,8,2013
2013-09-01,1177508.0,54172.0,43829.0,49062.833333333336,20,0.9056862093578479,6,9,2013
2013-09-02,1342046.0,65238.0,41995.0,55918.583333333336,15,0.8571474191933127,0,9,2013
2013-09-03,1372004.0,63488.0,47476.0,57166.833333333336,11,0.9004352528561829,1,9,2013
2013-09-04,1370862.0,64303.0,47035.0,57119.25,17,0.8882828172869073,2,9,2013
2013-09-05,1369255.0,63323.0,47367.0,57052.291666666664,15,0.9009726586969452,3,9,2013
2013-09-06,1361238.0,62697.0,47729.0,56718.25,11,0.9046405729141745,4,9,2013
2013-09-07,1269482.0,57341.0,46946.0,52895.083333333336,15,0.9224653098713544,5,9,2013
2013-09-08,1167655.0,53099.0,43978.0,48652.291666666664,20,0.9162562697351487,6,9,2013
2013-09-09,1346802.0,65106.0,42263.0,56116.75,15,0.8619290080791325,0,9,2013
2013-09-10,1404765.0,65504.0,48201.0,58531.875,17,0.8935618435515389,1,9,2013
2013-09-11,1411830.0,66061.0,48343.0,58826.25,17,0.8904837952801199,2,9,2013
2013-09-12,1423186.0,66213.0,48808.0,59299.416666666664,17,0.8955857107617335,3,9,2013
2013-09-13,1437230.0,67689.0,49012.0,59884.583333333336,15,0.884701847173593,4,9,2013
2013-09-14,1332827.0,61174.0,48977.0,55534.458333333336,12,0.9078114612961934,5,9,2013
2013-09-15,1229169.0,55438.0,45835.0,51215.375,20,0.9238315776182402,6,9,2013
2013-09-16,1326050.0,62839.0,43381.0,55252.083333333336,15,0.8792642042892683,0,9,2013
2013-09-17,1297106.0,60397.0,46681.0,54046.083333333336,12,0.8948471502447694,1,9,2013
2013-09-18,1062188.0,47703.0,41510.0,44257.833333333336,20,0.9277788259298857,2,9,2013
2013-09-19,952622.0,44095.0,36476.0,39692.583333333336,20,0.900160638016404,3,9,2013
2013-09-20,996793.0,47235.0,36233.0,41533.041666666664,20,0.879285311033485,4,9,2013
2013-09-21,1070802.0,50913.0,37486.0,44616.75,20,0.8763331565611926,5,9,2013
2013-09-22,1120260.0,52637.0,39755.0,46677.5,20,0.8867811615403614,6,9,2013
2013-09-23,1334869.0,64919.0,41727.0,55619.541666666664,15,0.8567529023347042,0,9,2013
2013-09-24,1403385.0,65765.0,47849.0,58474.375,15,0.8891412605489242,1,9,2013
2013-09-25,1369674.0,63041.0,48096.0,57069.75,15,0.9052798972097524,2,9,2013
2013-09-26,1349459.0,61708.0,47361.0,56227.458333333336,20,0.9111858808150213,3,9,2013
2013-09-27,1345244.0,61263.0,47631.0,56051.833333333336,15,0.9149377819129546,4,9,2013
2013-09-28,1264678.0,56668.0,47436.0,52694.916666666664,11,0.9298884143902496,5,9,2013
2013-09-29,1174984.0,52725.0,44781.0,48957.666666666664,20,0.9285474948632843,6,9,2013
2013-09-30,1323984.0,62764.0,42533.0,55166.0,17,0.8789433433178255,0,9,2013
2013-10-01,1374702.0,63532.0,47447.0,57279.25,19,0.9015810929925077,1,10,2013
2013-10-02,1370448.0,62685.0,48256.0,57102.0,11,0.9109356305336205,2,10,2013
2013-10-03,1288093.0,57722.0,47710.0,53670.541666666664,20,0.929810846240024,3,10,2013
2013-10-04,1333685.0,61182.0,46590.0,55570.208333333336,19,0.9082770804049122,4,10,2013
2013-10-05,1260572.0,55667.0,47212.0,52523.833333333336,12,0.9435362662499027,5,10,2013
2013-10-06,1167020.0,53017.0,44606.0,48625.833333333336,20,0.9171743654551057,6,10,2013
2013-10-07,1353902.0,64911.0,42713.0,56412.583333333336,19,0.8690758628481049,0,10,2013
2013-10-08,1393682.0,64075.0,48722.0,58070.083333333336,11,0.9062830016907271,1,10,2013
2013-10-09,1324851.0,59766.0,48066.0,55202.125,15,0.9236376033196132,2,10,2013
2013-10-10,1376917.0,64136.0,46900.0,57371.541666666664,19,0.8945294634318739,3,10,2013
2013-10-11,1361407.0,62118.0,48161.0,56725.291666666664,11,0.9131860598645588,4,10,2013
2013-10-12,1241145.0,54568.0,47115.0,51714.375,12,0.9477051568684943,5,10,2013
2013-10-13,1136952.0,51494.0,44234.0,47373.0,20,0.9199712587874316,6,10,2013
2013-10-14,1312861.0,62685.0,42185.0,54702.541666666664,19,0.8726576001701629,0,10,2013
2013-10-15,1361658.0,62574.0,47622.0,56735.75,19,0.906698469012689,1,10,2013
2013-10-16,1354104.0,61498.0,48264.0,56421.0,19,0.9174444697388533,2,10,2013
2013-10-17,1365176.0,62394.0,48753.0,56882.333333333336,19,0.9116635146541868,3,10,2013
2013-10-18,1362913.0,61911.0,48943.0,56788.041666666664,19,0.9172528575966575,4,10,2013
2013-10-19,1261203.0,55528.0,48390.0,52550.125,11,0.946371650338568,5,10,2013
2013-10-20,1149551.0,51487.0,45015.0,47897.958333333336,20,0.9302922744252595,6,10,2013
2013-10-21,1311389.0,62099.0,43069.0,54641.208333333336,19,0.8799048025464715,0,10,2013
2013-10-22,1364077.0,62822.0,48508.0,56836.541666666664,19,0.9047235310347754,1,10,2013
2013-10-23,1364547.0,62185.0,48770.0,56856.125,19,0.9143061027578998,2,10,2013
2013-10-24,1368728.0,62777.0,48678.0,57030.333333333336,19,0.9084590428553982,3,10,2013
2013-10-25,1366840.0,62398.0,49096.0,56951.666666666664,19,0.9127162195369509,4,10,2013
2013-10-26,1258834.0,54801.0,48839.0,52451.416666666664,11,0.9571251741148276,5,10,2013
2013-10-27,1156825.0,51788.0,45884.0,48201.041666666664,20,0.9307376547977652,6,10,2013
2013-10-28,1336852.0,63155.0,44007.0,55702.166666666664,19,0.8819913968279102,0,10,2013
2013-10-29,1392156.0,63926.0,49780.0,58006.5,19,0.9074007446109564,1,10,2013
2013-10-30,1385753.0,62824.0,49957.0,57739.708333333336,19,0.919070869943546,2,10,2013
2013-10-31,1392431.0,63329.0,50056.0,58017.958333333336,19,0.9161357092853722,3,10,2013
2013-11-01,1361609.0,61066.0,49886.0,56733.708333333336,19,0.9290555846679549,4,11,2013
2013-11-02,1271604.0,55557.0,48542.0,52983.5,12,0.9536782043666865,5,11,2013
2013-11-03,1170044.0,52359.0,45882.0,48751.833333333336,23,0.9311070366762798,6,11,2013
2013-11-04,1338337.0,62623.0,44426.0,55764.041666666664,19,0.8904722173429357,0,11,2013
2013-11-05,1383948.0,62668.0,49962.0,57664.5,19,0.9201586136465182,1,11,2013
2013-11-06,1399526.0,62657.0,50089.0,58313.583333333336,17,0.9306794665134516,2,11,2013
2013-11-07,1389771.0,62671.0,50323.0,57907.125,19,0.9239859743741125,3,11,2013
2013-11-08,1400021.0,62796.0,50906.0,58334.208333333336,19,0.9289478363802366,4,11,2013
2013-11-09,1296811.0,55968.0,50593.0,54033.791666666664,11,0.9654408173718315,5,11,2013
2013-11-10,1194614.0,54144.0,47229.0,49775.583333333336,23,0.9193185456067771,6,11,2013
2013-11-11,1406863.0,65865.0,46955.0,58619.291666666664,19,0.8899915230648549,0,11,2013
2013-11-12,1471880.0,66426.0,53319.0,61328.333333333336,19,0.9232579612400768,1,11,2013
2013-11-13,1474140.0,66150.0,53856.0,61422.5,10,0.9285336356764928,2,11,2013
2013-11-14,1489098.0,67082.0,53976.0,62045.75,11,0.9249239736441967,3,11,2013
2013-11-15,1461074.0,65666.0,53581.0,60878.083333333336,10,0.9270868232164794,4,11,2013
2013-11-16,1350214.0,58986.0,53391.0,56258.916666666664,11,0.9537672781111902,5,11,2013
2013-11-17,1243036.0,56018.0,49319.0,51793.166666666664,23,0.9245807895081343,6,11,2013
2013-11-18,1482521.0,69316.0,48780.0,61771.708333333336,18,0.8911608911843346,0,11,2013
2013-11-19,1544296.0,69483.0,55885.0,64345.666666666664,18,0.9260634495727972,1,11,2013
2013-11-20,1543665.0,69837.0,56138.0,64319.375,10,0.9209928118332689,2,11,2013
2013-11-21,1536567.0,69400.0,56312.0,64023.625,10,0.9225306195965418,3,11,2013
2013-11-22,1520729.0,68915.0,56061.0,63363.708333333336,10,0.9194472659556459,4,11,2013
2013-11-23,1390859.0,60420.0,55382.0,57952.458333333336,11,0.9591601842656957,5,11,2013
2013-11-24,1267149.0,56221.0,50265.0,52797.875,1,0.9391130538410914,6,11,2013
2013-11-25,1477772.0,69053.0,48744.0,61573.833333333336,18,0.891689475233999,0,11,2013
2013-11-26,1545326.0,69943.0,55932.0,64388.583333333336,10,0.9205865252181539,1,11,2013
2013-11-27,1567516.0,71192.0,55872.0,65313.166666666664,11,0.9174228377720343,2,11,2013
2013-11-28,1603955.0,72686.0,58215.0,66831.45833333333,10,0.9194543424226581,3,11,2013
2013-11-29,1581294.0,72472.0,58230.0,65887.25,10,0.9091407716083453,4,11,2013
2013-11-30,1418177.0,62184.0,56893.0,59090.708333333336,11,0.9502558267936019,5,11,2013
2013-12-01,1282016.0,57856.0,50439.0,53417.333333333336,24,0.9232807890855458,6,12,2013
2013-12-02,1506047.0,69941.0,50745.0,62751.958333333336,11,0.8972127698107453,0,12,2013
2013-12-03,1530432.0,69642.0,55944.0,63768.0,10,0.9156543465150341,1,12,2013
2013-12-04,1531544.0,70241.0,55756.0,63814.333333333336,10,0.9085054787564718,2,12,2013
2013-12-05,1537624.0,69964.0,56041.0,64067.666666666664,10,0.9157233243763458,3,12,2013
2013-12-06,1534997.0,69939.0,56417.0,63958.208333333336,10,0.914485599355629,4,12,2013
2013-12-07,1410687.0,61430.0,56214.0,58778.625,11,0.9568390851375549,5,12,2013
2013-12-08,1290852.0,57802.0,50901.0,53785.5,1,0.9305127850247397,6,12,2013
2013-12-09,1514427.0,71012.0,50171.0,63101.125,11,0.8885980538500535,0,12,2013
2013-12-10,1556697.0,70932.0,56500.0,64862.375,10,0.9144303699317656,1,12,2013
2013-12-11,1582224.0,71706.0,56885.0,65926.0,11,0.9193930772878142,2,12,2013
2013-12-12,1603254.0,72898.0,58718.0,66802.25,10,0.9163797360695767,3,12,2013
2013-12-13,1620489.0,73917.0,58928.0,67520.375,11,0.9134620587956762,4,12,2013
2013-12-14,1483296.0,64733.0,59651.0,61804.0,11,0.9547525991379976,5,12,2013
2013-12-15,1358210.0,60957.0,53688.0,56592.083333333336,24,0.928393512366641,6,12,2013
2013-12-16,1604910.0,75681.0,54477.0,66871.25,11,0.8835936364477214,0,12,2013
2013-12-17,1624578.0,75108.0,59434.0,67690.75,11,0.9012455397560846,1,12,2013
2013-12-18,1590206.0,72991.0,58298.0,66258.58333333333,10,0.9077637425618683,2,12,2013
2013-12-19,1625910.0,74118.0,58260.0,67746.25,11,0.9140323538141882,3,12,2013
2013-12-20,1632742.0,74935.0,60244.0,68030.91666666667,11,0.907865705833945,4,12,2013
2013-12-21,1488032.0,65438.0,59272.0,62001.333333333336,11,0.9474820950110537,5,12,2013
2013-12-22,1363149.0,61367.0,53823.0,56797.875,1,0.9255442664624309,6,12,2013
2013-12-23,1573744.0,73629.0,53756.0,65572.66666666667,11,0.8905820623214585,0,12,2013
2013-12-24,1604123.0,74501.0,59482.0,66838.45833333333,10,0.897148472280014,1,12,2013
2013-12-25,1447428.0,63668.0,57859.0,60309.5,1,0.9472497958157944,2,12,2013
2013-12-26,1589155.0,73961.0,55550.0,66214.79166666667,11,0.8952663115245423,3,12,2013
2013-12-27,1620495.0,74675.0,59167.0,67520.625,11,0.9041931704050887,4,12,2013
2013-12-28,1496116.0,65478.0,59827.0,62338.166666666664,11,0.9520475070507142,5,12,2013
2013-12-29,1377010.0,61896.0,54601.0,57375.416666666664,1,0.9269648550256343,6,12,2013
2013-12-30,1523327.0,71415.0,54004.0,63471.958333333336,11,0.8887762841606572,0,12,2013
2013-12-31,1455955.0,67916.0,56331.0,60664.791666666664,10,0.8932326943086557,1,12,2013
2014-01-01,1243046.0,57526.0,47674.0,51793.583333333336,1,0.9003508558448934,2,1,2014
2014-01-02,1473867.0,68868.0,50458.0,61411.125,11,0.8917222077016902,3,1,2014
2014-01-03,1541382.0,71195.0,56596.0,64224.25,10,0.9020893321160194,4,1,2014
2014-01-04,1432457.0,62599.0,56827.0,59685.708333333336,11,0.9534610510285042,5,1,2014
2014-01-05,1328493.0,59580.0,52469.0,55353.875,24,0.9290680597515945,6,1,2014
2014-01-06,1551694.0,72948.0,53198.0,64653.916666666664,10,0.8863014293286542,0,1,2014
2014-01-07,1592586.0,73338.0,58369.0,66357.75,10,0.9048208295835719,1,1,2014
2014-01-08,1598149.0,73029.0,57725.0,66589.54166666667,11,0.9118232711206051,2,1,2014
2014-01-09,1662717.0,75555.0,60519.0,69279.875,10,0.916946264310767,3,1,2014
2014-01-10,1661358.0,76389.0,62391.0,69223.25,11,0.906193954626975,4,1,2014
2014-01-11,1499481.0,65783.0,60381.0,62478.375,11,0.9497647568520743,5,1,2014
2014-01-12,1374060.0,62125.0,54407.0,57252.5,24,0.9215694164989939,6,1,2014
2014-01-13,1622787.0,76173.0,55446.0,67616.125,11,0.887665248841453,0,1,2014
2014-01-14,1663664.0,76442.0,61707.0,69319.33333333333,10,0.9068226018855253,1,1,2014
2014-01-15,1651200.0,75939.0,61560.0,68800.0,10,0.905990334347305,2,1,2014
2014-01-16,1642340.0,75473.0,60905.0,68430.83333333333,11,0.9066929012141206,3,1,2014
2014-01-17,1627998.0,75359.0,60424.0,67833.25,10,0.9001346886237874,4,1,2014
2014-01-18,1509664.0,66275.0,60005.0,62902.666666666664,11,0.9491160568338991,5,1,2014
2014-01-19,1386228.0,62682.0,54732.0,57759.5,1,0.9214686831945375,6,1,2014
2014-01-20,1595180.0,75282.0,54108.0,66465.83333333333,11,0.8828914392993455,0,1,2014
2014-01-21,1668418.0,76751.0,60310.0,69517.41666666667,11,0.9057525851997585,1,1,2014
2014-01-22,1655342.0,76306.0,61756.0,68972.58333333333,10,0.9038946260232921,2,1,2014
2014-01-23,1637943.0,75362.0,60925.0,68247.625,10,0.9055973169501871,3,1,2014
2014-01-24,1596400.0,73391.0,60128.0,66516.66666666667,10,0.9063327474304298,4,1,2014
2014-01-25,1455339.0,64359.0,57120.0,60639.125,11,0.9422011684457496,5,1,2014
2014-01-26,1356763.0,61182.0,53865.0,56531.791666666664,24,0.9239938489533959,6,1,2014
2014-01-27,1559488.0,73444.0,54506.0,64978.666666666664,10,0.8847375778370822,0,1,2014
2014-01-28,1562477.0,71539.0,57835.0,65103.208333333336,10,0.9100379979218794,1,1,2014
2014-01-29,1470279.0,69659.0,56956.0,61261.625,10,0.8794502505060365,2,1,2014
2014-01-30,1178960.0,56440.0,46174.0,49123.333333333336,1,0.870363808173872,3,1,2014
2014-01-31,1067664.0,51068.0,38837.0,44486.0,24,0.8711130257695622,4,1,2014
2014-02-01,1103438.0,51521.0,42892.0,45976.583333333336,24,0.8923853056682389,5,2,2014
2014-02-02,1148481.0,53374.0,44450.0,47853.375,24,0.8965671487990408,6,2,2014
2014-02-03,1465144.0,68620.0,46690.0,61047.666666666664,11,0.8896483046730788,0,2,2014
2014-02-04,1638772.0,75443.0,58493.0,68282.16666666667,11,0.9050828660931654,1,2,2014
2014-02-05,1657167.0,77295.0,60774.0,69048.625,10,0.8933129568536128,2,2,2014
2014-02-06,1637289.0,76274.0,60125.0,68220.375,10,0.8944119228046254,3,2,2014
2014-02-07,1607658.0,74297.0,59530.0,66985.75,10,0.9015942770232984,4,2,2014
2014-02-08,1472712.0,65220.0,57824.0,61363.0,11,0.9408616988653787,5,2,2014
2014-02-09,1355131.0,60604.0,54226.0,56463.791666666664,24,0.9316842397641519,6,2,2014
2014-02-10,1578750.0,74404.0,53560.0,65781.25,11,0.8841090532767055,0,2,2014
2014-02-11,1607663.0,73982.0,59258.0,66985.95833333333,10,0.9054358943166355,1,2,2014
2014-02-12,1596144.0,73302.0,58928.0,66506.0,10,0.9072876592725982,2,2,2014
2014-02-13,1596683.0,73371.0,58660.0,66528.45833333333,10,0.9067405150990627,3,2,2014
2014-02-14,1576384.0,72398.0,58365.0,65682.66666666667,10,0.9072442148493974,4,2,2014
2014-02-15,1439094.0,62944.0,57048.0,59962.25,11,0.9526285269445857,5,2,2014
2014-02-16,1311311.0,58797.0,51505.0,54637.958333333336,1,0.9292643899065145,6,2,2014
2014-02-17,1519535.0,70900.0,51379.0,63313.958333333336,10,0.8930036436295252,0,2,2014
2014-02-18,1567619.0,71120.0,56666.0,65317.458333333336,10,0.9184119563179602,1,2,2014
2014-02-19,1568364.0,71872.0,57825.0,65348.5,10,0.9092344723953696,2,2,2014
2014-02-20,1571628.0,71641.0,58399.0,65484.5,10,0.9140645719629821,3,2,2014
2014-02-21,1562082.0,71428.0,58867.0,65086.75,10,0.9112217897743182,4,2,2014
2014-02-22,1434177.0,62750.0,57287.0,59757.375,11,0.9523087649402391,5,2,2014
2014-02-23,1302526.0,58631.0,51198.0,54271.916666666664,1,0.9256522431250817,6,2,2014
2014-02-24,1490061.0,69972.0,51549.0,62085.875,10,0.8872959898245012,0,2,2014
2014-02-25,1509075.0,69583.0,56011.0,62878.125,10,0.903642053375106,1,2,2014
2014-02-26,1506075.0,69420.0,55260.0,62753.125,10,0.9039631950446557,2,2,2014
2014-02-27,1478763.0,67342.0,55203.0,61615.125,10,0.9149583469454426,3,2,2014
2014-02-28,1477905.0,67179.0,54493.0,61579.375,10,0.9166461989609849,4,2,2014
2014-03-01,1353424.0,58850.0,53731.0,56392.666666666664,23,0.9582441234777683,5,3,2014
2014-03-02,1250457.0,56807.0,49274.0,52102.375,23,0.9171823014769307,6,3,2014
2014-03-03,1469783.0,68575.0,49777.0,61240.958333333336,10,0.893050795965488,0,3,2014
2014-03-04,1528061.0,69932.0,55505.0,63669.208333333336,10,0.9104445508970619,1,3,2014
2014-03-05,1540016.0,70162.0,55584.0,64167.333333333336,10,0.9145596381707097,2,3,2014
2014-03-06,1568706.0,71384.0,57227.0,65362.75,10,0.9156498655160821,3,3,2014
2014-03-07,1574561.0,72167.0,57626.0,65606.70833333333,10,0.9090956854702749,4,3,2014
2014-03-08,1436885.0,63537.0,56951.0,59870.208333333336,11,0.9422888762978002,5,3,2014
2014-03-09,1308831.0,58998.0,51837.0,54534.625,24,0.9243470117631106,6,3,2014
2014-03-10,1531935.0,71629.0,52208.0,63830.625,11,0.8911282441469237,0,3,2014
2014-03-11,1552494.0,70922.0,57391.0,64687.25,10,0.9120900425819914,1,3,2014
2014-03-12,1553462.0,70836.0,56150.0,64727.583333333336,11,0.9137667758390273,2,3,2014
2014-03-13,1559938.0,70934.0,55474.0,64997.416666666664,10,0.9163083523651093,3,3,2014
2014-03-14,1533765.0,68928.0,56626.0,63906.875,10,0.9271540593082637,4,3,2014
2014-03-15,1400099.0,61734.0,55379.0,58337.458333333336,11,0.9449810207233184,5,3,2014
2014-03-16,1238294.0,55703.0,48582.0,51595.583333333336,1,0.9262622001208792,6,3,2014
2014-03-17,1418894.0,65809.0,47962.0,59120.583333333336,10,0.898366231569137,0,3,2014
2014-03-18,1441445.0,65543.0,52015.0,60060.208333333336,10,0.9163481734637312,1,3,2014
2014-03-19,1466056.0,66737.0,52379.0,61085.666666666664,11,0.9153193380983062,2,3,2014
2014-03-20,1491157.0,67400.0,52895.0,62131.541666666664,10,0.921832962413452,3,3,2014
2014-03-21,1493805.0,67809.0,54827.0,62241.875,10,0.9178999100414399,4,3,2014
2014-03-22,1367612.0,59838.0,54104.0,56983.833333333336,11,0.9523017703354614,5,3,2014
2014-03-23,1233326.0,55419.0,48615.0,51388.583333333336,23,0.9272737388500936,6,3,2014
2014-03-24,1406025.0,64545.0,47685.0,58584.375,10,0.9076516383918196,0,3,2014
2014-03-25,1436637.0,64482.0,51377.0,59859.875,11,0.9283191433268199,1,3,2014
2014-03-26,1423338.0,64149.0,51248.0,59305.75,11,0.9244999922056463,2,3,2014
2014-03-27,1419768.0,64011.0,51483.0,59157.0,10,0.9241692834044148,3,3,2014
2014-03-28,1398795.0,62413.0,51051.0,58283.125,10,0.9338298912085623,4,3,2014
2014-03-29,1314698.0,58164.0,49827.0,54779.083333333336,11,0.9418039222428536,5,3,2014
2014-03-30,1187633.0,53354.0,46871.0,49484.708333333336,23,0.9274788831827667,6,3,2014
2014-03-31,1351854.0,62487.0,45216.0,56327.25,11,0.9014234960871861,0,3,2014
2014-04-01,1390184.0,62418.0,50363.0,57924.333333333336,20,0.9280068783577388,1,4,2014
2014-04-02,1387970.0,61890.0,50424.0,57832.083333333336,10,0.9344334033500297,2,4,2014
2014-04-03,1409377.0,63504.0,50419.0,58724.041666666664,20,0.9247298070462753,3,4,2014
2014-04-04,1425829.0,63757.0,52042.0,59409.541666666664,11,0.9318120624663435,4,4,2014
2014-04-05,1330850.0,57527.0,51982.0,55452.083333333336,11,0.9639314292998651,5,4,2014
2014-04-06,1215163.0,54598.0,48127.0,50631.791666666664,23,0.9273561607873304,6,4,2014
2014-04-07,1384567.0,63722.0,46872.0,57690.291666666664,11,0.9053433926535053,0,4,2014
2014-04-08,1412337.0,63010.0,51686.0,58847.375,20,0.9339370734803999,1,4,2014
2014-04-09,1408508.0,63343.0,51159.0,58687.833333333336,10,0.926508585531682,2,4,2014
2014-04-10,1408253.0,63345.0,50875.0,58677.208333333336,10,0.9263116004946458,3,4,2014
2014-04-11,1403307.0,63314.0,50931.0,58471.125,10,0.9235102031146349,4,4,2014
2014-04-12,1303548.0,57820.0,50247.0,54314.5,11,0.9393721895537877,5,4,2014
2014-04-13,1184968.0,53026.0,46869.0,49373.666666666664,23,0.9311218396006989,6,4,2014
2014-04-14,1349617.0,62272.0,45268.0,56234.041666666664,20,0.9030389527663583,0,4,2014
2014-04-15,1388610.0,62333.0,50270.0,57858.75,20,0.9282202043861197,1,4,2014
2014-04-16,1387482.0,61956.0,49726.0,57811.75,15,0.9331097875911938,2,4,2014
2014-04-17,1401065.0,63069.0,49994.0,58377.708333333336,20,0.9256165205304244,3,4,2014
2014-04-18,1395113.0,62898.0,50138.0,58129.708333333336,11,0.9241900908348968,4,4,2014
2014-04-19,1297390.0,57447.0,49753.0,54057.916666666664,11,0.9410050423288712,5,4,2014
2014-04-20,1172188.0,52591.0,46738.0,48841.166666666664,21,0.9286981929734491,6,4,2014
2014-04-21,1330463.0,61312.0,44214.0,55435.958333333336,20,0.9041616377435631,0,4,2014
2014-04-22,1372134.0,61699.0,49295.0,57172.25,20,0.9266317120212645,1,4,2014
2014-04-23,1366604.0,60966.0,49532.0,56941.833333333336,11,0.9339932640050739,2,4,2014
2014-04-24,1371535.0,61546.0,49313.0,57147.291666666664,20,0.9285297446896088,3,4,2014
2014-04-25,1365505.0,61166.0,49364.0,56896.041666666664,17,0.9301906560289485,4,4,2014
2014-04-26,1265065.0,55806.0,48612.0,52711.041666666664,11,0.9445407602527804,5,4,2014
2014-04-27,1166382.0,52100.0,45056.0,48599.25,21,0.9328071017274472,6,4,2014
2014-04-28,1349759.0,62596.0,43948.0,56239.958333333336,15,0.8984592998487657,0,4,2014
2014-04-29,1384153.0,62173.0,49309.0,57673.041666666664,11,0.9276219848916196,1,4,2014
2014-04-30,1363571.0,61294.0,48843.0,56815.458333333336,15,0.9269334410110832,2,4,2014
2014-05-01,1265438.0,55782.0,48538.0,52726.583333333336,21,0.9452257598030428,3,5,2014
2014-05-02,1297495.0,58473.0,46093.0,54062.291666666664,17,0.9245684617971827,4,5,2014
2014-05-03,1210051.0,52592.0,46830.0,50418.791666666664,12,0.9586779674982253,5,5,2014
2014-05-04,1119877.0,50506.0,44449.0,46661.541666666664,23,0.9238811560342665,6,5,2014
2014-05-05,1140838.0,52425.0,43099.0,47534.916666666664,23,0.9067223017008424,0,5,2014
2014-05-06,1193759.0,54460.0,44682.0,49739.958333333336,21,0.9133301199657241,1,5,2014
2014-05-07,1326246.0,59921.0,45702.0,55260.25,11,0.9222184209208791,2,5,2014
2014-05-08,1368562.0,61820.0,48735.0,57023.416666666664,11,0.9224104928286423,3,5,2014
2014-05-09,1362428.0,60847.0,49217.0,56767.833333333336,11,0.9329602664606856,4,5,2014
2014-05-10,1276189.0,56582.0,48893.0,53174.541666666664,11,0.9397784042039282,5,5,2014
2014-05-11,1165379.0,52256.0,45654.0,48557.458333333336,21,0.9292226411002246,6,5,2014
2014-05-12,1326701.0,61216.0,43845.0,55279.208333333336,15,0.9030189547395017,0,5,2014
2014-05-13,1371947.0,62149.0,48595.0,57164.458333333336,15,0.9197969127955934,1,5,2014
2014-05-14,1368331.0,62471.0,48307.0,57013.791666666664,15,0.9126441335446314,2,5,2014
2014-05-15,1370346.0,62172.0,48389.0,57097.75,15,0.9183836775397285,3,5,2014
2014-05-16,1369635.0,62471.0,48464.0,57068.125,15,0.9135138704358823,4,5,2014
2014-05-17,1272284.0,56689.0,48169.0,53011.833333333336,12,0.9351343882117048,5,5,2014
2014-05-18,1159405.0,52446.0,45081.0,48308.541666666664,21,0.9211101259708399,6,5,2014
2014-05-19,1330991.0,62956.0,43041.0,55457.958333333336,15,0.880900284855031,0,5,2014
2014-05-20,1378521.0,63090.0,48081.0,57438.375,15,0.9104196386115073,1,5,2014
2014-05-21,1372995.0,62891.0,48338.0,57208.125,15,0.9096392965607162,2,5,2014
2014-05-22,1378059.0,63560.0,48302.0,57419.125,17,0.9033845972309629,3,5,2014
2014-05-23,1378970.0,63549.0,48485.0,57457.083333333336,15,0.9041382765005481,4,5,2014
2014-05-24,1280501.0,57838.0,47716.0,53354.208333333336,15,0.9224767165761841,5,5,2014
2014-05-25,1163999.0,52266.0,44643.0,48499.958333333336,21,0.927944712305004,6,5,2014
2014-05-26,1329293.0,62708.0,42777.0,55387.208333333336,17,0.8832558578384471,0,5,2014
2014-05-27,1386943.0,64420.0,47800.0,57789.291666666664,15,0.8970706561109386,1,5,2014
2014-05-28,1406222.0,65865.0,48398.0,58592.583333333336,15,0.88958602191351,2,5,2014
2014-05-29,1418705.0,66574.0,48660.0,59112.708333333336,15,0.8879248405283344,3,5,2014
2014-05-30,1422995.0,67424.0,48714.0,59291.458333333336,15,0.8793820944075305,4,5,2014
2014-05-31,1327082.0,60914.0,48079.0,55295.083333333336,15,0.9077565638988301,5,5,2014
2014-06-01,1205976.0,54570.0,45162.0,50249.0,21,0.9208172988821697,6,6,2014
2014-06-02,1359982.0,64375.0,43544.0,56665.916666666664,15,0.8802472491909384,0,6,2014
2014-06-03,1385072.0,63465.0,48245.0,57711.333333333336,15,0.9093411066467082,1,6,2014
2014-06-04,1339879.0,61469.0,48405.0,55828.291666666664,15,0.9082349097376997,2,6,2014
2014-06-05,1364798.0,63187.0,47290.0,56866.583333333336,15,0.8999728319643809,3,6,2014
2014-06-06,1298051.0,58717.0,47526.0,54085.458333333336,15,0.921120941692071,4,6,2014
2014-06-07,1239461.0,55666.0,45650.0,51644.208333333336,15,0.927751380256051,5,6,2014
2014-06-08,1161267.0,52889.0,43911.0,48386.125,21,0.9148617860046513,6,6,2014
2014-06-09,1352136.0,64907.0,42615.0,56339.0,17,0.8679957477621828,0,6,2014
2014-06-10,1414319.0,66163.0,48624.0,58929.958333333336,15,0.8906784506950007,1,6,2014
2014-06-11,1398444.0,65006.0,48911.0,58268.5,15,0.8963557210103683,2,6,2014
2014-06-12,1400507.0,64857.0,48742.0,58354.458333333336,15,0.899740326153435,3,6,2014
2014-06-13,1396440.0,64400.0,48792.0,58185.0,15,0.9034937888198757,4,6,2014
2014-06-14,1301082.0,58813.0,48260.0,54211.75,15,0.9217647458895142,5,6,2014
2014-06-15,1192030.0,53962.0,44975.0,49667.916666666664,21,0.9204239403036705,6,6,2014
2014-06-16,1378906.0,66777.0,43270.0,57454.416666666664,15,0.8603923007422715,0,6,2014
2014-06-17,1439596.0,67326.0,49245.0,59983.166666666664,15,0.8909361415599718,1,6,2014
2014-06-18,1439018.0,67769.0,49346.0,59959.083333333336,15,0.8847567963719892,2,6,2014
2014-06-19,1430779.0,66800.0,49420.0,59615.791666666664,15,0.8924519710578842,3,6,2014
2014-06-20,1436970.0,67428.0,49408.0,59873.75,15,0.8879656819125585,4,6,2014
2014-06-21,1317456.0,59988.0,48765.0,54894.0,12,0.9150830166033207,5,6,2014
2014-06-22,1197235.0,53722.0,45286.0,49884.791666666664,21,0.9285728689674,6,6,2014
2014-06-23,1372726.0,65547.0,43825.0,57196.916666666664,15,0.8726092218814997,0,6,2014
2014-06-24,1424671.0,66595.0,48670.0,59361.291666666664,15,0.8913776059263708,1,6,2014
2014-06-25,1439496.0,67542.0,49600.0,59979.0,15,0.8880252287465576,2,6,2014
2014-06-26,1450686.0,68774.0,49353.0,60445.25,15,0.8788968214732311,3,6,2014
2014-06-27,1445775.0,68262.0,49555.0,60240.625,17,0.8824913568310334,4,6,2014
2014-06-28,1331950.0,61010.0,48730.0,55497.916666666664,12,0.9096527891602469,5,6,2014
2014-06-29,1218578.0,55503.0,45287.0,50774.083333333336,21,0.9147988997591722,6,6,2014
2014-06-30,1417383.0,69801.0,43902.0,59057.625,15,0.8460856577985989,0,6,2014
2014-07-01,1472574.0,71029.0,49076.0,61357.25,15,0.8638337862000028,1,7,2014
2014-07-02,1472448.0,70518.0,49946.0,61352.0,15,0.8700190022405627,2,7,2014
2014-07-03,1437937.0,66535.0,49878.0,59914.041666666664,15,0.9004890909546354,3,7,2014
2014-07-04,1455854.0,68944.0,49761.0,60660.583333333336,15,0.8798529724607411,4,7,2014
2014-07-05,1347065.0,61356.0,49539.0,56127.708333333336,12,0.9147876056674707,5,7,2014
2014-07-06,1222983.0,54855.0,46132.0,50957.625,21,0.9289513262236806,6,7,2014
2014-07-07,1422288.0,69831.0,43752.0,59262.0,15,0.8486488808695278,0,7,2014
2014-07-08,1490455.0,70523.0,49891.0,62102.291666666664,15,0.8805962830093256,1,7,2014
2014-07-09,1525219.0,72676.0,51007.0,63550.791666666664,12,0.8744398655218596,2,7,2014
2014-07-10,1536063.0,73566.0,51326.0,64002.625,15,0.8700027866133812,3,7,2014
2014-07-11,1515035.0,72310.0,50902.0,63126.458333333336,15,0.872997625962292,4,7,2014
2014-07-12,1384222.0,63830.0,50390.0,57675.916666666664,12,0.9035863491566138,5,7,2014
2014-07-13,1257590.0,57026.0,46921.0,52399.583333333336,21,0.9188718011667193,6,7,2014
2014-07-14,1469814.0,72580.0,45418.0,61242.25,15,0.843789611463213,0,7,2014
2014-07-15,1516783.0,72611.0,50801.0,63199.291666666664,15,0.8703817832927059,1,7,2014
2014-07-16,1517124.0,72607.0,50842.0,63213.5,15,0.8706254217912873,2,7,2014
2014-07-17,1511181.0,71498.0,51117.0,62965.875,15,0.8806662424123751,3,7,2014
2014-07-18,1503740.0,71605.0,51133.0,62655.833333333336,15,0.8750203663617532,4,7,2014
2014-07-19,1412677.0,65090.0,50632.0,58861.541666666664,15,0.9043100578685922,5,7,2014
2014-07-20,1313711.0,60592.0,47781.0,54737.958333333336,21,0.9033858980283426,6,7,2014
2014-07-21,1507834.0,74839.0,46195.0,62826.416666666664,15,0.8394876557231746,0,7,2014
2014-07-22,1543178.0,73590.0,51464.0,64299.083333333336,15,0.8737475653394936,1,7,2014
2014-07-23,1524693.0,71830.0,51662.0,63528.875,15,0.8844337324237783,2,7,2014
2014-07-24,1521094.0,71947.0,51122.0,63378.916666666664,15,0.8809111799889733,3,7,2014
2014-07-25,1571063.0,76054.0,51724.0,65460.958333333336,15,0.860716837159562,4,7,2014
2014-07-26,1389007.0,63452.0,51385.0,57875.291666666664,12,0.9121113860345877,5,7,2014
2014-07-27,1260778.0,57555.0,46598.0,52532.416666666664,21,0.9127341962760258,6,7,2014
2014-07-28,1432378.0,70263.0,45089.0,59682.416666666664,15,0.8494145804572345,0,7,2014
2014-07-29,1472876.0,70243.0,49347.0,61369.833333333336,15,0.8736789905518463,1,7,2014
2014-07-30,1511827.0,72841.0,49861.0,62992.791666666664,15,0.8647985566736682,2,7,2014
2014-07-31,1511149.0,72870.0,50233.0,62964.541666666664,15,0.8640667169845844,3,7,2014
2014-08-01,1455878.0,68690.0,49506.0,60661.583333333336,15,0.8831210268355414,4,8,2014
2014-08-02,1334351.0,60964.0,48577.0,55597.958333333336,12,0.9119801576886907,5,8,2014
2014-08-03,1244369.0,57167.0,45449.0,51848.708333333336,21,0.9069692013457648,6,8,2014
2014-08-04,1333714.0,62294.0,43954.0,55571.416666666664,15,0.8920829721428495,0,8,2014
2014-08-05,1386266.0,65788.0,45779.0,57761.083333333336,15,0.8779881336008594,1,8,2014
2014-08-06,1395470.0,66074.0,46800.0,58144.583333333336,15,0.879991877793585,2,8,2014
2014-08-07,1379301.0,64831.0,46860.0,57470.875,15,0.886472135243942,3,8,2014
2014-08-08,1373350.0,64948.0,46737.0,57222.916666666664,15,0.8810574100305886,4,8,2014
2014-08-09,1287714.0,59207.0,46463.0,53654.75,15,0.9062230817302008,5,8,2014
2014-08-10,1213607.0,54596.0,44994.0,50566.958333333336,21,0.9262026216816861,6,8,2014
2014-08-11,1388025.0,67540.0,43692.0,57834.375,15,0.8562981196328102,0,8,2014
2014-08-12,1463060.0,69977.0,49037.0,60960.833333333336,15,0.8711552843553358,1,8,2014
2014-08-13,1447849.0,68662.0,49115.0,60327.041666666664,15,0.8786088617673046,2,8,2014
2014-08-14,1409947.0,65015.0,49212.0,58747.791666666664,11,0.9036036555666641,3,8,2014
2014-08-15,1352498.0,61600.0,48798.0,56354.083333333336,15,0.9148390151515152,4,8,2014
2014-08-16,1309840.0,59837.0,47425.0,54576.666666666664,15,0.9120889527661257,5,8,2014
2014-08-17,1226788.0,55046.0,46014.0,51116.166666666664,21,0.9286081943586576,6,8,2014
2014-08-18,1385777.0,66232.0,44006.0,57740.708333333336,15,0.8717947266175464,0,8,2014
2014-08-19,1444783.0,67191.0,49273.0,60199.291666666664,15,0.8959427849960063,1,8,2014
2014-08-20,1462161.0,68596.0,49768.0,60923.375,15,0.8881476325150155,2,8,2014
2014-08-21,1465176.0,68283.0,50092.0,61049.0,15,0.8940585504444737,3,8,2014
2014-08-22,1453932.0,68320.0,49684.0,60580.5,15,0.8867169203747073,4,8,2014
2014-08-23,1349274.0,62159.0,49123.0,56219.75,15,0.9044506829260445,5,8,2014
2014-08-24,1250269.0,57285.0,46138.0,52094.541666666664,20,0.9093923656570946,6,8,2014
2014-08-25,1432069.0,69048.0,44860.0,59669.541666666664,15,0.8641748011045456,0,8,2014
2014-08-26,1484856.0,70689.0,49889.0,61869.0,15,0.8752281118703051,1,8,2014
2014-08-27,1458512.0,68670.0,49796.0,60771.333333333336,15,0.8849764574535217,2,8,2014
2014-08-28,1448248.0,68404.0,49408.0,60343.666666666664,15,0.8821657602869227,3,8,2014
2014-08-29,1446314.0,68468.0,49414.0,60263.083333333336,15,0.8801642129656677,4,8,2014
2014-08-30,1331477.0,60855.0,49023.0,55478.208333333336,15,0.9116458521622436,5,8,2014
2014-08-31,1222362.0,55541.0,46442.0,50931.75,20,0.9170117570803551,6,8,2014
2014-09-01,1410898.0,69406.0,43677.0,58787.416666666664,15,0.8470077034646379,0,9,2014
2014-09-02,1443536.0,67961.0,49411.0,60147.333333333336,15,0.8850271969708118,1,9,2014
2014-09-03,1434123.0,67408.0,49438.0,59755.125,15,0.8864693359838595,2,9,2014
2014-09-04,1444215.0,68156.0,48958.0,60175.625,15,0.882910161981337,3,9,2014
2014-09-05,1419502.0,67144.0,49378.0,59145.916666666664,15,0.8808816374756742,4,9,2014
2014-09-06,1241267.0,55141.0,47407.0,51719.458333333336,12,0.9379492271328654,5,9,2014
2014-09-07,1080720.0,48762.0,41154.0,45030.0,20,0.9234649932324351,6,9,2014
2014-09-08,982677.0,44934.0,37374.0,40944.875,20,0.9112225708817376,0,9,2014
2014-09-09,1014137.0,47665.0,36890.0,42255.708333333336,20,0.8865143886149865,1,9,2014
2014-09-10,1125011.0,54015.0,37627.0,46875.458333333336,20,0.8678229812706347,2,9,2014
2014-09-11,1330919.0,65262.0,41108.0,55454.958333333336,17,0.8497281470585231,3,9,2014
2014-09-12,1404404.0,65955.0,47861.0,58516.833333333336,15,0.8872236120587269,4,9,2014
2014-09-13,1311565.0,59351.0,48425.0,54648.541666666664,15,0.9207686756190572,5,9,2014
2014-09-14,1203879.0,55020.0,45752.0,50161.625,20,0.9116980189022174,6,9,2014
2014-09-15,1390776.0,66972.0,43876.0,57949.0,17,0.8652720539927133,0,9,2014
2014-09-16,1417774.0,66507.0,48773.0,59073.916666666664,15,0.8882360754005844,1,9,2014
2014-09-17,1403150.0,65050.0,48405.0,58464.583333333336,15,0.898763771457853,2,9,2014
2014-09-18,1405232.0,64944.0,48976.0,58551.333333333336,17,0.90156647778599,3,9,2014
2014-09-19,1395421.0,64544.0,48852.0,58142.541666666664,15,0.9008202414890101,4,9,2014
2014-09-20,1285193.0,57366.0,48358.0,53549.708333333336,12,0.933474677218794,5,9,2014
2014-09-21,1179076.0,53797.0,45092.0,49128.166666666664,20,0.9132138719011592,6,9,2014
2014-09-22,1362599.0,65691.0,43150.0,56774.958333333336,15,0.8642730105087962,0,9,2014
2014-09-23,1408812.0,65404.0,48760.0,58700.5,15,0.8975062687297413,1,9,2014
2014-09-24,1408462.0,64878.0,49174.0,58685.916666666664,12,0.9045580422742172,2,9,2014
2014-09-25,1411463.0,65682.0,48926.0,58810.958333333336,17,0.8953892745856298,3,9,2014
2014-09-26,1393264.0,64274.0,49029.0,58052.666666666664,17,0.9032060656978975,4,9,2014
2014-09-27,1284275.0,57263.0,48399.0,53511.458333333336,15,0.9344857645134439,5,9,2014
2014-09-28,1190532.0,54241.0,45426.0,49605.5,20,0.9145388174996774,6,9,2014
2014-09-29,1369475.0,65058.0,43769.0,57061.458333333336,15,0.8770859591953847,0,9,2014
2014-09-30,1392332.0,63847.0,48881.0,58013.833333333336,15,0.908638359411301,1,9,2014
2014-10-01,1369594.0,62630.0,48291.0,57066.416666666664,17,0.9111674383948054,2,10,2014
2014-10-02,1374614.0,62948.0,48126.0,57275.583333333336,17,0.9098872614433078,3,10,2014
2014-10-03,1281628.0,56747.0,48299.0,53401.166666666664,20,0.9410394675783154,4,10,2014
2014-10-04,1207682.0,53237.0,45661.0,50320.083333333336,20,0.9452088459780479,5,10,2014
2014-10-05,1113314.0,50793.0,43216.0,46388.083333333336,20,0.9132770919877411,6,10,2014
2014-10-06,1316886.0,62404.0,42573.0,54870.25,19,0.8792745657329658,0,10,2014
2014-10-07,1369132.0,63184.0,48488.0,57047.166666666664,19,0.9028736177935341,1,10,2014
2014-10-08,1364934.0,61945.0,48802.0,56872.25,19,0.9181088061990476,2,10,2014
2014-10-09,1321631.0,59045.0,49101.0,55067.958333333336,19,0.9326438874304909,3,10,2014
2014-10-10,1357917.0,62372.0,47888.0,56579.875,19,0.9071358141473739,4,10,2014
2014-10-11,1257512.0,54877.0,47993.0,52396.333333333336,19,0.9547958768397203,5,10,2014
2014-10-12,1170722.0,52890.0,45083.0,48780.083333333336,20,0.9222931240940316,6,10,2014
2014-10-13,1345565.0,63509.0,43729.0,56065.208333333336,19,0.8827915466049432,0,10,2014
2014-10-14,1379804.0,63399.0,49350.0,57491.833333333336,19,0.9068255545565913,1,10,2014
2014-10-15,1379705.0,62626.0,49612.0,57487.708333333336,19,0.9179527406082671,2,10,2014
2014-10-16,1389621.0,63575.0,49840.0,57900.875,19,0.9107491152182462,3,10,2014
2014-10-17,1389169.0,62550.0,50732.0,57882.041666666664,19,0.9253723687716493,4,10,2014
2014-10-18,1284139.0,55517.0,50122.0,53505.791666666664,20,0.9637731085373249,5,10,2014
2014-10-19,1181597.0,53074.0,46640.0,49233.208333333336,20,0.9276332730401579,6,10,2014
2014-10-20,1372667.0,64184.0,44415.0,57194.458333333336,19,0.8911014946611825,0,10,2014
2014-10-21,1421640.0,64634.0,50121.0,59235.0,19,0.9164681127579911,1,10,2014
2014-10-22,1411839.0,63678.0,50718.0,58826.625,19,0.9238139545840007,2,10,2014
2014-10-23,1404539.0,64120.0,50748.0,58522.458333333336,19,0.9127020950301519,3,10,2014
2014-10-24,1401895.0,63436.0,50761.0,58412.291666666664,19,0.9208066660361098,4,10,2014
2014-10-25,1296653.0,56092.0,50430.0,54027.208333333336,11,0.9631891951318073,5,10,2014
2014-10-26,1188016.0,53111.0,46959.0,49500.666666666664,19,0.9320228703407328,6,10,2014
2014-10-27,1353600.0,64128.0,44566.0,56400.0,19,0.8794910179640718,0,10,2014
2014-10-28,1419545.0,64811.0,51006.0,59147.708333333336,19,0.9126183569661529,1,10,2014
2014-10-29,1424170.0,63902.0,51692.0,59340.416666666664,19,0.9286159535956099,2,10,2014
2014-10-30,1425445.0,64653.0,51405.0,59393.541666666664,19,0.9186509777839647,3,10,2014
2014-10-31,1430367.0,64278.0,51148.0,59598.625,11,0.9272009863405831,4,10,2014
2014-11-01,1298764.0,56233.0,50467.0,54115.166666666664,11,0.9623382474110693,5,11,2014
2014-11-02,1196169.0,53691.0,46643.0,49840.375,23,0.9282817418189269,6,11,2014
2014-11-03,1376958.0,63871.0,45843.0,57373.25,19,0.8982676018850495,0,11,2014
2014-11-04,1419258.0,64057.0,51895.0,59135.75,19,0.9231738920024354,1,11,2014
2014-11-05,1416593.0,63214.0,51642.0,59024.708333333336,19,0.9337284198647979,2,11,2014
2014-11-06,1423048.0,64014.0,51369.0,59293.666666666664,19,0.9262609220899595,3,11,2014
2014-11-07,1425404.0,63577.0,51806.0,59391.833333333336,19,0.9341716868259486,4,11,2014
2014-11-08,1325433.0,57532.0,51590.0,55226.375,11,0.9599244768129042,5,11,2014
2014-11-09,1210211.0,54438.0,47848.0,50425.458333333336,23,0.9262915304260505,6,11,2014
2014-11-10,1395118.0,64539.0,46990.0,58129.916666666664,19,0.9006944121642211,0,11,2014
2014-11-11,1440519.0,64580.0,52685.0,60021.625,19,0.9294150665840818,1,11,2014
2014-11-12,1462322.0,65941.0,52199.0,60930.083333333336,19,0.9240090889330361,2,11,2014
2014-11-13,1524974.0,69007.0,54762.0,63540.583333333336,19,0.9207846063925882,3,11,2014
2014-11-14,1513014.0,68655.0,55555.0,63042.25,10,0.918247032262763,4,11,2014
2014-11-15,1388605.0,60196.0,55081.0,57858.541666666664,11,0.9611692083637894,5,11,2014
2014-11-16,1266384.0,56052.0,49904.0,52766.0,23,0.9413758652679655,6,11,2014
2014-11-17,1459343.0,67858.0,48247.0,60805.958333333336,18,0.8960764881566409,0,11,2014
2014-11-18,1513048.0,68121.0,54959.0,63043.666666666664,10,0.9254659600808365,1,11,2014
2014-11-19,1520164.0,69334.0,55386.0,63340.166666666664,10,0.9135513120066153,2,11,2014
2014-11-20,1502000.0,67975.0,55211.0,62583.333333333336,10,0.9206816231457644,3,11,2014
2014-11-21,1488931.0,67839.0,54767.0,62038.791666666664,10,0.9145003857171636,4,11,2014
2014-11-22,1378945.0,59676.0,53955.0,57456.041666666664,11,0.9627998134370043,5,11,2014
2014-11-23,1268097.0,56032.0,50842.0,52837.375,23,0.942985704597373,6,11,2014
2014-11-24,1469643.0,68325.0,48516.0,61235.125,11,0.8962330772045372,0,11,2014
2014-11-25,1496197.0,67793.0,54109.0,62341.541666666664,10,0.9195867075755116,1,11,2014
2014-11-26,1481162.0,67069.0,53728.0,61715.083333333336,10,0.9201730059093371,2,11,2014
2014-11-27,1480874.0,67129.0,54056.0,61703.083333333336,10,0.9191717936113056,3,11,2014
2014-11-28,1500676.0,68433.0,53593.0,62528.166666666664,11,0.913713656666618,4,11,2014
2014-11-29,1361603.0,58884.0,53769.0,56733.458333333336,11,0.9634783359373231,5,11,2014
2014-11-30,1266435.0,55881.0,50008.0,52768.125,23,0.9442945723949107,6,11,2014
2014-12-01,1509860.0,72007.0,48449.0,62910.833333333336,18,0.873676633290282,0,12,2014
2014-12-02,1628286.0,74227.0,58495.0,67845.25,18,0.9140238727147804,1,12,2014
2014-12-03,1633085.0,74641.0,59342.0,68045.20833333333,11,0.9116331283521567,2,12,2014
2014-12-04,1646706.0,74965.0,59407.0,68612.75,11,0.9152637897685587,3,12,2014
2014-12-05,1666042.0,75608.0,60749.0,69418.41666666667,10,0.9181358674567066,4,12,2014
2014-12-06,1537225.0,67124.0,61360.0,64051.041666666664,11,0.9542196780088592,5,12,2014
2014-12-07,1412106.0,62896.0,56438.0,58837.75,1,0.9354768188756042,6,12,2014
2014-12-08,1622979.0,75976.0,55508.0,67624.125,11,0.8900721938506897,0,12,2014
2014-12-09,1672413.0,76994.0,61043.0,69683.875,10,0.9050559134478011,1,12,2014
2014-12-10,1645435.0,75726.0,60496.0,68559.79166666667,10,0.905366606801715,2,12,2014
2014-12-11,1641792.0,74831.0,59029.0,68408.0,18,0.9141665887132339,3,12,2014
2014-12-12,1662107.0,76682.0,60848.0,69254.45833333333,10,0.9031383940603183,4,12,2014
2014-12-13,1531408.0,66955.0,60758.0,63808.666666666664,11,0.9530082393647474,5,12,2014
2014-12-14,1414548.0,63231.0,56039.0,58939.5,1,0.9321298097452199,6,12,2014
2014-12-15,1635090.0,77587.0,55564.0,68128.75,11,0.8780949128075579,0,12,2014
2014-12-16,1694705.0,77950.0,59706.0,70612.70833333333,18,0.9058718195424417,1,12,2014
2014-12-17,1742373.0,80154.0,63226.0,72598.875,11,0.905742383411932,2,12,2014
2014-12-18,1741721.0,78892.0,64365.0,72571.70833333333,11,0.9198867861549122,3,12,2014
2014-12-19,1719764.0,79619.0,64170.0,71656.83333333333,11,0.8999966507157001,4,12,2014
2014-12-20,1535253.0,67176.0,61206.0,63968.875,11,0.952257874836251,5,12,2014
2014-12-21,1438990.0,64686.0,56817.0,59957.916666666664,24,0.9269071617763761,6,12,2014
2014-12-22,1673457.0,79156.0,57777.0,69727.375,11,0.8808855298398099,0,12,2014
2014-12-23,1684175.0,77981.0,62498.0,70173.95833333333,10,0.8998853353167224,1,12,2014
2014-12-24,1628300.0,74969.0,60649.0,67845.83333333333,10,0.9049851716487258,2,12,2014
2014-12-25,1497764.0,65667.0,59703.0,62406.833333333336,24,0.9503530438931782,3,12,2014
2014-12-26,1613005.0,74911.0,58351.0,67208.54166666667,10,0.8971785407572542,4,12,2014
2014-12-27,1494607.0,65458.0,60453.0,62275.291666666664,11,0.9513778555205882,5,12,2014
2014-12-28,1391863.0,61769.0,55670.0,57994.291666666664,1,0.9388899232085134,6,12,2014
2014-12-29,1572163.0,74198.0,54589.0,65506.791666666664,10,0.8828646549322983,0,12,2014
2014-12-30,1567631.0,72542.0,58068.0,65317.958333333336,10,0.9004157361712296,1,12,2014
2014-12-31,1524704.0,71745.0,57446.0,63529.333333333336,11,0.8854879550259019,2,12,2014
2015-01-01,1346548.0,61739.0,52225.0,56106.166666666664,24,0.9087637743835608,3,1,2015
2015-01-02,1535596.0,69797.0,55099.0,63983.166666666664,11,0.9167036787636527,4,1,2015
2015-01-03,1472260.0,64079.0,59499.0,61344.166666666664,11,0.957320911166945,5,1,2015
2015-01-04,1361602.0,61203.0,53840.0,56733.416666666664,24,0.9269711724370809,6,1,2015
2015-01-05,1581051.0,75118.0,54572.0,65877.125,11,0.8769818818392396,0,1,2015
2015-01-06,1632980.0,74547.0,58156.0,68040.83333333333,10,0.9127239638527819,1,1,2015
2015-01-07,1686738.0,77597.0,61577.0,70280.75,10,0.9057147827879943,2,1,2015
2015-01-08,1693323.0,77796.0,62438.0,70555.125,10,0.9069248418941848,3,1,2015
2015-01-09,1676199.0,77107.0,62336.0,69841.625,11,0.9057754159803909,4,1,2015
2015-01-10,1514689.0,66147.0,61465.0,63112.041666666664,1,0.9541179746121012,5,1,2015
2015-01-11,1385476.0,62260.0,54520.0,57728.166666666664,24,0.9272111575115108,6,1,2015
2015-01-12,1632659.0,76899.0,55878.0,68027.45833333333,10,0.8846338487279851,0,1,2015
2015-01-13,1661690.0,77150.0,61510.0,69237.08333333333,10,0.8974346511125513,1,1,2015
2015-01-14,1643495.0,76363.0,59972.0,68478.95833333333,11,0.8967557368533626,2,1,2015
2015-01-15,1623420.0,74662.0,59854.0,67642.5,10,0.9059829632209155,3,1,2015
2015-01-16,1647062.0,75615.0,60166.0,68627.58333333333,11,0.9075921884987546,4,1,2015
2015-01-17,1520009.0,66531.0,60779.0,63333.708333333336,11,0.9519428286563156,5,1,2015
2015-01-18,1398641.0,62801.0,55253.0,58276.708333333336,1,0.9279582862268648,6,1,2015
2015-01-19,1601823.0,74564.0,54442.0,66742.625,11,0.8951052116302773,0,1,2015
2015-01-20,1648447.0,76235.0,60902.0,68685.29166666667,10,0.9009679499792309,1,1,2015
2015-01-21,1637628.0,75544.0,59805.0,68234.5,11,0.903241819337075,2,1,2015
2015-01-22,1615237.0,73723.0,59265.0,67301.54166666667,10,0.9128974901545878,3,1,2015
2015-01-23,1610976.0,73957.0,59776.0,67124.0,10,0.9076084751950457,4,1,2015
2015-01-24,1462877.0,64081.0,58848.0,60953.208333333336,1,0.9511900303262018,5,1,2015
2015-01-25,1354613.0,60041.0,54597.0,56442.208333333336,1,0.9400610971391772,6,1,2015
2015-01-26,1552996.0,73232.0,52097.0,64708.166666666664,11,0.8836050724637681,0,1,2015
2015-01-27,1624981.0,74412.0,58143.0,67707.54166666667,10,0.9099008448458135,1,1,2015
2015-01-28,1649620.0,76557.0,60455.0,68734.16666666667,10,0.8978168771851911,2,1,2015
2015-01-29,1651041.0,76407.0,60095.0,68793.375,11,0.9003543523499156,3,1,2015
2015-01-30,1638809.0,75223.0,59781.0,68283.70833333333,10,0.9077503999220096,4,1,2015
2015-01-31,1509114.0,66124.0,60658.0,62879.75,11,0.9509368761720404,5,1,2015
2015-02-01,1376597.0,61909.0,53751.0,57358.208333333336,1,0.9264922439925267,6,2,2015
2015-02-02,1605103.0,76071.0,54809.0,66879.29166666667,11,0.8791693505628514,0,2,2015
2015-02-03,1644311.0,76039.0,60518.0,68512.95833333333,10,0.9010239263185119,1,2,2015
2015-02-04,1636417.0,75795.0,59864.0,68184.04166666667,10,0.8995849550322141,2,2,2015
2015-02-05,1643587.0,75568.0,60316.0,68482.79166666667,10,0.9062406265438634,3,2,2015
2015-02-06,1628155.0,75326.0,60697.0,67839.79166666667,10,0.9006158785368488,4,2,2015
2015-02-07,1492013.0,66074.0,59541.0,62167.208333333336,11,0.940872481359284,5,2,2015
2015-02-08,1419661.0,64160.0,56778.0,59152.541666666664,24,0.9219535795926849,6,2,2015
2015-02-09,1676507.0,78790.0,57929.0,69854.45833333333,11,0.8865904091043703,0,2,2015
2015-02-10,1650700.0,75019.0,61527.0,68779.16666666667,10,0.9168232936544964,1,2,2015
2015-02-11,1621062.0,74650.0,59948.0,67544.25,10,0.9048124581379773,2,2,2015
2015-02-12,1638253.0,74263.0,59699.0,68260.54166666667,10,0.9191729618607741,3,2,2015
2015-02-13,1642453.0,75325.0,61071.0,68435.54166666667,10,0.9085368956743003,4,2,2015
2015-02-14,1507170.0,66381.0,60237.0,62798.75,11,0.9460350100179268,5,2,2015
2015-02-15,1382293.0,60953.0,55959.0,57595.541666666664,1,0.9449172586528418,6,2,2015
2015-02-16,1545492.0,72707.0,52706.0,64395.5,11,0.8856850096964529,0,2,2015
2015-02-17,1488280.0,69509.0,56476.0,62011.666666666664,10,0.8921386678943254,1,2,2015
2015-02-18,1221197.0,58143.0,48124.0,50883.208333333336,1,0.8751390250474406,2,2,2015
2015-02-19,1091517.0,52266.0,39707.0,45479.875,24,0.8701617686450083,3,2,2015
2015-02-20,1131140.0,52756.0,43757.0,47130.833333333336,24,0.8933738974397857,4,2,2015
2015-02-21,1196241.0,54759.0,45756.0,49843.375,24,0.9102316514180318,5,2,2015
2015-02-22,1241531.0,57926.0,47102.0,51730.458333333336,24,0.8930438548032548,6,2,2015
2015-02-23,1511170.0,71663.0,50826.0,62965.416666666664,10,0.8786321625757596,0,2,2015
2015-02-24,1549520.0,71195.0,56944.0,64563.333333333336,10,0.9068520729451975,1,2,2015
2015-02-25,1544298.0,71105.0,56775.0,64345.75,10,0.9049398776457351,2,2,2015
2015-02-26,1556405.0,70678.0,56072.0,64850.208333333336,10,0.9175444739994529,3,2,2015
2015-02-27,1600944.0,73371.0,58684.0,66706.0,11,0.9091602949394175,4,2,2015
2015-02-28,1464154.0,64908.0,58364.0,61006.416666666664,11,0.9398905630533473,5,2,2015
2015-03-01,1330126.0,59786.0,52885.0,55421.916666666664,23,0.9270049286901058,6,3,2015
2015-03-02,1532012.0,71982.0,52892.0,63833.833333333336,10,0.8868027191983181,0,3,2015
2015-03-03,1603487.0,74129.0,56552.0,66811.95833333333,11,0.9012931286451096,1,3,2015
2015-03-04,1631246.0,74815.0,59001.0,67968.58333333333,10,0.9084887166120875,2,3,2015
2015-03-05,1623150.0,74289.0,59801.0,67631.25,10,0.9103804062512619,3,3,2015
2015-03-06,1586623.0,73317.0,59123.0,66109.29166666667,10,0.9016911721247005,4,3,2015
2015-03-07,1427579.0,62615.0,56639.0,59482.458333333336,11,0.9499713859831245,5,3,2015
2015-03-08,1289516.0,57792.0,50327.0,53729.833333333336,1,0.9297105712440015,6,3,2015
2015-03-09,1507393.0,70053.0,49754.0,62808.041666666664,20,0.8965788997854005,0,3,2015
2015-03-10,1641144.0,75375.0,59014.0,68381.0,10,0.9072106135986733,1,3,2015
2015-03-11,1609443.0,73483.0,59529.0,67060.125,10,0.912593729161847,2,3,2015
2015-03-12,1589739.0,72718.0,58861.0,66239.125,10,0.9109041090239005,3,3,2015
2015-03-13,1563879.0,71828.0,57283.0,65161.625,10,0.9071897449462605,4,3,2015
2015-03-14,1419061.0,61622.0,56811.0,59127.541666666664,11,0.9595200036783399,5,3,2015
2015-03-15,1287279.0,57815.0,50486.0,53636.625,23,0.9277285306581337,6,3,2015
2015-03-16,1467866.0,69413.0,50547.0,61161.083333333336,10,0.8811185704887173,0,3,2015
2015-03-17,1493330.0,68242.0,54800.0,62222.083333333336,10,0.911785752664537,1,3,2015
2015-03-18,1508710.0,68802.0,53250.0,62862.916666666664,10,0.91367862368342,2,3,2015
2015-03-19,1467652.0,66798.0,53930.0,61152.166666666664,10,0.9154790063574757,3,3,2015
2015-03-20,1446183.0,66148.0,53111.0,60257.625,10,0.9109515782790107,4,3,2015
2015-03-21,1324125.0,57464.0,52311.0,55171.875,10,0.9601119831546707,5,3,2015
2015-03-22,1218391.0,55520.0,47933.0,50766.291666666664,23,0.9143784522094139,6,3,2015
2015-03-23,1445165.0,66568.0,48374.0,60215.208333333336,20,0.9045668839883028,0,3,2015
2015-03-24,1497644.0,67669.0,54749.0,62401.833333333336,10,0.9221627825641481,1,3,2015
2015-03-25,1492736.0,67829.0,55296.0,62197.333333333336,10,0.9169725830151312,2,3,2015
2015-03-26,1478183.0,66899.0,54583.0,61590.958333333336,10,0.9206558892260472,3,3,2015
2015-03-27,1466033.0,66385.0,54098.0,61084.708333333336,10,0.9201582937912681,4,3,2015
2015-03-28,1336695.0,57762.0,53391.0,55695.625,10,0.9642260482670267,5,3,2015
2015-03-29,1214397.0,54591.0,48558.0,50599.875,23,0.9268904214980491,6,3,2015
2015-03-30,1384983.0,63670.0,46883.0,57707.625,10,0.9063550337678655,0,3,2015
2015-03-31,1450258.0,65746.0,51174.0,60427.416666666664,11,0.9191040773076181,1,3,2015
2015-04-01,1444717.0,65584.0,51209.0,60196.541666666664,11,0.9178540751809384,2,4,2015
2015-04-02,1442898.0,64708.0,52119.0,60120.75,10,0.9291084564505162,3,4,2015
2015-04-03,1432135.0,65030.0,51696.0,59672.291666666664,10,0.917611743297965,4,4,2015
2015-04-04,1318399.0,56498.0,51354.0,54933.291666666664,11,0.972305066846024,5,4,2015
2015-04-05,1223253.0,54596.0,48089.0,50968.875,23,0.9335642721078468,6,4,2015
2015-04-06,1420515.0,65749.0,46521.0,59188.125,11,0.9002133112290681,0,4,2015
2015-04-07,1471841.0,66436.0,52636.0,61326.708333333336,10,0.9230945320810003,1,4,2015
2015-04-08,1472099.0,66582.0,53182.0,61337.458333333336,10,0.9212318394360839,2,4,2015
2015-04-09,1458809.0,65751.0,53331.0,60783.708333333336,10,0.9244529867733318,3,4,2015
2015-04-10,1436204.0,64409.0,53055.0,59841.833333333336,10,0.9290911725587004,4,4,2015
2015-04-11,1308587.0,56499.0,52226.0,54524.458333333336,1,0.9650517413287552,5,4,2015
2015-04-12,1205478.0,54000.0,48297.0,50228.25,23,0.9301527777777778,6,4,2015
2015-04-13,1407175.0,64956.0,46230.0,58632.291666666664,11,0.9026462785064762,0,4,2015
2015-04-14,1459840.0,65786.0,51981.0,60826.666666666664,10,0.9246141529606097,1,4,2015
2015-04-15,1435547.0,65086.0,52563.0,59814.458333333336,10,0.9190065195792234,2,4,2015
2015-04-16,1449224.0,65211.0,52002.0,60384.333333333336,15,0.925983857529149,3,4,2015
2015-04-17,1423254.0,63104.0,52956.0,59302.25,10,0.9397542152636917,4,4,2015
2015-04-18,1310231.0,56800.0,51729.0,54592.958333333336,11,0.9611436326291081,5,4,2015
2015-04-19,1218770.0,54102.0,47389.0,50782.083333333336,23,0.9386359715598931,6,4,2015
2015-04-20,1404551.0,65618.0,46044.0,58522.958333333336,11,0.8918735458766396,0,4,2015
2015-04-21,1416530.0,63196.0,52091.0,59022.083333333336,10,0.9339528345675887,1,4,2015
2015-04-22,1410306.0,62719.0,51462.0,58762.75,10,0.9369210287153813,2,4,2015
2015-04-23,1405939.0,62522.0,51468.0,58580.791666666664,10,0.9369628557414457,3,4,2015
2015-04-24,1389174.0,61939.0,50842.0,57882.25,10,0.9345041088813187,4,4,2015
2015-04-25,1272470.0,55101.0,50105.0,53019.583333333336,11,0.962225428455624,5,4,2015
2015-04-26,1164115.0,52441.0,46339.0,48504.791666666664,21,0.9249402503130502,6,4,2015
2015-04-27,1337578.0,61897.0,44123.0,55732.416666666664,17,0.9004057816480066,0,4,2015
2015-04-28,1385359.0,62730.0,48948.0,57723.291666666664,15,0.9201863807853764,1,4,2015
2015-04-29,1398128.0,63540.0,49120.0,58255.333333333336,11,0.9168292938831183,2,4,2015
2015-04-30,1379421.0,62204.0,49424.0,57475.875,15,0.923990016719182,3,4,2015
2015-05-01,1251750.0,54959.0,48310.0,52156.25,21,0.9490028930657399,4,5,2015
2015-05-02,1196316.0,53086.0,45033.0,49846.5,21,0.9389763779527559,5,5,2015
2015-05-03,1145997.0,51611.0,43803.0,47749.875,21,0.9251879444304508,6,5,2015
2015-05-04,1252813.0,57053.0,42811.0,52200.541666666664,20,0.9149482352666234,0,5,2015
2015-05-05,1228456.0,55179.0,46727.0,51185.666666666664,21,0.9276294725650458,1,5,2015
2015-05-06,1336279.0,61056.0,45586.0,55678.291666666664,17,0.9119217057564639,2,5,2015
2015-05-07,1364515.0,61489.0,48786.0,56854.791666666664,17,0.9246335387901359,3,5,2015
2015-05-08,1365817.0,62005.0,48736.0,56909.041666666664,15,0.9178137515791737,4,5,2015
2015-05-09,1264378.0,55800.0,48410.0,52682.416666666664,11,0.944129330943847,5,5,2015
2015-05-10,1152632.0,52096.0,45283.0,48026.333333333336,21,0.9218813984438985,6,5,2015
2015-05-11,1334330.0,62407.0,43265.0,55597.083333333336,17,0.8908789612276401,0,5,2015
2015-05-12,1370926.0,61499.0,49044.0,57121.916666666664,20,0.9288267559906123,1,5,2015
2015-05-13,1371072.0,62025.0,48969.0,57128.0,17,0.9210479645304313,2,5,2015
2015-05-14,1390598.0,63827.0,48797.0,57941.583333333336,17,0.9077911124341319,3,5,2015
2015-05-15,1396710.0,64069.0,49308.0,58196.25,15,0.9083371053083394,4,5,2015
2015-05-16,1270537.0,56217.0,48615.0,52939.041666666664,11,0.9416909772251573,5,5,2015
2015-05-17,1157766.0,52474.0,45247.0,48240.25,21,0.9193171856538476,6,5,2015
2015-05-18,1337424.0,62864.0,43146.0,55726.0,15,0.8864532960040723,0,5,2015
2015-05-19,1386952.0,63092.0,48647.0,57789.666666666664,17,0.915958705805279,1,5,2015
2015-05-20,1376565.0,62147.0,49041.0,57356.875,15,0.9229226672244839,2,5,2015
2015-05-21,1388880.0,63145.0,49237.0,57870.0,17,0.9164621110143321,3,5,2015
2015-05-22,1386714.0,63627.0,49067.0,57779.75,15,0.9081011205934587,4,5,2015
2015-05-23,1276870.0,56701.0,48488.0,53202.916666666664,12,0.9383064966520285,5,5,2015
2015-05-24,1157191.0,51931.0,45002.0,48216.291666666664,21,0.9284683843304897,6,5,2015
2015-05-25,1223823.0,56379.0,43174.0,50992.625,21,0.9044613242519378,0,5,2015
2015-05-26,1375348.0,65143.0,45600.0,57306.166666666664,17,0.879697997738309,1,5,2015
2015-05-27,1407415.0,66092.0,48436.0,58642.291666666664,17,0.8872827523250418,2,5,2015
2015-05-28,1423703.0,66923.0,48736.0,59320.958333333336,17,0.8864061433787089,3,5,2015
2015-05-29,1425025.0,67107.0,49080.0,59376.041666666664,15,0.8847965438280159,4,5,2015
2015-05-30,1299294.0,58526.0,48814.0,54137.25,11,0.9250119604961897,5,5,2015
2015-05-31,1182108.0,53681.0,45232.0,49254.5,21,0.9175406568432034,6,5,2015
2015-06-01,1363999.0,65718.0,43365.0,56833.291666666664,17,0.864805558091644,0,6,2015
2015-06-02,1416396.0,66172.0,48850.0,59016.5,15,0.8918651393338572,1,6,2015
2015-06-03,1405205.0,65327.0,49002.0,58550.208333333336,17,0.8962635408534502,2,6,2015
2015-06-04,1414075.0,66264.0,49054.0,58919.791666666664,15,0.8891674463761117,3,6,2015
2015-06-05,1380839.0,63284.0,48852.0,57534.958333333336,11,0.9091548943387481,4,6,2015
2015-06-06,1269246.0,56114.0,48097.0,52885.25,15,0.942460883202053,5,6,2015
2015-06-07,1179584.0,53713.0,44622.0,49149.333333333336,21,0.915036086856689,6,6,2015
2015-06-08,1366129.0,65474.0,43368.0,56922.041666666664,17,0.8693839030251194,0,6,2015
2015-06-09,1420933.0,66364.0,49013.0,59205.541666666664,17,0.8921334106845076,1,6,2015
2015-06-10,1443147.0,68573.0,49389.0,60131.125,15,0.8768921441383635,2,6,2015
2015-06-11,1442842.0,67071.0,49734.0,60118.416666666664,15,0.8963399482140816,3,6,2015
2015-06-12,1446272.0,67843.0,50348.0,60261.333333333336,17,0.88824688373647,4,6,2015
2015-06-13,1334531.0,60698.0,49418.0,55605.458333333336,15,0.9161003382868189,5,6,2015
2015-06-14,1217639.0,55037.0,46084.0,50734.958333333336,21,0.9218336452447142,6,6,2015
2015-06-15,1417682.0,69112.0,44567.0,59070.083333333336,15,0.854700823783617,0,6,2015
2015-06-16,1463594.0,69508.0,49835.0,60983.083333333336,16,0.8773534461261054,1,6,2015
2015-06-17,1448871.0,68766.0,49891.0,60369.625,15,0.8778993252479423,2,6,2015
2015-06-18,1454059.0,68456.0,49686.0,60585.791666666664,16,0.8850326000155817,3,6,2015
2015-06-19,1444837.0,68273.0,49789.0,60201.541666666664,15,0.8817767150508498,4,6,2015
2015-06-20,1308554.0,59363.0,49176.0,54523.083333333336,12,0.9184691362184076,5,6,2015
2015-06-21,1205332.0,54945.0,45386.0,50222.166666666664,21,0.9140443473776807,6,6,2015
2015-06-22,1394616.0,67716.0,44101.0,58109.0,15,0.8581280642684151,0,6,2015
2015-06-23,1452541.0,69046.0,49309.0,60522.541666666664,17,0.8765539157469899,1,6,2015
2015-06-24,1461355.0,69882.0,49907.0,60889.791666666664,15,0.8713229682417026,2,6,2015
2015-06-25,1455393.0,68538.0,49854.0,60641.375,15,0.8847847179666755,3,6,2015
2015-06-26,1431843.0,66006.0,50016.0,59660.125,15,0.9038591188679816,4,6,2015
2015-06-27,1320772.0,59267.0,49501.0,55032.166666666664,12,0.9285465211106799,5,6,2015
2015-06-28,1210423.0,55007.0,45331.0,50434.291666666664,21,0.916870428612116,6,6,2015
2015-06-29,1409370.0,69381.0,43951.0,58723.75,15,0.8463952667156714,0,6,2015
2015-06-30,1443808.0,68545.0,49036.0,60158.666666666664,15,0.8776521506552872,1,6,2015
2015-07-01,1428569.0,67370.0,49063.0,59523.708333333336,15,0.883534337736876,2,7,2015
2015-07-02,1438991.0,68058.0,49140.0,59957.958333333336,15,0.8809832544790228,3,7,2015
2015-07-03,1434851.0,67572.0,49658.0,59785.458333333336,15,0.8847667426350165,4,7,2015
2015-07-04,1297982.0,58508.0,48478.0,54082.583333333336,15,0.9243621954832388,5,7,2015
2015-07-05,1204415.0,54730.0,45159.0,50183.958333333336,21,0.9169369328217309,6,7,2015
2015-07-06,1401865.0,68718.0,43872.0,58411.041666666664,15,0.8500107929023933,0,7,2015
2015-07-07,1437916.0,67267.0,49417.0,59913.166666666664,15,0.8906769540289691,1,7,2015
2015-07-08,1440687.0,67481.0,49793.0,60028.625,15,0.8895633585750063,2,7,2015
2015-07-09,1467240.0,69524.0,49981.0,61135.0,15,0.879336631954433,3,7,2015
2015-07-10,1499150.0,71612.0,50255.0,62464.583333333336,15,0.872264192221043,4,7,2015
2015-07-11,1408457.0,65687.0,50046.0,58685.708333333336,15,0.8934143488564456,5,7,2015
2015-07-12,1272746.0,57062.0,47268.0,53031.083333333336,21,0.9293590013202014,6,7,2015
2015-07-13,1418700.0,67906.0,45023.0,59112.5,17,0.8705048154802226,0,7,2015
2015-07-14,1493914.0,72249.0,49581.0,62246.416666666664,15,0.8615540238157852,1,7,2015
2015-07-15,1516013.0,73691.0,50257.0,63167.208333333336,15,0.8571902719916046,2,7,2015
2015-07-16,1460662.0,69032.0,50005.0,60860.916666666664,15,0.8816333970718894,3,7,2015
2015-07-17,1419690.0,67045.0,49078.0,59153.75,15,0.8822992020284883,4,7,2015
2015-07-18,1320178.0,60151.0,48629.0,55007.416666666664,15,0.9144888142618853,5,7,2015
2015-07-19,1238097.0,57172.0,45700.0,51587.375,21,0.9023188798712657,6,7,2015
2015-07-20,1465515.0,72128.0,44948.0,61063.125,15,0.8465939025066548,0,7,2015
2015-07-21,1530796.0,73302.0,50915.0,63783.166666666664,15,0.8701422425945631,1,7,2015
2015-07-22,1553730.0,74740.0,51392.0,64738.75,15,0.8661861118544287,2,7,2015
2015-07-23,1562439.0,75266.0,51873.0,65101.625,15,0.8649539632769112,3,7,2015
2015-07-24,1526034.0,71742.0,51687.0,63584.75,12,0.8862974268908032,4,7,2015
2015-07-25,1403791.0,64202.0,50861.0,58491.291666666664,12,0.9110509278007953,5,7,2015
2015-07-26,1304757.0,60454.0,47288.0,54364.875,21,0.8992767227974989,6,7,2015
2015-07-27,1505826.0,73976.0,46079.0,62742.75,15,0.848150075700227,0,7,2015
2015-07-28,1573160.0,76179.0,51283.0,65548.33333333333,15,0.8604514805042509,1,7,2015
2015-07-29,1567256.0,74624.0,51543.0,65302.333333333336,15,0.8750848699256718,2,7,2015
2015-07-30,1586689.0,76696.0,51584.0,66112.04166666667,15,0.8620011691179028,3,7,2015
2015-07-31,1544424.0,74429.0,51662.0,64351.0,15,0.8645957892756856,4,7,2015
2015-08-01,1371564.0,62162.0,49315.0,57148.5,15,0.9193478330813037,5,8,2015
2015-08-02,1289879.0,60346.0,46128.0,53744.958333333336,21,0.8906134347485059,6,8,2015
2015-08-03,1378171.0,65735.0,45185.0,57423.791666666664,17,0.8735649451078826,0,8,2015
2015-08-04,1407699.0,67177.0,46350.0,58654.125,17,0.8731280795510368,1,8,2015
2015-08-05,1453711.0,69924.0,47311.0,60571.291666666664,17,0.8662446608698968,2,8,2015
2015-08-06,1534813.0,75159.0,48514.0,63950.541666666664,15,0.850870044394772,3,8,2015
2015-08-07,1571390.0,76916.0,50667.0,65474.583333333336,15,0.8512478981399623,4,8,2015
2015-08-08,1457260.0,69683.0,51279.0,60719.166666666664,12,0.8713626948705806,5,8,2015
2015-08-09,1350506.0,62661.0,48329.0,56271.083333333336,21,0.898024023448929,6,8,2015
2015-08-10,1546153.0,76504.0,47695.0,64423.041666666664,15,0.8420872329115688,0,8,2015
2015-08-11,1576303.0,76028.0,52497.0,65679.29166666667,15,0.8638829334806476,1,8,2015
2015-08-12,1535923.0,73511.0,51240.0,63996.791666666664,17,0.8705743584860315,2,8,2015
2015-08-13,1548437.0,74160.0,51622.0,64518.208333333336,15,0.8699866280115067,3,8,2015
2015-08-14,1477923.0,69377.0,51185.0,61580.125,15,0.8876158525159635,4,8,2015
2015-08-15,1406172.0,64512.0,50201.0,58590.5,15,0.9082108754960317,5,8,2015
2015-08-16,1317439.0,59581.0,48083.0,54893.291666666664,20,0.921322093732342,6,8,2015
2015-08-17,1506537.0,74469.0,45970.0,62772.375,17,0.8429329653949966,0,8,2015
2015-08-18,1568654.0,75600.0,51827.0,65360.583333333336,15,0.8645579805996473,1,8,2015
2015-08-19,1563486.0,75218.0,52253.0,65145.25,15,0.8660859102874312,2,8,2015
2015-08-20,1556858.0,74079.0,52371.0,64869.083333333336,15,0.8756743926528886,3,8,2015
2015-08-21,1526862.0,72231.0,51960.0,63619.25,15,0.8807748750536474,4,8,2015
2015-08-22,1403821.0,64772.0,50816.0,58492.541666666664,12,0.9030528880792111,5,8,2015
2015-08-23,1290594.0,59361.0,47509.0,53774.75,20,0.9058936001751992,6,8,2015
2015-08-24,1491759.0,73542.0,45997.0,62156.625,15,0.8451854042587909,0,8,2015
2015-08-25,1462464.0,68423.0,50976.0,60936.0,11,0.8905777297107698,1,8,2015
2015-08-26,1448637.0,67939.0,49431.0,60359.875,15,0.8884422055078821,2,8,2015
2015-08-27,1476539.0,69840.0,49925.0,61522.458333333336,15,0.8809057607865598,3,8,2015
2015-08-28,1482404.0,70617.0,50191.0,61766.833333333336,15,0.8746737093523278,4,8,2015
2015-08-29,1363746.0,62100.0,49776.0,56822.75,15,0.9150201288244767,5,8,2015
2015-08-30,1264004.0,57913.0,46802.0,52666.833333333336,20,0.9094129700297573,6,8,2015
2015-08-31,1470345.0,72639.0,45278.0,61264.375,15,0.8434088437340822,0,8,2015
2015-09-01,1517330.0,72991.0,50856.0,63222.083333333336,15,0.8661627232581186,1,9,2015
2015-09-02,1512132.0,72236.0,51272.0,63005.5,15,0.872217453901102,2,9,2015
2015-09-03,1511603.0,71937.0,51009.0,62983.458333333336,15,0.8755363489349477,3,9,2015
2015-09-04,1509110.0,72121.0,51048.0,62879.583333333336,15,0.8718623332085431,4,9,2015
2015-09-05,1368129.0,62551.0,50658.0,57005.375,12,0.9113423446467682,5,9,2015
2015-09-06,1223944.0,55172.0,46437.0,50997.666666666664,20,0.9243396408806399,6,9,2015
2015-09-07,1402955.0,68207.0,44240.0,58456.458333333336,17,0.8570448536562719,0,9,2015
2015-09-08,1435614.0,67206.0,49686.0,59817.25,17,0.8900581793292266,1,9,2015
2015-09-09,1430319.0,67573.0,49323.0,59596.625,17,0.881959140485105,2,9,2015
2015-09-10,1444842.0,67993.0,49471.0,60201.75,17,0.8854109981909902,3,9,2015
2015-09-11,1449861.0,67735.0,50444.0,60410.875,15,0.8918708939248542,4,9,2015
2015-09-12,1313746.0,59147.0,49162.0,54739.416666666664,11,0.9254808640618571,5,9,2015
2015-09-13,1185693.0,53986.0,45719.0,49403.875,20,0.9151238283999555,6,9,2015
2015-09-14,1384442.0,66672.0,43881.0,57685.083333333336,17,0.8652070334373251,0,9,2015
2015-09-15,1429424.0,66393.0,49546.0,59559.333333333336,17,0.8970724825408302,1,9,2015
2015-09-16,1424694.0,66232.0,49679.0,59362.25,17,0.8962774791641502,2,9,2015
2015-09-17,1432941.0,66608.0,49941.0,59705.875,17,0.8963769367042997,3,9,2015
2015-09-18,1428526.0,66562.0,49797.0,59521.916666666664,17,0.8942326953316707,4,9,2015
2015-09-19,1325780.0,59505.0,49675.0,55240.833333333336,15,0.9283393552362547,5,9,2015
2015-09-20,1224104.0,55707.0,46228.0,51004.333333333336,20,0.9155821231323413,6,9,2015
2015-09-21,1404030.0,67755.0,44729.0,58501.25,17,0.863423363589403,0,9,2015
2015-09-22,1451616.0,68297.0,49905.0,60484.0,17,0.8856025886935004,1,9,2015
2015-09-23,1438410.0,66815.0,49974.0,59933.75,15,0.8970104018558707,2,9,2015
2015-09-24,1438439.0,67067.0,49782.0,59934.958333333336,17,0.8936579589564665,3,9,2015
2015-09-25,1357914.0,62960.0,49479.0,56579.75,11,0.8986618487928844,4,9,2015
2015-09-26,1099126.0,49043.0,43712.0,45796.916666666664,1,0.9338114851592819,5,9,2015
2015-09-27,976416.0,44389.0,38139.0,40684.0,20,0.9165333753857938,6,9,2015
2015-09-28,1016465.0,47846.0,37504.0,42352.708333333336,20,0.8851880686647439,0,9,2015
2015-09-29,1091002.0,52106.0,38503.0,45458.416666666664,20,0.8724219219795545,1,9,2015
2015-09-30,1291620.0,61103.0,41149.0,53817.5,15,0.8807669017887829,2,9,2015
2015-10-01,1395220.0,65322.0,47257.0,58134.166666666664,17,0.8899630548156312,3,10,2015
2015-10-02,1370819.0,62303.0,48807.0,57117.458333333336,19,0.9167689891872516,4,10,2015
2015-10-03,1275454.0,55982.0,48647.0,53143.916666666664,20,0.9493036452192967,5,10,2015
2015-10-04,1173444.0,53269.0,45230.0,48893.5,20,0.9178602939796129,6,10,2015
2015-10-05,1344806.0,63691.0,43906.0,56033.583333333336,19,0.8797723906569741,0,10,2015
2015-10-06,1399108.0,64572.0,49194.0,58296.166666666664,19,0.9028087509550062,1,10,2015
2015-10-07,1400979.0,64311.0,49527.0,58374.125,17,0.9076849217085724,2,10,2015
2015-10-08,1394374.0,63497.0,49382.0,58098.916666666664,19,0.9149867972765117,3,10,2015
2015-10-09,1313359.0,58063.0,49481.0,54723.291666666664,20,0.9424812990487343,4,10,2015
2015-10-10,1239608.0,54244.0,47226.0,51650.333333333336,19,0.9521851879163288,5,10,2015
2015-10-11,1172688.0,52812.0,45379.0,48862.0,20,0.9252063924865561,6,10,2015
2015-10-12,1344691.0,63312.0,44540.0,56028.791666666664,19,0.8849632244545531,0,10,2015
2015-10-13,1392222.0,63812.0,50177.0,58009.25,19,0.9090649094214255,1,10,2015
2015-10-14,1400998.0,63625.0,50299.0,58374.916666666664,19,0.9174839554682384,2,10,2015
2015-10-15,1405507.0,64576.0,50177.0,58562.791666666664,19,0.9068816846299966,3,10,2015
2015-10-16,1405668.0,63790.0,50278.0,58569.5,19,0.9181611537858598,4,10,2015
2015-10-17,1292277.0,56043.0,49900.0,53844.875,11,0.9607778848384276,5,10,2015
2015-10-18,1184528.0,53494.0,45974.0,49355.333333333336,20,0.9226330678830025,6,10,2015
2015-10-19,1352665.0,64033.0,44297.0,56361.041666666664,19,0.8801874293983831,0,10,2015
2015-10-20,1407546.0,65040.0,49695.0,58647.75,19,0.9017181734317343,1,10,2015
2015-10-21,1408555.0,64102.0,49835.0,58689.791666666664,19,0.9155688070055016,2,10,2015
2015-10-22,1403520.0,64211.0,49997.0,58480.0,19,0.9107473797324446,3,10,2015
2015-10-23,1390971.0,63199.0,49580.0,57957.125,19,0.9170576274941059,4,10,2015
2015-10-24,1278000.0,55946.0,48772.0,53250.0,11,0.9518106745790583,5,10,2015
2015-10-25,1168001.0,52758.0,45539.0,48666.708333333336,20,0.9224517292796037,6,10,2015
2015-10-26,1348386.0,63891.0,44208.0,56182.75,19,0.8793531170274373,0,10,2015
2015-10-27,1406640.0,64385.0,49574.0,58610.0,19,0.9103051953094665,1,10,2015
2015-10-28,1400762.0,63356.0,50630.0,58365.083333333336,19,0.9212242460593051,2,10,2015
2015-10-29,1411802.0,64520.0,50662.0,58825.083333333336,19,0.9117340876214094,3,10,2015
2015-10-30,1417560.0,64239.0,50960.0,59065.0,19,0.9194570276623235,4,10,2015
2015-10-31,1316101.0,56721.0,51948.0,54837.541666666664,19,0.9667943383696808,5,10,2015
2015-11-01,1226023.0,54224.0,48524.0,51084.291666666664,19,0.9420974414773285,6,11,2015
2015-11-02,1388212.0,64439.0,46674.0,57842.166666666664,19,0.8976266960484592,0,11,2015
2015-11-03,1430236.0,64524.0,52139.0,59593.166666666664,19,0.9235814064017522,1,11,2015
2015-11-04,1429600.0,64007.0,52291.0,59566.666666666664,10,0.930627379297056,2,11,2015
2015-11-05,1423322.0,63626.0,51934.0,59305.083333333336,10,0.9320888211318225,3,11,2015
2015-11-06,1426551.0,63785.0,51746.0,59439.625,18,0.9318746570510308,4,11,2015
2015-11-07,1331537.0,58830.0,50997.0,55480.708333333336,12,0.9430683041532099,5,11,2015
2015-11-08,1227288.0,54089.0,47644.0,51137.0,19,0.9454232838469929,6,11,2015
2015-11-09,1398753.0,65021.0,45995.0,58281.375,18,0.8963469494471017,0,11,2015
2015-11-10,1445507.0,65234.0,51644.0,60229.458333333336,19,0.9232832316481181,1,11,2015
2015-11-11,1436463.0,64221.0,52121.0,59852.625,10,0.9319790255523894,2,11,2015
2015-11-12,1437318.0,64451.0,52231.0,59888.25,19,0.9292059083644939,3,11,2015
2015-11-13,1458107.0,66214.0,51811.0,60754.458333333336,11,0.9175470192607807,4,11,2015
2015-11-14,1329169.0,57776.0,51986.0,55382.041666666664,11,0.9585648308409489,5,11,2015
2015-11-15,1222467.0,54480.0,47972.0,50936.125,23,0.9349508994126284,6,11,2015
2015-11-16,1411010.0,65914.0,46395.0,58792.083333333336,18,0.8919513810925348,0,11,2015
2015-11-17,1445556.0,65056.0,51789.0,60231.5,11,0.92584081406788,1,11,2015
2015-11-18,1469265.0,66812.0,51898.0,61219.375,17,0.916293106028857,2,11,2015
2015-11-19,1474443.0,66358.0,52843.0,61435.125,18,0.9258133910003316,3,11,2015
2015-11-20,1453591.0,65527.0,52769.0,60566.291666666664,10,0.9242952014691145,4,11,2015
2015-11-21,1350682.0,58603.0,52794.0,56278.416666666664,11,0.9603333731492699,5,11,2015
2015-11-22,1235348.0,54692.0,49103.0,51472.833333333336,23,0.9411400814256808,6,11,2015
2015-11-23,1437045.0,66940.0,46971.0,59876.875,18,0.89448573349268,0,11,2015
2015-11-24,1493427.0,67791.0,53054.0,62226.125,18,0.9179113009101503,1,11,2015
2015-11-25,1530826.0,70103.0,53975.0,63784.416666666664,11,0.909867147863382,2,11,2015
2015-11-26,1591069.0,73301.0,55661.0,66294.54166666667,18,0.904415242174959,3,11,2015
2015-11-27,1610361.0,73965.0,58153.0,67098.375,11,0.9071638612857432,4,11,2015
2015-11-28,1453058.0,63822.0,57212.0,60544.083333333336,11,0.9486397062663867,5,11,2015
2015-11-29,1329526.0,58656.0,53270.0,55396.916666666664,1,0.94443734088016,6,11,2015
2015-11-30,1516900.0,70678.0,50848.0,63204.166666666664,10,0.8942551666242206,0,11,2015
2015-12-01,1566026.0,72117.0,57015.0,65251.083333333336,10,0.9047947548197143,1,12,2015
2015-12-02,1571771.0,71955.0,55981.0,65490.458333333336,11,0.9101585481666783,2,12,2015
2015-12-03,1618961.0,73871.0,57372.0,67456.70833333333,11,0.9131690153555974,3,12,2015
2015-12-04,1625220.0,74655.0,59179.0,67717.5,10,0.9070725336548121,4,12,2015
2015-12-05,1447699.0,62921.0,57450.0,60320.791666666664,11,0.958675031653449,5,12,2015
2015-12-06,1338568.0,59924.0,53308.0,55773.666666666664,24,0.9307400485058852,6,12,2015
2015-12-07,1568164.0,73760.0,52788.0,65340.166666666664,10,0.8858482465654374,0,12,2015
2015-12-08,1591412.0,73169.0,57699.0,66308.83333333333,10,0.9062421699535778,1,12,2015
2015-12-09,1577740.0,73300.0,57804.0,65739.16666666667,10,0.8968508412914962,2,12,2015
2015-12-10,1572486.0,72052.0,56308.0,65520.25,11,0.9093467218120247,3,12,2015
2015-12-11,1559054.0,71554.0,56252.0,64960.583333333336,10,0.907853975086415,4,12,2015
2015-12-12,1421885.0,61903.0,56612.0,59245.208333333336,11,0.957065220317809,5,12,2015
2015-12-13,1307344.0,58055.0,51793.0,54472.666666666664,24,0.9382941463554675,6,12,2015
2015-12-14,1534800.0,71845.0,50663.0,63950.0,11,0.8901106548820377,0,12,2015
2015-12-15,1570313.0,71928.0,56016.0,65429.708333333336,10,0.9096556046787528,1,12,2015
2015-12-16,1614617.0,73369.0,57163.0,67275.70833333333,10,0.9169500515658293,2,12,2015
2015-12-17,1663462.0,76340.0,59563.0,69310.91666666667,10,0.9079239804383897,3,12,2015
2015-12-18,1670152.0,77282.0,60699.0,69589.66666666667,10,0.9004641011706047,4,12,2015
2015-12-19,1486380.0,65145.0,59652.0,61932.5,11,0.9506869291580321,5,12,2015
2015-12-20,1378322.0,60678.0,55488.0,57430.083333333336,1,0.9464729116538669,6,12,2015
2015-12-21,1580184.0,75526.0,53059.0,65841.0,11,0.8717660143526732,0,12,2015
2015-12-22,1601366.0,74781.0,58271.0,66723.58333333333,10,0.8922531569962067,1,12,2015
2015-12-23,1569778.0,72896.0,56694.0,65407.416666666664,10,0.8972703120427276,2,12,2015
2015-12-24,1568819.0,72706.0,56961.0,65367.458333333336,10,0.8990655287504928,3,12,2015
2015-12-25,1428938.0,62658.0,56891.0,59539.083333333336,24,0.9502231691616926,4,12,2015
2015-12-26,1386902.0,61301.0,54194.0,57787.583333333336,24,0.9426858180671333,5,12,2015
2015-12-27,1351930.0,61544.0,53579.0,56330.416666666664,24,0.9152868950127822,6,12,2015
2015-12-28,1616397.0,75834.0,54568.0,67349.875,10,0.8881224121106628,0,12,2015
2015-12-29,1646047.0,76087.0,59962.0,68585.29166666667,10,0.9014061753869475,1,12,2015
2015-12-30,1602072.0,74257.0,59490.0,66753.0,10,0.8989455539545094,2,12,2015
2015-12-31,1499473.0,69887.0,56987.0,62478.041666666664,10,0.893986602181617,3,12,2015
2016-01-01,1284820.0,59662.0,49450.0,53534.166666666664,1,0.897290849563653,4,1,2016
2016-01-02,1288206.0,58562.0,50528.0,53675.25,24,0.916554250196373,5,1,2016
2016-01-03,1288884.0,58280.0,50915.0,53703.5,24,0.9214739190116679,6,1,2016
2016-01-04,1529879.0,71516.0,50822.0,63744.958333333336,10,0.8913384184424931,0,1,2016
2016-01-05,1642845.0,76909.0,58255.0,68451.875,11,0.8900372518170825,1,1,2016
2016-01-06,1653620.0,76602.0,59950.0,68900.83333333333,10,0.8994652010826523,2,1,2016
2016-01-07,1662826.0,76531.0,60193.0,69284.41666666667,10,0.9053117908647041,3,1,2016
2016-01-08,1664238.0,76982.0,60757.0,69343.25,10,0.9007722584500273,4,1,2016
2016-01-09,1511908.0,66036.0,60451.0,62996.166666666664,11,0.9539670280856906,5,1,2016
2016-01-10,1378322.0,61698.0,54375.0,57430.083333333336,24,0.9308256885690515,6,1,2016
2016-01-11,1627908.0,76764.0,54797.0,67829.5,10,0.8836108071491845,0,1,2016
2016-01-12,1690359.0,78291.0,61222.0,70431.625,10,0.89961330165664,1,1,2016
2016-01-13,1701171.0,78819.0,61716.0,70882.125,10,0.8993025158908385,2,1,2016
2016-01-14,1690806.0,78269.0,61801.0,70450.25,10,0.9001041280711393,3,1,2016
2016-01-15,1663544.0,77494.0,61155.0,69314.33333333333,10,0.8944477421907931,4,1,2016
2016-01-16,1511258.0,66852.0,60350.0,62969.083333333336,11,0.9419177187418976,5,1,2016
2016-01-17,1391399.0,61528.0,55910.0,57974.958333333336,24,0.9422532559701816,6,1,2016
2016-01-18,1664511.0,78462.0,53997.0,69354.625,18,0.883926295531595,0,1,2016
2016-01-19,1778284.0,82123.0,64014.0,74095.16666666667,11,0.9022462241596955,1,1,2016
2016-01-20,1776029.0,81861.0,64958.0,74001.20833333333,11,0.9039861268898906,2,1,2016
2016-01-21,1773037.0,82972.0,64551.0,73876.54166666667,11,0.8903791841424417,3,1,2016
2016-01-22,1759752.0,80802.0,64761.0,73323.0,11,0.9074404098908443,4,1,2016
2016-01-23,1624048.0,71326.0,63658.0,67668.66666666667,11,0.9487237005673481,5,1,2016
2016-01-24,1528431.0,67807.0,61332.0,63684.625,24,0.9392042856932176,6,1,2016
2016-01-25,1759534.0,82811.0,61189.0,73313.91666666667,11,0.8853161617015454,0,1,2016
2016-01-26,1759914.0,81877.0,64732.0,73329.75,11,0.8956086568877707,1,1,2016
2016-01-27,1712525.0,79191.0,63392.0,71355.20833333333,11,0.9010519924402183,2,1,2016
2016-01-28,1724720.0,80274.0,62322.0,71863.33333333333,11,0.8952255192631902,3,1,2016
2016-01-29,1691817.0,78730.0,61603.0,70492.375,11,0.8953686650577924,4,1,2016
2016-01-30,1526983.0,67071.0,60593.0,63624.291666666664,11,0.9486110489878884,5,1,2016
2016-01-31,1424741.0,63782.0,56833.0,59364.208333333336,24,0.9307360749636784,6,1,2016
2016-02-01,1686044.0,79041.0,56797.0,70251.83333333333,11,0.8888024358666177,0,2,2016
2016-02-02,1734135.0,80020.0,63506.0,72255.625,10,0.9029695701074731,1,2,2016
2016-02-03,1716698.0,79833.0,63462.0,71529.08333333333,10,0.8959839080747727,2,2,2016
2016-02-04,1694008.0,78046.0,62491.0,70583.66666666667,10,0.9043854478982482,3,2,2016
2016-02-05,1646052.0,76775.0,62149.0,68585.5,10,0.893331162487789,4,2,2016
2016-02-06,1437080.0,64785.0,56388.0,59878.333333333336,1,0.9242623035167606,5,2,2016
2016-02-07,1260980.0,60053.0,47871.0,52540.833333333336,1,0.8749077204025334,6,2,2016
2016-02-08,1145143.0,54354.0,41629.0,47714.291666666664,1,0.8778432436741852,0,2,2016
2016-02-09,1179828.0,56144.0,45544.0,49159.5,24,0.8755966799658023,1,2,2016
2016-02-10,1276638.0,58442.0,49708.0,53193.25,24,0.9101887341295644,2,2,2016
2016-02-11,1503132.0,71422.0,51475.0,62630.5,11,0.8769076755061466,3,2,2016
2016-02-12,1542849.0,72165.0,54654.0,64285.375,11,0.8908109887064366,4,2,2016
2016-02-13,1395753.0,61690.0,54339.0,58156.375,11,0.9427196466201978,5,2,2016
2016-02-14,1354341.0,62099.0,51836.0,56430.875,24,0.9087243755938099,6,2,2016
2016-02-15,1633136.0,76750.0,54993.0,68047.33333333333,11,0.8866102062975026,0,2,2016
2016-02-16,1671605.0,77048.0,60738.0,69650.20833333333,11,0.9039846372823866,1,2,2016
2016-02-17,1634441.0,75386.0,60350.0,68101.70833333333,10,0.9033734159304556,2,2,2016
2016-02-18,1620803.0,74491.0,59539.0,67533.45833333333,11,0.9065988956160251,3,2,2016
2016-02-19,1604086.0,73525.0,58423.0,66836.91666666667,11,0.9090366088631985,4,2,2016
2016-02-20,1456749.0,63910.0,57834.0,60697.875,11,0.9497398685651698,5,2,2016
2016-02-21,1359199.0,61244.0,53727.0,56633.291666666664,24,0.9247157544684649,6,2,2016
2016-02-22,1584251.0,75055.0,53611.0,66010.45833333333,11,0.8794944818244398,0,2,2016
2016-02-23,1600683.0,73020.0,58007.0,66695.125,10,0.9133816077786908,1,2,2016
2016-02-24,1642215.0,74895.0,59660.0,68425.625,11,0.9136207356966419,2,2,2016
2016-02-25,1637613.0,74692.0,60133.0,68233.875,10,0.9135365902640176,3,2,2016
2016-02-26,1609529.0,74143.0,59329.0,67063.70833333333,10,0.9045184081212431,4,2,2016
2016-02-27,1435753.0,62835.0,57684.0,59823.041666666664,11,0.9520655950770536,5,2,2016
2016-02-28,1341760.0,60454.0,53741.0,55906.666666666664,24,0.9247802737067301,6,2,2016
2016-02-29,1597737.0,75081.0,53649.0,66572.375,11,0.8866740586832887,0,2,2016
2016-03-01,1514419.0,65659.0,60235.0,63100.791666666664,24,0.9610379638231874,1,3,2016
2016-03-02,1610985.0,75697.0,57785.0,67124.375,10,0.8867507959364308,2,3,2016
2016-03-03,1572896.0,73339.0,58089.0,65537.33333333333,10,0.8936218564929073,3,3,2016
2016-03-04,1542358.0,71181.0,55907.0,64264.916666666664,10,0.9028380700842453,4,3,2016
2016-03-05,1388102.0,61088.0,54139.0,57837.583333333336,11,0.9467912410511612,5,3,2016
2016-03-06,1257996.0,56541.0,49947.0,52416.5,23,0.9270529350382908,6,3,2016
2016-03-07,1476216.0,68654.0,49102.0,61509.0,10,0.8959274040842485,0,3,2016
2016-03-08,1559077.0,71496.0,54346.0,64961.541666666664,11,0.9086038612882772,1,3,2016
2016-03-09,1578013.0,73394.0,56777.0,65750.54166666667,10,0.8958571772442798,2,3,2016
2016-03-10,1597632.0,73534.0,57480.0,66568.0,10,0.9052683112573775,3,3,2016
2016-03-11,1599292.0,73355.0,58592.0,66637.16666666667,10,0.9084202394747007,4,3,2016
2016-03-12,1444273.0,63026.0,57978.0,60178.041666666664,11,0.9548129607886692,5,3,2016
2016-03-13,1316583.0,58472.0,52866.0,54857.625,24,0.9381862258858941,6,3,2016
2016-03-14,1529494.0,71811.0,51509.0,63728.916666666664,10,0.8874534077880362,0,3,2016
2016-03-15,1551071.0,71249.0,57068.0,64627.958333333336,10,0.9070717951596982,1,3,2016
2016-03-16,1510204.0,70048.0,55513.0,62925.166666666664,10,0.8983149649763971,2,3,2016
2016-03-17,1505158.0,68585.0,55200.0,62714.916666666664,10,0.9144115574348132,3,3,2016
2016-03-18,1493161.0,68855.0,53721.0,62215.041666666664,10,0.9035660687919057,4,3,2016
2016-03-19,1350465.0,58798.0,53298.0,56269.375,10,0.9569947107044458,5,3,2016
2016-03-20,1240733.0,55692.0,49454.0,51697.208333333336,23,0.9282699190787427,6,3,2016
2016-03-21,1427374.0,65976.0,48391.0,59473.916666666664,10,0.9014477486762863,0,3,2016
2016-03-22,1466972.0,66468.0,53512.0,61123.833333333336,10,0.9195979017472067,1,3,2016
2016-03-23,1474805.0,66518.0,53426.0,61450.208333333336,10,0.923813228499554,2,3,2016
2016-03-24,1499130.0,67411.0,54344.0,62463.75,10,0.9266106421800596,3,3,2016
2016-03-25,1500530.0,67803.0,54554.0,62522.083333333336,10,0.9221138199391374,4,3,2016
2016-03-26,1372360.0,59204.0,54624.0,57181.666666666664,1,0.965841271986127,5,3,2016
2016-03-27,1250818.0,56066.0,48770.0,52117.416666666664,23,0.9295725870700008,6,3,2016
2016-03-28,1434930.0,66453.0,49047.0,59788.75,10,0.8997148360495387,0,3,2016
2016-03-29,1473335.0,66996.0,53500.0,61388.958333333336,10,0.9163078143968795,1,3,2016
2016-03-30,1446192.0,65286.0,53104.0,60258.0,10,0.9229850197592133,2,3,2016
2016-03-31,1446476.0,65372.0,52769.0,60269.833333333336,10,0.9219518040343471,3,3,2016
2016-04-01,1423859.0,63321.0,52352.0,59327.458333333336,10,0.9369317972447266,4,4,2016
2016-04-02,1303063.0,56000.0,51579.0,54294.291666666664,11,0.9695409226190476,5,4,2016
2016-04-03,1227392.0,54758.0,47619.0,51141.333333333336,23,0.9339518122161754,6,4,2016
2016-04-04,1405071.0,64622.0,46891.0,58544.625,11,0.9059550153198601,0,4,2016
2016-04-05,1423860.0,63821.0,52366.0,59327.5,10,0.9295921405180113,1,4,2016
2016-04-06,1433700.0,63973.0,51809.0,59737.5,10,0.9337923811608022,2,4,2016
2016-04-07,1445163.0,65765.0,51915.0,60215.125,10,0.9156105071086444,3,4,2016
2016-04-08,1427332.0,64364.0,52253.0,59472.166666666664,10,0.9239973691297412,4,4,2016
2016-04-09,1309033.0,56897.0,51232.0,54543.041666666664,11,0.9586277249532781,5,4,2016
2016-04-10,1203208.0,53991.0,47901.0,50133.666666666664,21,0.9285559939002179,6,4,2016
2016-04-11,1388951.0,63842.0,46259.0,57872.958333333336,20,0.9065029030001149,0,4,2016
2016-04-12,1425254.0,63629.0,51919.0,59385.583333333336,10,0.9333100211119668,1,4,2016
2016-04-13,1379714.0,61592.0,51556.0,57488.083333333336,11,0.9333693228557822,2,4,2016
2016-04-14,1415287.0,64045.0,50197.0,58970.291666666664,11,0.9207633955291852,3,4,2016
2016-04-15,1409269.0,62730.0,51668.0,58719.541666666664,10,0.9360679366597587,4,4,2016
2016-04-16,1309306.0,56605.0,50716.0,54554.416666666664,12,0.963773812678503,5,4,2016
2016-04-17,1193823.0,53629.0,47441.0,49742.625,21,0.9275322120494509,6,4,2016
2016-04-18,1364115.0,63016.0,44769.0,56838.125,20,0.9019633902500952,0,4,2016
2016-04-19,1408546.0,63025.0,51276.0,58689.416666666664,20,0.9312085151394949,1,4,2016
2016-04-20,1410945.0,63040.0,50953.0,58789.375,17,0.9325725729695431,2,4,2016
2016-04-21,1432632.0,65489.0,50926.0,59693.0,11,0.9114965872131198,3,4,2016
2016-04-22,1401884.0,62611.0,50894.0,58411.833333333336,17,0.932932445310462,4,4,2016
2016-04-23,1287677.0,56709.0,50219.0,53653.208333333336,11,0.9461145203289307,5,4,2016
2016-04-24,1176942.0,53148.0,46881.0,49039.25,21,0.9226922932189358,6,4,2016
2016-04-25,1344026.0,61770.0,44983.0,56001.083333333336,20,0.9066064972208732,0,4,2016
2016-04-26,1397338.0,63140.0,50082.0,58222.416666666664,17,0.9221161968113187,1,4,2016
2016-04-27,1419444.0,64566.0,50141.0,59143.5,15,0.9160161695009758,2,4,2016
2016-04-28,1405486.0,62761.0,50890.0,58561.916666666664,11,0.9330940658476867,3,4,2016
2016-04-29,1387917.0,61635.0,50478.0,57829.875,11,0.9382635677780482,4,4,2016
2016-04-30,1265681.0,54824.0,49733.0,52736.708333333336,11,0.9619274101366798,5,4,2016
2016-05-01,1155965.0,52528.0,45884.0,48165.208333333336,21,0.9169435031475277,6,5,2016
2016-05-02,1347619.0,63788.0,43973.0,56150.791666666664,17,0.880272020860768,0,5,2016
2016-05-03,1415569.0,64682.0,49698.0,58982.041666666664,11,0.9118772095276377,1,5,2016
2016-05-04,1374958.0,60799.0,50408.0,57289.916666666664,10,0.9422838643179438,2,5,2016
2016-05-05,1290924.0,56793.0,49738.0,53788.5,21,0.9470973535470921,3,5,2016
2016-05-06,1295386.0,57534.0,47244.0,53974.416666666664,11,0.9381307864335291,4,5,2016
2016-05-07,1218906.0,53034.0,47456.0,50787.75,21,0.9576450955990496,5,5,2016
2016-05-08,1155920.0,52557.0,45033.0,48163.333333333336,21,0.9164018747899106,6,5,2016
2016-05-09,1353374.0,63579.0,43972.0,56390.583333333336,17,0.8869372486722555,0,5,2016
2016-05-10,1417876.0,64634.0,49566.0,59078.166666666664,11,0.9140416292766449,1,5,2016
2016-05-11,1398741.0,62605.0,50818.0,58280.875,17,0.9309300375369379,2,5,2016
2016-05-12,1400011.0,63305.0,50242.0,58333.791666666664,17,0.9214721059421319,3,5,2016
2016-05-13,1397529.0,63059.0,49951.0,58230.375,17,0.9234268700740577,4,5,2016
2016-05-14,1266911.0,55611.0,49563.0,52787.958333333336,21,0.9492359125592659,5,5,2016
2016-05-15,1186533.0,53811.0,45558.0,49438.875,21,0.9187503484417684,6,5,2016
2016-05-16,1343028.0,62267.0,44291.0,55959.5,17,0.8987023624070535,0,5,2016
2016-05-17,1398332.0,63763.0,49846.0,58263.833333333336,17,0.9137561490728688,1,5,2016
2016-05-18,1409352.0,64944.0,50123.0,58723.0,17,0.904209780734171,2,5,2016
2016-05-19,1425273.0,66331.0,49889.0,59386.375,17,0.8953034780117893,3,5,2016
2016-05-20,1422181.0,66044.0,49929.0,59257.541666666664,17,0.8972433781519391,4,5,2016
2016-05-21,1299717.0,57439.0,49427.0,54154.875,15,0.9428241264645972,5,5,2016
2016-05-22,1200055.0,54753.0,45830.0,50002.291666666664,21,0.9132338258482031,6,5,2016
2016-05-23,1389323.0,66919.0,44551.0,57888.458333333336,17,0.8650526507170361,0,5,2016
2016-05-24,1424489.0,65836.0,49861.0,59353.708333333336,11,0.9015387984284181,1,5,2016
2016-05-25,1412974.0,65014.0,49810.0,58873.916666666664,17,0.9055575209442068,2,5,2016
2016-05-26,1428993.0,66201.0,49967.0,59541.375,17,0.8994029546381475,3,5,2016
2016-05-27,1429370.0,66831.0,50142.0,59557.083333333336,16,0.8911595417296365,4,5,2016
2016-05-28,1307220.0,58181.0,49317.0,54467.5,12,0.9361733211873292,5,5,2016
2016-05-29,1206686.0,54762.0,46070.0,50278.583333333336,21,0.9181290554277297,6,5,2016
2016-05-30,1393033.0,67467.0,44419.0,58043.041666666664,17,0.860317513253393,0,5,2016
2016-05-31,1442613.0,68011.0,49881.0,60108.875,15,0.883811074679096,1,5,2016
2016-06-01,1430897.0,66550.0,49969.0,59620.708333333336,17,0.8958784122213874,2,6,2016
2016-06-02,1439329.0,67243.0,50058.0,59972.041666666664,17,0.8918704053457857,3,6,2016
2016-06-03,1435543.0,67242.0,50257.0,59814.291666666664,15,0.8895376649514688,4,6,2016
2016-06-04,1303009.0,58332.0,49383.0,54292.041666666664,12,0.930741988388306,5,6,2016
2016-06-05,1203403.0,54852.0,45754.0,50141.791666666664,21,0.9141287768297722,6,6,2016
2016-06-06,1275670.0,58231.0,44416.0,53152.916666666664,15,0.9127941588958917,0,6,2016
2016-06-07,1412774.0,66902.0,47012.0,58865.583333333336,17,0.8798777814315467,1,6,2016
2016-06-08,1439225.0,67384.0,49785.0,59967.708333333336,15,0.8899398719775219,2,6,2016
2016-06-09,1458627.0,68792.0,50168.0,60776.125,17,0.8834766397255495,3,6,2016
2016-06-10,1468098.0,69908.0,50391.0,61170.75,15,0.875017880643131,4,6,2016
2016-06-11,1354962.0,61226.0,50164.0,56456.75,15,0.9221041714304381,5,6,2016
2016-06-12,1251736.0,56360.0,46919.0,52155.666666666664,21,0.9254021764845043,6,6,2016
2016-06-13,1427258.0,69342.0,44976.0,59469.083333333336,17,0.8576199609664177,0,6,2016
2016-06-14,1473235.0,69628.0,50196.0,61384.791666666664,15,0.881610726527642,1,6,2016
2016-06-15,1457121.0,68154.0,50443.0,60713.375,15,0.890826290459841,2,6,2016
2016-06-16,1457356.0,67964.0,50380.0,60723.166666666664,15,0.8934607537323681,3,6,2016
2016-06-17,1459406.0,69037.0,50088.0,60808.583333333336,17,0.8808114972164685,4,6,2016
2016-06-18,1350169.0,61326.0,49937.0,56257.041666666664,15,0.9173440574416506,5,6,2016
2016-06-19,1253269.0,57111.0,46856.0,52219.541666666664,21,0.9143517302562845,6,6,2016
2016-06-20,1455576.0,71333.0,45214.0,60649.0,15,0.8502235991756971,0,6,2016
2016-06-21,1509796.0,72018.0,50954.0,62908.166666666664,15,0.8735061604969128,1,6,2016
2016-06-22,1512075.0,72340.0,51299.0,63003.125,15,0.8709306745922035,2,6,2016
2016-06-23,1521230.0,72816.0,51128.0,63384.583333333336,15,0.8704760400644548,3,6,2016
2016-06-24,1490982.0,70325.0,51595.0,62124.25,15,0.8833878421613935,4,6,2016
2016-06-25,1327848.0,59406.0,49671.0,55327.0,12,0.9313369019964314,5,6,2016
2016-06-26,1236978.0,56370.0,46195.0,51540.75,21,0.914329430548164,6,6,2016
2016-06-27,1436378.0,70520.0,44917.0,59849.083333333336,15,0.8486824068822084,0,6,2016
2016-06-28,1489863.0,71431.0,50433.0,62077.625,15,0.8690572020551302,1,6,2016
2016-06-29,1494873.0,71556.0,50495.0,62286.375,15,0.8704563558611437,2,6,2016
2016-06-30,1517901.0,72528.0,50924.0,63245.875,15,0.8720201163688507,3,6,2016
2016-07-01,1516439.0,72275.0,51518.0,63184.958333333336,15,0.8742297936123602,4,7,2016
2016-07-02,1370526.0,61952.0,50758.0,57105.25,12,0.9217660446797521,5,7,2016
2016-07-03,1257418.0,56509.0,47040.0,52392.416666666664,21,0.9271517221445551,6,7,2016
2016-07-04,1442039.0,69487.0,45293.0,60084.958333333336,15,0.8646935158135095,0,7,2016
2016-07-05,1530207.0,72993.0,51348.0,63758.625,15,0.8734895811927171,1,7,2016
2016-07-06,1512906.0,71949.0,51272.0,63037.75,15,0.876144908198863,2,7,2016
2016-07-07,1523941.0,73086.0,51045.0,63497.541666666664,15,0.8688058132428463,3,7,2016
2016-07-08,1550893.0,74997.0,51434.0,64620.541666666664,15,0.8616416878897378,4,7,2016
2016-07-09,1436070.0,66515.0,51460.0,59836.25,15,0.8995903179733895,5,7,2016
2016-07-10,1329760.0,61203.0,48047.0,55406.666666666664,21,0.905293313508597,6,7,2016
2016-07-11,1562066.0,78197.0,47154.0,65086.083333333336,15,0.8323347869270348,0,7,2016
2016-07-12,1586492.0,76630.0,52687.0,66103.83333333333,15,0.8626364783157161,1,7,2016
2016-07-13,1585599.0,76326.0,52516.0,66066.625,15,0.8655847941723659,2,7,2016
2016-07-14,1588195.0,76203.0,52779.0,66174.79166666667,15,0.8684013971453443,3,7,2016
2016-07-15,1559073.0,74767.0,52458.0,64961.375,15,0.8688508967860152,4,7,2016
2016-07-16,1384824.0,62859.0,51391.0,57701.0,12,0.9179433334924195,5,7,2016
2016-07-17,1267858.0,57401.0,47502.0,52827.416666666664,21,0.9203222359656916,6,7,2016
2016-07-18,1468265.0,71810.0,45542.0,61177.708333333336,17,0.8519385647310032,0,7,2016
2016-07-19,1557906.0,75150.0,51320.0,64912.75,15,0.8637757817697937,1,7,2016
2016-07-20,1581477.0,76667.0,52234.0,65894.875,15,0.8594946326320321,2,7,2016
2016-07-21,1582053.0,76366.0,52297.0,65918.875,17,0.863196645103842,3,7,2016
2016-07-22,1605657.0,77815.0,52987.0,66902.375,17,0.8597619353595065,4,7,2016
2016-07-23,1496673.0,69122.0,53222.0,62361.375,15,0.9021928618963572,5,7,2016
2016-07-24,1408284.0,65790.0,50364.0,58678.5,21,0.891906064751482,6,7,2016
2016-07-25,1632320.0,80215.0,49682.0,68013.33333333333,15,0.8478879677533295,0,7,2016
2016-07-26,1676528.0,81110.0,54727.0,69855.33333333333,15,0.8612419348210248,1,7,2016
2016-07-27,1667958.0,80482.0,54819.0,69498.25,15,0.8635253845580378,2,7,2016
2016-07-28,1660125.0,79547.0,55038.0,69171.875,15,0.8695723911649716,3,7,2016
2016-07-29,1615301.0,76408.0,54254.0,67304.20833333333,15,0.8808528993473632,4,7,2016
2016-07-30,1468505.0,66669.0,52668.0,61187.708333333336,15,0.9177835025774098,5,7,2016
2016-07-31,1386870.0,64469.0,49233.0,57786.25,21,0.8963416525772077,6,7,2016
2016-08-01,1450151.0,68944.0,47819.0,60422.958333333336,15,0.8764063346097316,0,8,2016
2016-08-02,1447943.0,68743.0,48677.0,60330.958333333336,15,0.8776305708702462,1,8,2016
2016-08-03,1461990.0,69613.0,48138.0,60916.25,15,0.8750700300231279,2,8,2016
2016-08-04,1555643.0,75694.0,49280.0,64818.458333333336,17,0.8563222756537286,3,8,2016
2016-08-05,1604951.0,77573.0,51949.0,66872.95833333333,15,0.8620648722278799,4,8,2016
2016-08-06,1530858.0,71602.0,52675.0,63785.75,15,0.8908375464372503,5,8,2016
2016-08-07,1455380.0,67510.0,51217.0,60640.833333333336,21,0.8982496420283416,6,8,2016
2016-08-08,1677622.0,83700.0,50807.0,69900.91666666667,15,0.835136399840701,0,8,2016
2016-08-09,1709606.0,82724.0,55799.0,71233.58333333333,15,0.8610993585094209,1,8,2016
2016-08-10,1713819.0,83123.0,55919.0,71409.125,17,0.8590778123984938,2,8,2016
2016-08-11,1744030.0,84974.0,56342.0,72667.91666666667,17,0.855178250602145,3,8,2016
2016-08-12,1753002.0,85183.0,57083.0,73041.75,17,0.8574686263691113,4,8,2016
2016-08-13,1605902.0,74429.0,56587.0,66912.58333333333,15,0.8990122577669097,5,8,2016
2016-08-14,1480887.0,67993.0,53493.0,61703.625,21,0.9074996690835822,6,8,2016
2016-08-15,1534015.0,71947.0,51503.0,63917.291666666664,15,0.8883941188189454,0,8,2016
2016-08-16,1693927.0,83068.0,53485.0,70580.29166666667,17,0.8496688456044045,1,8,2016
2016-08-17,1711696.0,83296.0,55923.0,71320.66666666667,15,0.8562315917531055,2,8,2016
2016-08-18,1726418.0,83742.0,55953.0,71934.08333333333,15,0.8589964812559209,3,8,2016
2016-08-19,1714876.0,82770.0,56304.0,71453.16666666667,15,0.8632737304176232,4,8,2016
2016-08-20,1565359.0,72886.0,55439.0,65223.291666666664,15,0.8948672127248946,5,8,2016
2016-08-21,1451340.0,67470.0,52141.0,60472.5,20,0.8962872387727879,6,8,2016
2016-08-22,1684198.0,83731.0,50747.0,70174.91666666667,17,0.8380995887624257,0,8,2016
2016-08-23,1706805.0,82564.0,56076.0,71116.875,15,0.8613545249745652,1,8,2016
2016-08-24,1678647.0,81362.0,55456.0,69943.625,17,0.8596596076792606,2,8,2016
2016-08-25,1675132.0,81780.0,54599.0,69797.16666666667,15,0.8534747697073449,3,8,2016
2016-08-26,1532234.0,71673.0,54284.0,63843.083333333336,11,0.8907550030462424,4,8,2016
2016-08-27,1348593.0,61325.0,49936.0,56191.375,15,0.9162882185079495,5,8,2016
2016-08-28,1227479.0,55005.0,46854.0,51144.958333333336,20,0.9298238038966155,6,8,2016
2016-08-29,1400071.0,67384.0,44798.0,58336.291666666664,17,0.8657291295658712,0,8,2016
2016-08-30,1437900.0,66987.0,49793.0,59912.5,17,0.8943899562601699,1,8,2016
2016-08-31,1430508.0,66093.0,50077.0,59604.5,17,0.9018277275959633,2,8,2016
2016-09-01,1506013.0,72151.0,50510.0,62750.541666666664,15,0.8697113230123861,3,9,2016
2016-09-02,1502743.0,70674.0,52046.0,62614.291666666664,15,0.8859593579911518,4,9,2016
2016-09-03,1388429.0,62793.0,51144.0,57851.208333333336,15,0.9213002776317956,5,9,2016
2016-09-04,1299746.0,59979.0,48064.0,54156.083333333336,20,0.9029174099823828,6,9,2016
2016-09-05,1527345.0,75299.0,46945.0,63639.375,17,0.8451556461573195,0,9,2016
2016-09-06,1559916.0,74763.0,52466.0,64996.5,15,0.8693672003531159,1,9,2016
2016-09-07,1550347.0,74096.0,52629.0,64597.791666666664,15,0.8718121311091916,2,9,2016
2016-09-08,1537612.0,72779.0,52420.0,64067.166666666664,15,0.8802974301194941,3,9,2016
2016-09-09,1534644.0,72942.0,52305.0,63943.5,15,0.8766348605741549,4,9,2016
2016-09-10,1411263.0,64267.0,51871.0,58802.625,15,0.9149738590567477,5,9,2016
2016-09-11,1306909.0,59361.0,48465.0,54454.541666666664,20,0.9173454232015408,6,9,2016
2016-09-12,1463263.0,70245.0,47095.0,60969.291666666664,15,0.8679520487816451,0,9,2016
2016-09-13,1422179.0,67051.0,50611.0,59257.458333333336,15,0.8837669584843378,1,9,2016
2016-09-14,1151847.0,50931.0,45171.0,47993.625,1,0.9423263827531366,2,9,2016
2016-09-15,1038368.0,48036.0,39881.0,43265.333333333336,20,0.9006855969134261,3,9,2016
2016-09-16,1090255.0,51254.0,39640.0,45427.291666666664,20,0.8863170029005866,4,9,2016
2016-09-17,1135491.0,52183.0,40908.0,47312.125,20,0.9066578195964203,5,9,2016
2016-09-18,1182769.0,55063.0,42213.0,49282.041666666664,20,0.8950119257335536,6,9,2016
2016-09-19,1381836.0,66807.0,44189.0,57576.5,15,0.861833340817579,0,9,2016
2016-09-20,1414223.0,65571.0,49377.0,58925.958333333336,17,0.8986588329190242,1,9,2016
2016-09-21,1411478.0,65243.0,49390.0,58811.583333333336,17,0.9014236520903903,2,9,2016
2016-09-22,1431620.0,66526.0,49790.0,59650.833333333336,17,0.8966544408702363,3,9,2016
2016-09-23,1435950.0,67087.0,49933.0,59831.25,17,0.8918456630941911,4,9,2016
2016-09-24,1323632.0,59413.0,49814.0,55151.333333333336,15,0.9282704683037943,5,9,2016
2016-09-25,1224429.0,55864.0,46409.0,51017.875,20,0.9132513783474151,6,9,2016
2016-09-26,1422693.0,68737.0,44709.0,59278.875,17,0.8624012540553123,0,9,2016
2016-09-27,1486149.0,69576.0,50891.0,61922.875,15,0.8900033776014717,1,9,2016
2016-09-28,1468352.0,68539.0,50724.0,61181.333333333336,15,0.892649926805663,2,9,2016
2016-09-29,1442985.0,66486.0,50529.0,60124.375,15,0.9043163222332521,3,9,2016
2016-09-30,1419317.0,65346.0,49936.0,59138.208333333336,15,0.9050011987471817,4,9,2016
2016-10-01,1304095.0,57724.0,49294.0,54337.291666666664,11,0.9413292853348116,5,10,2016
2016-10-02,1207778.0,54396.0,46006.0,50324.083333333336,20,0.9251430865014585,6,10,2016
2016-10-03,1295716.0,59881.0,45192.0,53988.166666666664,20,0.9015909331284826,0,10,2016
2016-10-04,1422833.0,68076.0,47235.0,59284.708333333336,17,0.8708606312552638,1,10,2016
2016-10-05,1434578.0,66398.0,49998.0,59774.083333333336,17,0.9002392140325512,2,10,2016
2016-10-06,1424195.0,65864.0,49826.0,59341.458333333336,17,0.9009695483622819,3,10,2016
2016-10-07,1428461.0,66082.0,49966.0,59519.208333333336,17,0.9006871513170506,4,10,2016
2016-10-08,1307461.0,58538.0,49930.0,54477.541666666664,11,0.9306355131139886,5,10,2016
2016-10-09,1171951.0,53219.0,45960.0,48831.291666666664,20,0.9175537245469976,6,10,2016
2016-10-10,1357597.0,64320.0,44409.0,56566.541666666664,19,0.8794549388474295,0,10,2016
2016-10-11,1423877.0,65143.0,50540.0,59328.208333333336,19,0.910738042972128,1,10,2016
2016-10-12,1414170.0,64249.0,50838.0,58923.75,19,0.9171154414854706,2,10,2016
2016-10-13,1427553.0,65420.0,50664.0,59481.375,19,0.9092230969122592,3,10,2016
2016-10-14,1415770.0,64400.0,51100.0,58990.416666666664,19,0.9160002587991718,4,10,2016
2016-10-15,1300470.0,56484.0,50198.0,54186.25,19,0.9593203385029389,5,10,2016
2016-10-16,1213745.0,54441.0,46342.0,50572.708333333336,19,0.9289452495974235,6,10,2016
2016-10-17,1380443.0,65430.0,45119.0,57518.458333333336,19,0.8790838809924092,0,10,2016
2016-10-18,1429282.0,66241.0,50397.0,59553.416666666664,19,0.8990416308127394,1,10,2016
2016-10-19,1426535.0,65157.0,50728.0,59438.958333333336,19,0.9122420972932046,2,10,2016
2016-10-20,1435528.0,66271.0,50460.0,59813.666666666664,19,0.9025617037115279,3,10,2016
2016-10-21,1431889.0,64898.0,50820.0,59662.041666666664,15,0.919320189630908,4,10,2016
2016-10-22,1307601.0,57118.0,50099.0,54483.375,11,0.9538739976889947,5,10,2016
2016-10-23,1211909.0,54151.0,46558.0,50496.208333333336,20,0.932507402140927,6,10,2016
2016-10-24,1378841.0,65420.0,45550.0,57451.708333333336,19,0.87819792622032,0,10,2016
2016-10-25,1443100.0,66171.0,50385.0,60129.166666666664,19,0.9086936371925264,1,10,2016
2016-10-26,1437787.0,64893.0,51403.0,59907.791666666664,19,0.9231780263921635,2,10,2016
2016-10-27,1436970.0,65786.0,50979.0,59873.75,19,0.9101290548140942,3,10,2016
2016-10-28,1440520.0,65408.0,50908.0,60021.666666666664,11,0.9176502364644488,4,10,2016
2016-10-29,1328598.0,58250.0,51070.0,55358.25,11,0.9503562231759657,5,10,2016
2016-10-30,1219969.0,54656.0,48106.0,50832.041666666664,20,0.9300358911494926,6,10,2016
2016-10-31,1454346.0,68282.0,46768.0,60597.75,18,0.8874630210011423,0,10,2016
2016-11-01,1512140.0,68949.0,54271.0,63005.833333333336,19,0.9138034392570354,1,11,2016
2016-11-02,1520390.0,68711.0,55224.0,63349.583333333336,10,0.9219714941324291,2,11,2016
2016-11-03,1505140.0,68016.0,54426.0,62714.166666666664,10,0.9220502038735984,3,11,2016
2016-11-04,1483782.0,67038.0,54162.0,61824.25,10,0.9222269459112742,4,11,2016
2016-11-05,1340402.0,58041.0,52725.0,55850.083333333336,11,0.9622522584609731,5,11,2016
2016-11-06,1238273.0,55010.0,48901.0,51594.708333333336,19,0.9379150760467794,6,11,2016
2016-11-07,1413284.0,65572.0,47066.0,58886.833333333336,18,0.8980484556416357,0,11,2016
2016-11-08,1488638.0,68309.0,52261.0,62026.583333333336,19,0.9080294446315029,1,11,2016
2016-11-09,1520775.0,67885.0,55038.0,63365.625,10,0.9334260145834867,2,11,2016
2016-11-10,1536499.0,69906.0,54878.0,64020.791666666664,10,0.9158125435108098,3,11,2016
2016-11-11,1491212.0,67352.0,54583.0,62133.833333333336,10,0.9225239537553945,4,11,2016
2016-11-12,1353106.0,58495.0,53695.0,56379.416666666664,10,0.9638330911473915,5,11,2016
2016-11-13,1256408.0,55217.0,49846.0,52350.333333333336,19,0.9480836215899693,6,11,2016
2016-11-14,1441183.0,66834.0,47708.0,60049.291666666664,18,0.8984841797089306,0,11,2016
2016-11-15,1489134.0,67832.0,53128.0,62047.25,19,0.9147194539450407,1,11,2016
2016-11-16,1516690.0,68765.0,54691.0,63195.416666666664,10,0.9190055503041761,2,11,2016
2016-11-17,1500863.0,67768.0,54648.0,62535.958333333336,10,0.9227948048243025,3,11,2016
2016-11-18,1505827.0,67877.0,54576.0,62742.791666666664,10,0.9243601170745122,4,11,2016
2016-11-19,1372228.0,60212.0,53204.0,57176.166666666664,11,0.949580925175491,5,11,2016
2016-11-20,1252026.0,55821.0,49417.0,52167.75,23,0.9345542000322459,6,11,2016
2016-11-21,1472063.0,68476.0,48326.0,61335.958333333336,11,0.8957292822789493,0,11,2016
2016-11-22,1544788.0,71284.0,53670.0,64366.166666666664,18,0.9029539120513251,1,11,2016
2016-11-23,1583033.0,72066.0,56626.0,65959.70833333333,10,0.9152680644594307,2,11,2016
2016-11-24,1619623.0,74022.0,57841.0,67484.29166666667,18,0.9116788477299542,3,11,2016
2016-11-25,1605145.0,73611.0,58562.0,66881.04166666667,10,0.9085740129419064,4,11,2016
2016-11-26,1493154.0,66203.0,57911.0,62214.75,11,0.9397572617555096,5,11,2016
2016-11-27,1352213.0,59455.0,54240.0,56342.208333333336,24,0.9476445771311637,6,11,2016
2016-11-28,1569833.0,73520.0,52284.0,65409.708333333336,18,0.8896859131302141,0,11,2016
2016-11-29,1615636.0,74156.0,58336.0,67318.16666666667,10,0.9077912328964166,1,11,2016
2016-11-30,1602051.0,74959.0,57579.0,66752.125,11,0.8905151482810603,2,11,2016
2016-12-01,1586518.0,72598.0,56597.0,66104.91666666667,18,0.9105611265691433,3,12,2016
2016-12-02,1600175.0,73589.0,58331.0,66673.95833333333,10,0.9060315853365765,4,12,2016
2016-12-03,1450379.0,62882.0,57664.0,60432.458333333336,11,0.9610454237036566,5,12,2016
2016-12-04,1344558.0,58853.0,53627.0,56023.25,24,0.951918338912205,6,12,2016
2016-12-05,1548315.0,72596.0,51709.0,64513.125,10,0.8886594991459584,0,12,2016
2016-12-06,1627370.0,74652.0,57780.0,67807.08333333333,10,0.9083089981960741,1,12,2016
2016-12-07,1649980.0,76917.0,59129.0,68749.16666666667,10,0.8938097776391002,2,12,2016
2016-12-08,1641712.0,76313.0,59361.0,68404.66666666667,10,0.8963697753550073,3,12,2016
2016-12-09,1616194.0,73993.0,58088.0,67341.41666666667,10,0.9101052351799045,4,12,2016
2016-12-10,1498253.0,65024.0,59215.0,62427.208333333336,11,0.9600641045357612,5,12,2016
2016-12-11,1387592.0,61800.0,54431.0,57816.333333333336,24,0.9355393743257822,6,12,2016
2016-12-12,1627022.0,77426.0,54372.0,67792.58333333333,11,0.8755790475206433,0,12,2016
2016-12-13,1644573.0,76461.0,58527.0,68523.875,10,0.8961938112240228,1,12,2016
2016-12-14,1681324.0,77634.0,59120.0,70055.16666666667,11,0.9023773947840723,2,12,2016
2016-12-15,1717081.0,78945.0,61094.0,71545.04166666667,10,0.9062643823759158,3,12,2016
2016-12-16,1725591.0,79966.0,62982.0,71899.625,10,0.8991274416627066,4,12,2016
2016-12-17,1521158.0,67116.0,60943.0,63381.583333333336,11,0.9443587718775454,5,12,2016
2016-12-18,1389501.0,61057.0,55883.0,57895.875,1,0.9482266570581588,6,12,2016
2016-12-19,1605170.0,76506.0,53384.0,66882.08333333333,11,0.8742070338709818,0,12,2016
2016-12-20,1603998.0,74281.0,58097.0,66833.25,10,0.899735463981368,1,12,2016
2016-12-21,1607410.0,74306.0,58012.0,66975.41666666667,10,0.9013460106406841,2,12,2016
2016-12-22,1610666.0,73690.0,56642.0,67111.08333333333,17,0.91072171710318,3,12,2016
2016-12-23,1660394.0,77048.0,58280.0,69183.08333333333,11,0.8979218582355587,4,12,2016
2016-12-24,1501606.0,66078.0,59616.0,62566.916666666664,11,0.9468645641010119,5,12,2016
2016-12-25,1363099.0,61186.0,53406.0,56795.791666666664,1,0.928248155896229,6,12,2016
2016-12-26,1617214.0,77204.0,52810.0,67383.91666666667,11,0.872803438509231,0,12,2016
2016-12-27,1668604.0,76864.0,58548.0,69525.16666666667,10,0.9045218394393562,1,12,2016
2016-12-28,1677754.0,77863.0,61584.0,69906.41666666667,10,0.897813039141398,2,12,2016
2016-12-29,1685822.0,77900.0,60605.0,70242.58333333333,10,0.9017019683354728,3,12,2016
2016-12-30,1638666.0,76199.0,61511.0,68277.75,10,0.8960452236905996,4,12,2016
2016-12-31,1430005.0,63693.0,57479.0,59583.541666666664,1,0.9354802202230491,5,12,2016
2017-01-01,1303930.0,59234.0,50330.0,54330.416666666664,1,0.9172167448875083,6,1,2017
2017-01-02,1540532.0,72901.0,51677.0,64188.833333333336,11,0.8804931802490136,0,1,2017
2017-01-03,1620086.0,75471.0,57716.0,67503.58333333333,10,0.8944307526511286,1,1,2017
2017-01-04,1626036.0,75778.0,58980.0,67751.5,10,0.8940787563672834,2,1,2017
2017-01-05,1648363.0,76304.0,59138.0,68681.79166666667,11,0.9001073556650592,3,1,2017
2017-01-06,1603387.0,74060.0,58449.0,66807.79166666667,10,0.9020765820505897,4,1,2017
2017-01-07,1473027.0,64879.0,58406.0,61376.125,11,0.9460091092649393,5,1,2017
2017-01-08,1336810.0,59058.0,53050.0,55700.416666666664,24,0.9431476966146274,6,1,2017
2017-01-09,1582010.0,75090.0,51753.0,65917.08333333333,11,0.8778410352022017,0,1,2017
2017-01-10,1674247.0,76690.0,60011.0,69760.29166666667,10,0.9096400008693007,1,1,2017
2017-01-11,1705594.0,78898.0,61536.0,71066.41666666667,10,0.9007378725273983,2,1,2017
2017-01-12,1701633.0,78403.0,61370.0,70901.375,10,0.9043196688902211,3,1,2017
2017-01-13,1733994.0,80079.0,62394.0,72249.75,11,0.90223092196456,4,1,2017
2017-01-14,1601412.0,69894.0,63150.0,66725.5,11,0.9546670672732995,5,1,2017
2017-01-15,1478495.0,66021.0,58318.0,61603.958333333336,1,0.9330964137673367,6,1,2017
2017-01-16,1715023.0,80790.0,58661.0,71459.29166666667,11,0.8845066427363123,0,1,2017
2017-01-17,1755991.0,81681.0,63884.0,73166.29166666667,10,0.8957565610933592,1,1,2017
2017-01-18,1730294.0,79959.0,62806.0,72095.58333333333,10,0.9016568908232135,2,1,2017
2017-01-19,1724013.0,80171.0,62869.0,71833.875,10,0.8960082199298999,3,1,2017
2017-01-20,1749676.0,81765.0,62066.0,72903.16666666667,11,0.8916182555698241,4,1,2017
2017-01-21,1612896.0,71225.0,64056.0,67204.0,11,0.9435451035451036,5,1,2017
2017-01-22,1494974.0,66749.0,59955.0,62290.583333333336,24,0.9332062402932378,6,1,2017
2017-01-23,1768385.0,83657.0,59801.0,73682.70833333333,11,0.8807715831709639,0,1,2017
2017-01-24,1796852.0,82884.0,65690.0,74868.83333333333,10,0.9032965751331177,1,1,2017
2017-01-25,1764725.0,81686.0,65158.0,73530.20833333333,10,0.900156799614785,2,1,2017
2017-01-26,1652895.0,78670.0,63640.0,68870.625,10,0.8754369518240752,3,1,2017
2017-01-27,1314356.0,62908.0,50336.0,54764.833333333336,1,0.8705543545071109,4,1,2017
2017-01-28,1191499.0,56442.0,42979.0,49645.791666666664,1,0.8795895196248656,5,1,2017
2017-01-29,1243647.0,57667.0,49123.0,51818.625,24,0.8985836787070595,6,1,2017
2017-01-30,1340882.0,62634.0,50462.0,55870.083333333336,24,0.8920088663239348,0,1,2017
2017-01-31,1631632.0,77034.0,55642.0,67984.66666666667,11,0.8825280612024129,1,1,2017
2017-02-01,1714899.0,80173.0,61069.0,71454.125,11,0.8912492360270914,2,2,2017
2017-02-02,1729474.0,80243.0,63205.0,72061.41666666667,10,0.8980399121003286,3,2,2017
2017-02-03,1683954.0,78232.0,62136.0,70164.75,10,0.8968804325595664,4,2,2017
2017-02-04,1526216.0,67533.0,60591.0,63592.333333333336,11,0.9416482805936851,5,2,2017
2017-02-05,1403907.0,62577.0,55560.0,58496.125,24,0.9347863432251466,6,2,2017
2017-02-06,1657581.0,78251.0,55350.0,69065.875,10,0.8826197109302117,0,2,2017
2017-02-07,1707867.0,80163.0,61664.0,71161.125,10,0.8877053628232476,1,2,2017
2017-02-08,1707040.0,79274.0,61205.0,71126.66666666667,11,0.8972256561630128,2,2,2017
2017-02-09,1738034.0,80002.0,61634.0,72418.08333333333,10,0.9052034115813771,3,2,2017
2017-02-10,1754838.0,81268.0,63660.0,73118.25,11,0.8997176010237732,4,2,2017
2017-02-11,1576850.0,69363.0,63420.0,65702.08333333333,11,0.9472209006723085,5,2,2017
2017-02-12,1427750.0,64047.0,55837.0,59489.583333333336,1,0.9288426207836954,6,2,2017
2017-02-13,1671338.0,79050.0,56832.0,69639.08333333333,11,0.8809498207885305,0,2,2017
2017-02-14,1686409.0,78279.0,61594.0,70267.04166666667,10,0.8976486882390765,1,2,2017
2017-02-15,1673627.0,77770.0,61909.0,69734.45833333333,10,0.8966755604131841,2,2,2017
2017-02-16,1640228.0,75604.0,60815.0,68342.83333333333,10,0.9039579034618979,3,2,2017
2017-02-17,1613877.0,74358.0,58154.0,67244.875,10,0.9043394792759354,4,2,2017
2017-02-18,1506329.0,65574.0,60063.0,62763.708333333336,11,0.9571432020821261,5,2,2017
2017-02-19,1386871.0,61553.0,54943.0,57786.291666666664,1,0.9388054467965277,6,2,2017
2017-02-20,1608573.0,76063.0,52910.0,67023.875,11,0.8811626546415472,0,2,2017
2017-02-21,1665854.0,77149.0,61303.0,69410.58333333333,10,0.8996951785938033,1,2,2017
2017-02-22,1673689.0,78523.0,59168.0,69737.04166666667,11,0.8881097470380229,2,2,2017
2017-02-23,1658524.0,75909.0,59487.0,69105.16666666667,10,0.9103685553316032,3,2,2017
2017-02-24,1655081.0,75970.0,61115.0,68961.70833333333,10,0.9077492211838005,4,2,2017
2017-02-25,1471871.0,64596.0,59069.0,61327.958333333336,1,0.9494079870786634,5,2,2017
2017-02-26,1347298.0,60444.0,52626.0,56137.416666666664,24,0.928750854785697,6,2,2017
2017-02-27,1567808.0,73564.0,53398.0,65325.333333333336,10,0.8880068149275915,0,2,2017
2017-02-28,1588855.0,73617.0,59074.0,66202.29166666667,10,0.8992799443969012,1,2,2017
2017-03-01,1483325.0,64523.0,57949.0,61805.208333333336,20,0.9578787150835103,2,3,2017
2017-03-02,1618338.0,75921.0,56022.0,67430.75,10,0.8881699398058508,3,3,2017
2017-03-03,1607085.0,74262.0,59711.0,66961.875,10,0.9016977054213461,4,3,2017
2017-03-04,1432586.0,62651.0,57431.0,59691.083333333336,1,0.9527554761030683,5,3,2017
2017-03-05,1320766.0,58780.0,51661.0,55031.916666666664,24,0.9362353975275036,6,3,2017
2017-03-06,1572453.0,73396.0,51776.0,65518.875,10,0.8926763720093738,0,3,2017
2017-03-07,1663282.0,76756.0,59532.0,69303.41666666667,10,0.9029055274723367,1,3,2017
2017-03-08,1662485.0,76634.0,60280.0,69270.20833333333,10,0.9039096006124347,2,3,2017
2017-03-09,1624781.0,74556.0,59957.0,67699.20833333333,10,0.9080316585296063,3,3,2017
2017-03-10,1591483.0,73349.0,58979.0,66311.79166666667,10,0.9040585647611648,4,3,2017
2017-03-11,1430177.0,62468.0,57073.0,59590.708333333336,1,0.953939750485582,5,3,2017
2017-03-12,1301075.0,57589.0,51027.0,54211.458333333336,1,0.9413509234981218,6,3,2017
2017-03-13,1510279.0,70385.0,50719.0,62928.291666666664,10,0.8940582747270962,0,3,2017
2017-03-14,1557625.0,70674.0,56354.0,64901.041666666664,10,0.9183156700719737,1,3,2017
2017-03-15,1557636.0,71134.0,57452.0,64901.5,10,0.9123836702561363,2,3,2017
2017-03-16,1556150.0,70775.0,57027.0,64839.583333333336,10,0.9161368185564583,3,3,2017
2017-03-17,1539524.0,70322.0,57309.0,64146.833333333336,10,0.9121872718826731,4,3,2017
2017-03-18,1397113.0,61921.0,55873.0,58213.041666666664,10,0.9401179190689211,5,3,2017
2017-03-19,1273770.0,56890.0,49671.0,53073.75,23,0.9329187906486202,6,3,2017
2017-03-20,1501738.0,69809.0,49792.0,62572.416666666664,11,0.8963373872518825,0,3,2017
2017-03-21,1519363.0,68210.0,55111.0,63306.791666666664,20,0.9281159898353125,1,3,2017
2017-03-22,1529605.0,70170.0,56168.0,63733.541666666664,10,0.9082733599353949,2,3,2017
2017-03-23,1515910.0,69549.0,54976.0,63162.916666666664,10,0.9081786462302357,3,3,2017
2017-03-24,1516142.0,69257.0,55198.0,63172.583333333336,10,0.9121472679055307,4,3,2017
2017-03-25,1393163.0,61395.0,54406.0,58048.458333333336,11,0.945491625268073,5,3,2017
2017-03-26,1278932.0,57467.0,50755.0,53288.833333333336,23,0.9272945052522897,6,3,2017
2017-03-27,1506562.0,70135.0,49509.0,62773.416666666664,10,0.8950369525439034,0,3,2017
2017-03-28,1536140.0,70060.0,56204.0,64005.833333333336,10,0.9135859739271102,1,3,2017
2017-03-29,1527680.0,69891.0,55194.0,63653.333333333336,10,0.9107515035316899,2,3,2017
2017-03-30,1499626.0,67807.0,55339.0,62484.416666666664,10,0.9215039253567724,3,3,2017
2017-03-31,1516241.0,68976.0,54210.0,63176.708333333336,10,0.9159230505296528,4,3,2017
2017-04-01,1368643.0,59219.0,54311.0,57026.791666666664,24,0.9629813348193429,5,4,2017
2017-04-02,1255849.0,56420.0,49063.0,52327.041666666664,23,0.9274555417700578,6,4,2017
2017-04-03,1441046.0,65686.0,49589.0,60043.583333333336,10,0.914100163403668,0,4,2017
2017-04-04,1476311.0,65973.0,54629.0,61512.958333333336,10,0.9323959549108474,1,4,2017
2017-04-05,1505948.0,68200.0,53650.0,62747.833333333336,17,0.9200562072336266,2,4,2017
2017-04-06,1509428.0,69129.0,54122.0,62892.833333333336,11,0.9097894274954554,3,4,2017
2017-04-07,1454839.0,65396.0,53627.0,60618.291666666664,10,0.9269418873733357,4,4,2017
2017-04-08,1318593.0,56759.0,52472.0,54941.375,10,0.9679764442643457,5,4,2017
2017-04-09,1217635.0,54617.0,47916.0,50734.791666666664,21,0.9289194145900849,6,4,2017
2017-04-10,1395290.0,63993.0,46919.0,58137.083333333336,20,0.9084912933185401,0,4,2017
2017-04-11,1449791.0,65921.0,52178.0,60407.958333333336,10,0.9163689618381599,1,4,2017
2017-04-12,1444179.0,64262.0,52699.0,60174.125,20,0.9363873673399521,2,4,2017
2017-04-13,1446476.0,64430.0,53377.0,60269.833333333336,20,0.935431217341818,3,4,2017
2017-04-14,1447132.0,64493.0,52653.0,60297.166666666664,17,0.9349412597749627,4,4,2017
2017-04-15,1303050.0,55961.0,51545.0,54293.75,1,0.9702069298261289,5,4,2017
2017-04-16,1201721.0,54282.0,47431.0,50071.708333333336,21,0.922436688650627,6,4,2017
2017-04-17,1408684.0,66355.0,45673.0,58695.166666666664,15,0.8845628312360284,0,4,2017
2017-04-18,1440061.0,65101.0,51785.0,60002.541666666664,17,0.921683870703471,1,4,2017
2017-04-19,1425005.0,62985.0,52453.0,59375.208333333336,10,0.9426880738800244,2,4,2017
2017-04-20,1455301.0,65335.0,52118.0,60637.541666666664,15,0.9281019616846509,3,4,2017
2017-04-21,1429125.0,63284.0,52541.0,59546.875,10,0.9409467637949561,4,4,2017
2017-04-22,1310301.0,56424.0,51700.0,54595.875,21,0.9676002233092301,5,4,2017
2017-04-23,1207444.0,54420.0,47950.0,50310.166666666664,21,0.9244793580791375,6,4,2017
2017-04-24,1381056.0,63820.0,46620.0,57544.0,20,0.9016609213412723,0,4,2017
2017-04-25,1435757.0,64533.0,51549.0,59823.208333333336,17,0.9270173141390193,1,4,2017
2017-04-26,1421096.0,63329.0,51401.0,59212.333333333336,11,0.9349955523272645,2,4,2017
2017-04-27,1423749.0,63751.0,51809.0,59322.875,20,0.9305403052501138,3,4,2017
2017-04-28,1417944.0,62861.0,52238.0,59081.0,17,0.9398673263231574,4,4,2017
2017-04-29,1294240.0,55507.0,51356.0,53926.666666666664,21,0.9715291164477753,5,4,2017
2017-04-30,1198821.0,54163.0,47250.0,49950.875,21,0.9222324280412828,6,4,2017
2017-05-01,1249329.0,56790.0,45194.0,52055.375,20,0.9166292481070611,0,5,2017
2017-05-02,1357610.0,62100.0,47398.0,56567.083333333336,17,0.9109031132581857,1,5,2017
2017-05-03,1329751.0,58991.0,49987.0,55406.291666666664,21,0.9392329620902623,2,5,2017
2017-05-04,1336545.0,60366.0,48632.0,55689.375,17,0.9225288241725474,3,5,2017
2017-05-05,1272625.0,56195.0,48423.0,53026.041666666664,20,0.9436078239463771,4,5,2017
2017-05-06,1192332.0,53271.0,45868.0,49680.5,21,0.9325993504908863,5,5,2017
2017-05-07,1161087.0,53449.0,44936.0,48378.625,21,0.9051362046062602,6,5,2017
2017-05-08,1355326.0,63803.0,44629.0,56471.916666666664,17,0.8850981406307958,0,5,2017
2017-05-09,1363236.0,61163.0,49892.0,56801.5,15,0.9286905482072495,1,5,2017
2017-05-10,1425352.0,65137.0,49820.0,59389.666666666664,11,0.9117654584439975,2,5,2017
2017-05-11,1435325.0,65315.0,51158.0,59805.208333333336,17,0.9156427824134323,3,5,2017
2017-05-12,1452236.0,66500.0,51175.0,60509.833333333336,11,0.909922305764411,4,5,2017
2017-05-13,1318659.0,57892.0,50888.0,54944.125,15,0.9490797519519104,5,5,2017
2017-05-14,1192411.0,54246.0,47199.0,49683.791666666664,21,0.9158977927712028,6,5,2017
2017-05-15,1376362.0,64452.0,45242.0,57348.416666666664,17,0.8897849045284345,0,5,2017
2017-05-16,1424392.0,64434.0,50921.0,59349.666666666664,17,0.9210923839380865,1,5,2017
2017-05-17,1435561.0,65506.0,51290.0,59815.041666666664,17,0.9131230981385928,2,5,2017
2017-05-18,1443910.0,66176.0,51364.0,60162.916666666664,17,0.909134983478401,3,5,2017
2017-05-19,1444036.0,66619.0,51433.0,60168.166666666664,17,0.9031682653096964,4,5,2017
2017-05-20,1316763.0,58028.0,50584.0,54865.125,15,0.9454939856620942,5,5,2017
2017-05-21,1215459.0,55580.0,46571.0,50644.125,21,0.9111933249370278,6,5,2017
2017-05-22,1407306.0,67482.0,45393.0,58637.75,17,0.8689391245072761,0,5,2017
2017-05-23,1459397.0,67772.0,51036.0,60808.208333333336,17,0.8972467734954456,1,5,2017
2017-05-24,1464629.0,67810.0,51309.0,61026.208333333336,15,0.8999588310475348,2,5,2017
2017-05-25,1450704.0,67007.0,51134.0,60446.0,17,0.9020848568060054,3,5,2017
2017-05-26,1419079.0,64402.0,50869.0,59128.291666666664,17,0.918112662132646,4,5,2017
2017-05-27,1302181.0,56633.0,50484.0,54257.541666666664,11,0.9580552269289401,5,5,2017
2017-05-28,1207039.0,55277.0,46543.0,50293.291666666664,21,0.9098411937454396,6,5,2017
2017-05-29,1432175.0,69854.0,45446.0,59673.958333333336,17,0.8542668756740249,0,5,2017
2017-05-30,1480903.0,69887.0,51348.0,61704.291666666664,15,0.8829151582793175,1,5,2017
2017-05-31,1473342.0,69234.0,51135.0,61389.25,15,0.8866922321402779,2,5,2017
2017-06-01,1471385.0,68853.0,51299.0,61307.708333333336,15,0.8904144820608156,3,6,2017
2017-06-02,1424787.0,65633.0,50597.0,59366.125,17,0.9045164018100651,4,6,2017
2017-06-03,1296688.0,56898.0,49745.0,54028.666666666664,15,0.9495705765873433,5,6,2017
2017-06-04,1196167.0,54654.0,46042.0,49840.291666666664,21,0.9119239518912918,6,6,2017
2017-06-05,1373311.0,65530.0,44981.0,57221.291666666664,17,0.8732075639656137,0,6,2017
2017-06-06,1354972.0,61087.0,49663.0,56457.166666666664,15,0.9242091879887155,1,6,2017
2017-06-07,1433612.0,67008.0,48963.0,59733.833333333336,15,0.8914433102515122,2,6,2017
2017-06-08,1443077.0,66753.0,50773.0,60128.208333333336,17,0.9007566451445379,3,6,2017
2017-06-09,1451129.0,67241.0,51178.0,60463.708333333336,16,0.8992089399820546,4,6,2017
2017-06-10,1326010.0,58759.0,50751.0,55250.416666666664,15,0.9402885799054896,5,6,2017
2017-06-11,1213066.0,55233.0,46270.0,50544.416666666664,21,0.9151126440111286,6,6,2017
2017-06-12,1399978.0,66895.0,45101.0,58332.416666666664,15,0.8719996511946583,0,6,2017
2017-06-13,1455240.0,68006.0,50626.0,60635.0,15,0.8916125047789901,1,6,2017
2017-06-14,1461739.0,68179.0,51091.0,60905.791666666664,17,0.8933218684150056,2,6,2017
2017-06-15,1488271.0,70246.0,51307.0,62011.291666666664,17,0.8827732777192533,3,6,2017
2017-06-16,1501728.0,71332.0,51958.0,62572.0,17,0.8771939662423597,4,6,2017
2017-06-17,1362687.0,61261.0,51120.0,56778.625,15,0.9268315078108421,5,6,2017
2017-06-18,1260211.0,57785.0,47143.0,52508.791666666664,21,0.9086924230625018,6,6,2017
2017-06-19,1476030.0,72473.0,46124.0,61501.25,17,0.8486091371959212,0,6,2017
2017-06-20,1534040.0,73961.0,51773.0,63918.333333333336,15,0.8642167268335114,1,6,2017
2017-06-21,1531726.0,73408.0,52208.0,63821.916666666664,15,0.8694136424731183,2,6,2017
2017-06-22,1538688.0,73196.0,52448.0,64112.0,17,0.8758948576424941,3,6,2017
2017-06-23,1551713.0,75077.0,52380.0,64654.708333333336,15,0.8611786343798146,4,6,2017
2017-06-24,1396232.0,63296.0,51851.0,58176.333333333336,15,0.9191154785979104,5,6,2017
2017-06-25,1285811.0,58182.0,48158.0,53575.458333333336,21,0.920825312525065,6,6,2017
2017-06-26,1486652.0,73186.0,46740.0,61943.833333333336,15,0.8463891090281384,0,6,2017
2017-06-27,1537272.0,73199.0,51876.0,64053.0,15,0.875052937881665,1,6,2017
2017-06-28,1550800.0,74442.0,52371.0,64616.666666666664,15,0.8680135765652006,2,6,2017
2017-06-29,1564474.0,74958.0,52733.0,65186.416666666664,15,0.8696392201855261,3,6,2017
2017-06-30,1563687.0,75413.0,52731.0,65153.625,15,0.86395747417554,4,6,2017
2017-07-01,1425887.0,64637.0,52109.0,59411.958333333336,15,0.9191633017208927,5,7,2017
2017-07-02,1350900.0,61902.0,49180.0,56287.5,21,0.9093001841620626,6,7,2017
2017-07-03,1563552.0,77051.0,48463.0,65148.0,15,0.8455179037261035,0,7,2017
2017-07-04,1626880.0,78325.0,54085.0,67786.66666666667,15,0.8654537716778381,1,7,2017
2017-07-05,1627865.0,78494.0,53705.0,67827.70833333333,15,0.8641132867904977,2,7,2017
2017-07-06,1651261.0,80673.0,54116.0,68802.54166666667,15,0.8528571103921594,3,7,2017
2017-07-07,1645706.0,78640.0,54967.0,68571.08333333333,15,0.8719618938623261,4,7,2017
2017-07-08,1500598.0,68187.0,54528.0,62524.916666666664,12,0.9169624219670416,5,7,2017
2017-07-09,1400660.0,64400.0,50809.0,58360.833333333336,21,0.9062241200828157,6,7,2017
2017-07-10,1604829.0,78441.0,49323.0,66867.875,15,0.8524607666908887,0,7,2017
2017-07-11,1657460.0,79685.0,54587.0,69060.83333333333,15,0.8666729413733241,1,7,2017
2017-07-12,1673260.0,80087.0,55211.0,69719.16666666667,15,0.870542867964422,2,7,2017
2017-07-13,1691635.0,81830.0,55223.0,70484.79166666667,17,0.8613563688948634,3,7,2017
2017-07-14,1704196.0,83214.0,56288.0,71008.16666666667,15,0.8533199541743778,4,7,2017
2017-07-15,1514766.0,69532.0,55002.0,63115.25,12,0.9077151527354311,5,7,2017
2017-07-16,1411973.0,65320.0,51255.0,58832.208333333336,21,0.9006767962849561,6,7,2017
2017-07-17,1633349.0,81042.0,50274.0,68056.20833333333,15,0.8397646693484037,0,7,2017
2017-07-18,1674259.0,80451.0,54945.0,69760.79166666667,15,0.8671214983861812,1,7,2017
2017-07-19,1708043.0,82682.0,55741.0,71168.45833333333,17,0.8607491150834925,2,7,2017
2017-07-20,1750405.0,84558.0,56528.0,72933.54166666667,15,0.8625268060581692,3,7,2017
2017-07-21,1774053.0,84586.0,57808.0,73918.875,17,0.8738901827725628,4,7,2017
2017-07-22,1627950.0,75408.0,57603.0,67831.25,15,0.899523260131551,5,7,2017
2017-07-23,1482052.0,68319.0,53221.0,61752.166666666664,21,0.903879838209966,6,7,2017
2017-07-24,1684392.0,82052.0,51848.0,70183.0,12,0.8553478282065032,0,7,2017
2017-07-25,1728245.0,83321.0,56542.0,72010.20833333333,15,0.8642504090605408,1,7,2017
2017-07-26,1675112.0,80610.0,55615.0,69796.33333333333,17,0.8658520448248769,2,7,2017
2017-07-27,1649228.0,79180.0,54769.0,68717.83333333333,17,0.8678685695040834,3,7,2017
2017-07-28,1645497.0,78700.0,55306.0,68562.375,15,0.8711864675984752,4,7,2017
2017-07-29,1468085.0,66214.0,53930.0,61170.208333333336,12,0.923825902880559,5,7,2017
2017-07-30,1373433.0,63971.0,49115.0,57226.375,21,0.8945674602554282,6,7,2017
2017-07-31,1470070.0,69467.0,48891.0,61252.916666666664,15,0.8817556057792428,0,7,2017
2017-08-01,1506305.0,71974.0,50058.0,62762.708333333336,17,0.8720191782217653,1,8,2017
2017-08-02,1538783.0,73103.0,50891.0,64115.958333333336,17,0.8770632988158261,2,8,2017
2017-08-03,1555635.0,74343.0,51460.0,64818.125,17,0.8718793295939093,3,8,2017
2017-08-04,1599470.0,76990.0,51980.0,66644.58333333333,17,0.8656264882885223,4,8,2017
2017-08-05,1562334.0,72300.0,53682.0,65097.25,15,0.9003769017980636,5,8,2017
2017-08-06,1507678.0,70906.0,53131.0,62819.916666666664,21,0.885960520501321,6,8,2017
2017-08-07,1707756.0,84489.0,52367.0,71156.5,15,0.8421983926901727,0,8,2017
2017-08-08,1730134.0,83775.0,56799.0,72088.91666666667,15,0.8605063165224311,1,8,2017
2017-08-09,1692601.0,80418.0,56854.0,70525.04166666667,15,0.8769807961733278,2,8,2017
2017-08-10,1680081.0,79807.0,56319.0,70003.375,17,0.8771583319758919,3,8,2017
2017-08-11,1673668.0,80629.0,56221.0,69736.16666666667,15,0.8649017929859811,4,8,2017
2017-08-12,1510978.0,69570.0,54870.0,62957.416666666664,15,0.9049506492261989,5,8,2017
2017-08-13,1365745.0,61500.0,50953.0,56906.041666666664,20,0.9253014905149051,6,8,2017
2017-08-14,1521500.0,72855.0,48965.0,63395.833333333336,15,0.8701644819618878,0,8,2017
2017-08-15,1475159.0,67072.0,53245.0,61464.958333333336,15,0.9164026469068066,1,8,2017
2017-08-16,1582546.0,75902.0,52002.0,65939.41666666667,15,0.8687441261978166,2,8,2017
2017-08-17,1618597.0,77288.0,54358.0,67441.54166666667,17,0.8726004252492842,3,8,2017
2017-08-18,1624256.0,77648.0,54616.0,67677.33333333333,17,0.8715914554571055,4,8,2017
2017-08-19,1483343.0,67973.0,54180.0,61805.958333333336,15,0.9092721865054262,5,8,2017
2017-08-20,1365844.0,62497.0,50531.0,56910.166666666664,20,0.9106063757727038,6,8,2017
2017-08-21,1605738.0,79104.0,49363.0,66905.75,15,0.8457947764967637,0,8,2017
2017-08-22,1679540.0,80879.0,55205.0,69980.83333333333,17,0.8652534444458182,1,8,2017
2017-08-23,1723844.0,83840.0,55802.0,71826.83333333333,15,0.8567131838422392,2,8,2017
2017-08-24,1730947.0,83432.0,57347.0,72122.79166666667,15,0.8644499912104069,3,8,2017
2017-08-25,1651506.0,79071.0,56029.0,68812.75,15,0.8702653311580731,4,8,2017
2017-08-26,1421374.0,63547.0,53198.0,59223.916666666664,15,0.9319703001977538,5,8,2017
2017-08-27,1299697.0,59950.0,48767.0,54154.041666666664,20,0.903320127884348,6,8,2017
2017-08-28,1529696.0,75454.0,47432.0,63737.333333333336,15,0.8447177529797405,0,8,2017
2017-08-29,1526725.0,71234.0,53408.0,63613.541666666664,17,0.8930221757400492,1,8,2017
2017-08-30,1492195.0,68797.0,52058.0,62174.791666666664,16,0.9037427746364909,2,8,2017
2017-08-31,1503378.0,70229.0,51925.0,62640.75,17,0.8919499067336855,3,8,2017
2017-09-01,1506136.0,70931.0,52428.0,62755.666666666664,17,0.8847424492347022,4,9,2017
2017-09-02,1374223.0,61591.0,51719.0,57259.291666666664,15,0.9296697840052388,5,9,2017
2017-09-03,1271172.0,58814.0,48074.0,52965.5,20,0.9005593906212807,6,9,2017
2017-09-04,1486762.0,72688.0,46719.0,61948.416666666664,15,0.8522509446767921,0,9,2017
2017-09-05,1534551.0,71944.0,52918.0,63939.625,15,0.8887415906816413,1,9,2017
2017-09-06,1531919.0,71880.0,52990.0,63829.958333333336,15,0.8880072110925618,2,9,2017
2017-09-07,1525029.0,71699.0,52456.0,63542.875,17,0.8862449267074854,3,9,2017
2017-09-08,1542102.0,73038.0,52938.0,64254.25,17,0.879737260056409,4,9,2017
2017-09-09,1412626.0,64087.0,52566.0,58859.416666666664,15,0.9184298947784522,5,9,2017
2017-09-10,1299028.0,59509.0,48830.0,54126.166666666664,20,0.9095458950186807,6,9,2017
2017-09-11,1486996.0,70946.0,47583.0,61958.166666666664,15,0.8733144457286762,0,9,2017
2017-09-12,1529258.0,72229.0,52623.0,63719.083333333336,17,0.8821814414339578,1,9,2017
2017-09-13,1501174.0,70373.0,52370.0,62548.916666666664,17,0.8888198125227952,2,9,2017
2017-09-14,1508700.0,71099.0,52388.0,62862.5,17,0.8841544888113757,3,9,2017
2017-09-15,1493605.0,69521.0,52333.0,62233.541666666664,17,0.8951761578036372,4,9,2017
2017-09-16,1364937.0,60602.0,51516.0,56872.375,15,0.9384570641232962,5,9,2017
2017-09-17,1268003.0,58088.0,47944.0,52833.458333333336,20,0.9095417010971859,6,9,2017
2017-09-18,1470484.0,71299.0,46833.0,61270.166666666664,17,0.8593411782306437,0,9,2017
2017-09-19,1544888.0,73115.0,52518.0,64370.333333333336,16,0.8803984590485309,1,9,2017
2017-09-20,1498778.0,68979.0,52968.0,62449.083333333336,17,0.9053347153964734,2,9,2017
2017-09-21,1494595.0,69362.0,52419.0,62274.791666666664,17,0.8978228953413492,3,9,2017
2017-09-22,1500726.0,69987.0,52462.0,62530.25,17,0.8934552131110063,4,9,2017
2017-09-23,1392911.0,61791.0,52456.0,58037.958333333336,15,0.9392623251498331,5,9,2017
2017-09-24,1291261.0,59195.0,48965.0,53802.541666666664,20,0.9089034828392037,6,9,2017
2017-09-25,1493318.0,72798.0,47472.0,62221.583333333336,17,0.8547155599512808,0,9,2017
2017-09-26,1542824.0,72947.0,52959.0,64284.333333333336,17,0.8812471154856722,1,9,2017
2017-09-27,1530130.0,70978.0,53500.0,63755.416666666664,15,0.8982419435130133,2,9,2017
2017-09-28,1489824.0,68330.0,52991.0,62076.0,17,0.9084735840772721,3,9,2017
2017-09-29,1434756.0,64707.0,52010.0,59781.5,17,0.9238799511644799,4,9,2017
2017-09-30,1331898.0,58351.0,51190.0,55495.75,19,0.9510676766465014,5,9,2017
2017-10-01,1269790.0,56530.0,47887.0,52907.916666666664,20,0.9359263517896101,6,10,2017
2017-10-02,1251897.0,55447.0,46778.0,52162.375,20,0.9407609969881148,0,10,2017
2017-10-03,1106856.0,48934.0,43765.0,46119.0,20,0.9424735357828913,1,10,2017
2017-10-04,1015783.0,46004.0,39525.0,42324.291666666664,20,0.92001329594528,2,10,2017
2017-10-05,1057831.0,48919.0,39932.0,44076.291666666664,20,0.9010055738397487,3,10,2017
2017-10-06,1133931.0,52312.0,41204.0,47247.125,20,0.9031794808074629,4,10,2017
2017-10-07,1184115.0,54716.0,43215.0,49338.125,20,0.9017129358871262,5,10,2017
2017-10-08,1211970.0,56165.0,45296.0,50498.75,20,0.8991142170390812,6,10,2017
2017-10-09,1340050.0,62781.0,45945.0,55835.416666666664,19,0.8893680678336864,0,10,2017
2017-10-10,1478635.0,70113.0,49629.0,61609.791666666664,17,0.8787213735921536,1,10,2017
2017-10-11,1488575.0,68423.0,52233.0,62023.958333333336,11,0.9064782066459135,2,10,2017
2017-10-12,1477843.0,67158.0,51842.0,61576.791666666664,19,0.916894363540705,3,10,2017
2017-10-13,1457782.0,66400.0,52801.0,60740.916666666664,19,0.9147728413654618,4,10,2017
2017-10-14,1355253.0,58848.0,52578.0,56468.875,19,0.959571693175639,5,10,2017
2017-10-15,1258447.0,56499.0,49010.0,52435.291666666664,20,0.9280746856876523,6,10,2017
2017-10-16,1441146.0,67783.0,47227.0,60047.75,19,0.8858821533422835,0,10,2017
2017-10-17,1478307.0,68021.0,52993.0,61596.125,19,0.9055457138236721,1,10,2017
2017-10-18,1494301.0,67701.0,53005.0,62262.541666666664,17,0.919669453430033,2,10,2017
2017-10-19,1486393.0,68224.0,53390.0,61933.041666666664,19,0.9077896585756723,3,10,2017
2017-10-20,1471828.0,66981.0,53233.0,61326.166666666664,19,0.9155755612288061,4,10,2017
2017-10-21,1353293.0,58896.0,52464.0,56387.208333333336,19,0.9574030211446165,5,10,2017
2017-10-22,1243563.0,56047.0,48974.0,51815.125,20,0.9244941745320892,6,10,2017
2017-10-23,1423309.0,67501.0,47227.0,59304.541666666664,19,0.8785727865760014,0,10,2017
2017-10-24,1478747.0,67971.0,52729.0,61614.458333333336,19,0.9064815632156852,1,10,2017
2017-10-25,1476962.0,67111.0,53386.0,61540.083333333336,19,0.9169895148833028,2,10,2017
2017-10-26,1480355.0,67751.0,53151.0,61681.458333333336,19,0.9104139914294008,3,10,2017
2017-10-27,1470375.0,66589.0,53153.0,61265.625,19,0.9200562405202061,4,10,2017
2017-10-28,1348846.0,58510.0,52422.0,56201.916666666664,19,0.9605523272375092,5,10,2017
2017-10-29,1242463.0,56295.0,48555.0,51769.291666666664,20,0.9196072771412499,6,10,2017
2017-10-30,1441013.0,68265.0,47851.0,60042.208333333336,19,0.8795460094240583,0,10,2017
2017-10-31,1487188.0,67675.0,54019.0,61966.166666666664,19,0.9156433936707302,1,10,2017
2017-11-01,1479052.0,66262.0,53408.0,61627.166666666664,17,0.9300529212318774,2,11,2017
2017-11-02,1483639.0,67063.0,53388.0,61818.291666666664,19,0.9217943078398918,3,11,2017
2017-11-03,1487590.0,66731.0,53182.0,61982.916666666664,17,0.9288474122471815,4,11,2017
2017-11-04,1365766.0,58933.0,53629.0,56906.916666666664,19,0.9656205634647255,5,11,2017
2017-11-05,1269839.0,56809.0,49785.0,52909.958333333336,19,0.9313657753759674,6,11,2017
2017-11-06,1463922.0,68148.0,49175.0,60996.75,19,0.895062951223807,0,11,2017
2017-11-07,1506180.0,67851.0,54437.0,62757.5,19,0.9249310990258065,1,11,2017
2017-11-08,1485575.0,66862.0,53645.0,61898.958333333336,18,0.9257718634401205,2,11,2017
2017-11-09,1497051.0,67500.0,54564.0,62377.125,19,0.9241055555555555,3,11,2017
2017-11-10,1509727.0,68299.0,54397.0,62905.291666666664,17,0.9210280043143628,4,11,2017
2017-11-11,1382747.0,59621.0,54347.0,57614.458333333336,19,0.966345051799422,5,11,2017
2017-11-12,1293142.0,57618.0,50552.0,53880.916666666664,19,0.93514034965925,6,11,2017
2017-11-13,1513378.0,70689.0,50551.0,63057.416666666664,11,0.8920400156554296,0,11,2017
2017-11-14,1545432.0,70501.0,55290.0,64393.0,18,0.913362931022255,1,11,2017
2017-11-15,1581741.0,71978.0,56254.0,65905.875,18,0.9156391536302759,2,11,2017
2017-11-16,1605697.0,72971.0,57749.0,66904.04166666667,18,0.9168579527026719,3,11,2017
2017-11-17,1626475.0,74345.0,58376.0,67769.79166666667,11,0.9115581635169369,4,11,2017
2017-11-18,1480720.0,64400.0,57410.0,61696.666666666664,19,0.9580227743271221,5,11,2017
2017-11-19,1389170.0,61715.0,54738.0,57882.083333333336,19,0.9378932728402064,6,11,2017
2017-11-20,1628404.0,76794.0,53795.0,67850.16666666667,18,0.8835347379569585,0,11,2017
2017-11-21,1670823.0,77327.0,60103.0,69617.625,10,0.9003016410826749,1,11,2017
2017-11-22,1662175.0,77349.0,59278.0,69257.29166666667,11,0.8953870336612842,2,11,2017
2017-11-23,1678533.0,77003.0,59781.0,69938.875,11,0.9082616911029441,3,11,2017
2017-11-24,1684432.0,77605.0,60320.0,70184.66666666667,10,0.904383308635612,4,11,2017
2017-11-25,1511860.0,65980.0,60436.0,62994.166666666664,11,0.954746387794281,5,11,2017
2017-11-26,1376435.0,61257.0,54996.0,57351.458333333336,24,0.9362433408970948,6,11,2017
2017-11-27,1615985.0,76318.0,54393.0,67332.70833333333,10,0.8822651056544109,0,11,2017
2017-11-28,1642737.0,76519.0,59190.0,68447.375,10,0.8945147610397418,1,11,2017
2017-11-29,1628947.0,74378.0,57920.0,67872.79166666667,10,0.9125385418627373,2,11,2017
2017-11-30,1674615.0,77048.0,59277.0,69775.625,10,0.9056124104454366,3,11,2017
2017-12-01,1691093.0,77668.0,61076.0,70462.20833333333,10,0.9072231592590685,4,12,2017
2017-12-02,1519505.0,66179.0,60548.0,63312.708333333336,11,0.9566888035983218,5,12,2017
2017-12-03,1392043.0,61218.0,55602.0,58001.791666666664,19,0.9474630283032224,6,12,2017
2017-12-04,1654382.0,79221.0,53596.0,68932.58333333333,18,0.8701301843366447,0,12,2017
2017-12-05,1753207.0,80788.0,62444.0,73050.29166666667,10,0.9042220585565514,1,12,2017
2017-12-06,1731170.0,80911.0,62593.0,72132.08333333333,10,0.8914990957142209,2,12,2017
2017-12-07,1722531.0,80127.0,61118.0,71772.125,11,0.8957295917730602,3,12,2017
2017-12-08,1750415.0,81361.0,62459.0,72933.95833333333,10,0.8964240647648545,4,12,2017
2017-12-09,1564711.0,68767.0,62264.0,65196.291666666664,11,0.9480752638135539,5,12,2017
2017-12-10,1440591.0,64000.0,57445.0,60024.625,24,0.937884765625,6,12,2017
2017-12-11,1758221.0,83927.0,57198.0,73259.20833333333,18,0.8728920172689758,0,12,2017
2017-12-12,1834577.0,85133.0,64986.0,76440.70833333333,10,0.8978975054718303,1,12,2017
2017-12-13,1832812.0,84012.0,65958.0,76367.16666666667,10,0.9090030789252329,2,12,2017
2017-12-14,1840515.0,84968.0,66599.0,76688.125,10,0.9025530199604557,3,12,2017
2017-12-15,1801101.0,84115.0,65457.0,75045.875,10,0.89218183439339,4,12,2017
2017-12-16,1611527.0,70890.0,62998.0,67146.95833333333,11,0.9471992993840221,5,12,2017
2017-12-17,1513702.0,66825.0,59930.0,63070.916666666664,19,0.9438221723406908,6,12,2017
2017-12-18,1768179.0,84640.0,59657.0,73674.125,11,0.8704409853497165,0,12,2017
2017-12-19,1803807.0,83873.0,63812.0,75158.625,10,0.8961003541068043,1,12,2017
2017-12-20,1802867.0,83664.0,65348.0,75119.45833333333,10,0.8978707488684897,2,12,2017
2017-12-21,1780137.0,83450.0,64110.0,74172.375,10,0.8888241461953266,3,12,2017
2017-12-22,1738168.0,81852.0,63884.0,72423.66666666667,10,0.8848124256788676,4,12,2017
2017-12-23,1532036.0,67211.0,61355.0,63834.833333333336,11,0.949767647160931,5,12,2017
2017-12-24,1425425.0,63302.0,56134.0,59392.708333333336,24,0.9382437890324687,6,12,2017
2017-12-25,1477804.0,66498.0,55881.0,61575.166666666664,19,0.9259702046176826,0,12,2017
2017-12-26,1735288.0,81374.0,58432.0,72303.66666666667,11,0.8885352405764332,1,12,2017
2017-12-27,1796024.0,83589.0,64408.0,74834.33333333333,10,0.8952653259798936,2,12,2017
2017-12-28,1779375.0,83478.0,64475.0,74140.625,10,0.8881456791010806,3,12,2017
2017-12-29,1675095.0,78857.0,62553.0,69795.625,10,0.885091050889585,4,12,2017
2017-12-30,1486375.0,64779.0,59574.0,61932.291666666664,11,0.9560550744325579,5,12,2017
2017-12-31,1374501.0,62446.0,54017.0,57270.875,24,0.917126397207187,6,12,2017
2018-01-01,1353187.0,62145.0,52174.0,56382.791666666664,24,0.9072780057392656,0,1,2018
2018-01-02,1670916.0,79331.0,55675.0,69621.5,11,0.8776077447656023,1,1,2018
2018-01-03,1760721.0,81596.0,62446.0,73363.375,10,0.8991050419138193,2,1,2018
2018-01-04,1798103.0,84027.0,64326.0,74920.95833333333,11,0.8916295754142517,3,1,2018
2018-01-05,1761090.0,82551.0,64128.0,73378.75,10,0.8888898983658586,4,1,2018
2018-01-06,1576809.0,68502.0,63422.0,65700.375,11,0.9591015590785671,5,1,2018
2018-01-07,1478994.0,64428.0,59740.0,61624.75,1,0.9564901906003601,6,1,2018
2018-01-08,1721779.0,83012.0,56844.0,71740.79166666667,11,0.8642219397998684,0,1,2018
2018-01-09,1792973.0,84021.0,63447.0,74707.20833333333,11,0.8891492404676608,1,1,2018
2018-01-10,1815982.0,84978.0,64255.0,75665.91666666667,11,0.8904177159578558,2,1,2018
2018-01-11,1864695.0,85612.0,66779.0,77695.625,11,0.9075319464561042,3,1,2018
2018-01-12,1868776.0,85497.0,67972.0,77865.66666666667,11,0.9107415074992885,4,1,2018
2018-01-13,1646536.0,72843.0,66000.0,68605.66666666667,11,0.9418292309029923,5,1,2018
2018-01-14,1488055.0,66286.0,58918.0,62002.291666666664,1,0.9353753683532973,6,1,2018
2018-01-15,1690342.0,80495.0,57396.0,70430.91666666667,10,0.8749725655837838,0,1,2018
2018-01-16,1753320.0,82564.0,62327.0,73055.0,11,0.8848287389176881,1,1,2018
2018-01-17,1720821.0,80766.0,61701.0,71700.875,11,0.887760629472798,2,1,2018
2018-01-18,1717556.0,79748.0,61187.0,71564.83333333333,10,0.8973871863035227,3,1,2018
2018-01-19,1713464.0,79633.0,62616.0,71394.33333333333,10,0.8965420533363471,4,1,2018
2018-01-20,1550008.0,67813.0,62330.0,64583.666666666664,11,0.9523788457473739,5,1,2018
2018-01-21,1442790.0,63917.0,57119.0,60116.25,24,0.9405361640878014,6,1,2018
2018-01-22,1695997.0,80609.0,56504.0,70666.54166666667,11,0.8766582102081241,0,1,2018
2018-01-23,1836004.0,85442.0,64018.0,76500.16666666667,11,0.895346160748422,1,1,2018
2018-01-24,1888332.0,86277.0,68236.0,78680.5,17,0.9119522004705773,2,1,2018
2018-01-25,1910215.0,87247.0,68999.0,79592.29166666667,17,0.9122639364868325,3,1,2018
2018-01-26,1910106.0,87063.0,69893.0,79587.75,11,0.9141397608628234,4,1,2018
2018-01-27,1694927.0,74418.0,68622.0,70621.95833333333,1,0.9489902756501563,5,1,2018
2018-01-28,1534962.0,68496.0,60385.0,63956.75,1,0.9337297068441953,6,1,2018
2018-01-29,1835092.0,86561.0,61774.0,76462.16666666667,11,0.8833327557059955,0,1,2018
2018-01-30,1872284.0,86754.0,68250.0,78011.83333333333,10,0.8992303909137714,1,1,2018
2018-01-31,1835830.0,85260.0,66496.0,76492.91666666667,10,0.8971723746970053,2,1,2018
2018-02-01,1812748.0,83904.0,66392.0,75531.16666666667,10,0.9002093662598526,3,2,2018
2018-02-02,1812136.0,84653.0,66403.0,75505.66666666667,10,0.8919431876799011,4,2,2018
2018-02-03,1658220.0,72685.0,65331.0,69092.5,11,0.9505743963678889,5,2,2018
2018-02-04,1568949.0,69711.0,62571.0,65372.875,24,0.9377698641534334,6,2,2018
2018-02-05,1859383.0,87623.0,63014.0,77474.29166666667,11,0.8841775751419909,0,2,2018
2018-02-06,1914480.0,88238.0,68944.0,79770.0,10,0.9040322763435255,1,2,2018
2018-02-07,1894390.0,87513.0,69488.0,78932.91666666667,11,0.9019564712290365,2,2,2018
2018-02-08,1865991.0,87277.0,68801.0,77749.625,10,0.8908375058721083,3,2,2018
2018-02-09,1799535.0,84660.0,66831.0,74980.625,10,0.8856676706827309,4,2,2018
2018-02-10,1619109.0,71240.0,63800.0,67462.875,11,0.9469802779337451,5,2,2018
2018-02-11,1549385.0,68538.0,61973.0,64557.708333333336,24,0.9419257686733394,6,2,2018
2018-02-12,1823918.0,86637.0,61898.0,75996.58333333333,11,0.8771839206497608,0,2,2018
2018-02-13,1797776.0,83809.0,66818.0,74907.33333333333,10,0.8937862679823566,1,2,2018
2018-02-14,1649436.0,77843.0,64138.0,68726.5,10,0.8828860655421811,2,2,2018
2018-02-15,1339174.0,63182.0,51498.0,55798.916666666664,1,0.8831457799162208,3,2,2018
2018-02-16,1219654.0,57733.0,44473.0,50818.916666666664,24,0.8802403593554234,4,2,2018
2018-02-17,1272505.0,59867.0,48868.0,53021.041666666664,24,0.8856472124320021,5,2,2018
2018-02-18,1340319.0,61172.0,52836.0,55846.625,24,0.9129442391944027,6,2,2018
2018-02-19,1621543.0,76438.0,53936.0,67564.29166666667,11,0.8839097264013537,0,2,2018
2018-02-20,1706514.0,79383.0,61526.0,71104.75,10,0.8957175969666049,1,2,2018
2018-02-21,1724667.0,80128.0,62006.0,71861.125,10,0.8968291358825878,2,2,2018
2018-02-22,1728076.0,79662.0,63240.0,72003.16666666667,10,0.9038583850100006,3,2,2018
2018-02-23,1694759.0,79069.0,62365.0,70614.95833333333,10,0.8930801999940979,4,2,2018
2018-02-24,1514857.0,66278.0,60543.0,63119.041666666664,11,0.9523377541064405,5,2,2018
2018-02-25,1406963.0,63005.0,55561.0,58623.458333333336,24,0.9304572388434781,6,2,2018
2018-02-26,1625975.0,76656.0,56307.0,67748.95833333333,10,0.8838050293953941,0,2,2018
2018-02-27,1673391.0,77133.0,61249.0,69724.625,10,0.9039532366172714,1,2,2018
2018-02-28,1685883.0,78122.0,60101.0,70245.125,15,0.8991721282097233,2,2,2018
2018-03-01,1553536.0,68728.0,60158.0,64730.666666666664,20,0.9418383579715206,3,3,2018
2018-03-02,1644504.0,76433.0,60396.0,68521.0,10,0.8964845027671294,4,3,2018
2018-03-03,1450781.0,64571.0,57634.0,60449.208333333336,1,0.9361665195417964,5,3,2018
2018-03-04,1337053.0,58887.0,53376.0,55710.541666666664,20,0.9460584113075324,6,3,2018
2018-03-05,1598519.0,77198.0,51725.0,66604.95833333333,11,0.8627808794701071,0,3,2018
2018-03-06,1622439.0,74384.0,59561.0,67601.625,10,0.9088194369756937,1,3,2018
2018-03-07,1647065.0,75974.0,59021.0,68627.70833333333,10,0.9033051877396653,2,3,2018
2018-03-08,1681793.0,78855.0,59693.0,70074.70833333333,11,0.8886526958763975,3,3,2018
2018-03-09,1646295.0,75922.0,60114.0,68595.625,10,0.9035012907984511,4,3,2018
2018-03-10,1462837.0,64427.0,58316.0,60951.541666666664,1,0.9460558720205297,5,3,2018
2018-03-11,1334810.0,59781.0,51766.0,55617.083333333336,24,0.9303471560083193,6,3,2018
2018-03-12,1544217.0,73285.0,52909.0,64342.375,10,0.8779746878624548,0,3,2018
2018-03-13,1547582.0,71017.0,57516.0,64482.583333333336,10,0.907987993485128,1,3,2018
2018-03-14,1508900.0,68060.0,55954.0,62870.833333333336,9,0.9237559996081889,2,3,2018
2018-03-15,1557614.0,71174.0,54874.0,64900.583333333336,11,0.9118580286808854,3,3,2018
2018-03-16,1569461.0,72510.0,56158.0,65394.208333333336,10,0.901864685330759,4,3,2018
2018-03-17,1410584.0,61946.0,56248.0,58774.333333333336,1,0.9487994920306935,5,3,2018
2018-03-18,1322823.0,58324.0,52560.0,55117.625,23,0.9450247753926343,6,3,2018
2018-03-19,1550032.0,72795.0,50417.0,64584.666666666664,11,0.8872129496073448,0,3,2018
2018-03-20,1604793.0,72583.0,57171.0,66866.375,10,0.9212401664301558,1,3,2018
2018-03-21,1675830.0,78017.0,58725.0,69826.25,11,0.8950132663393876,2,3,2018
2018-03-22,1599283.0,73423.0,59344.0,66636.79166666667,10,0.907573807480853,3,3,2018
2018-03-23,1572464.0,72231.0,58607.0,65519.333333333336,10,0.9070805240593836,4,3,2018
2018-03-24,1409533.0,61698.0,56456.0,58730.541666666664,1,0.9519034922795985,5,3,2018
2018-03-25,1286156.0,57513.0,49902.0,53589.833333333336,23,0.931786436689676,6,3,2018
2018-03-26,1478796.0,69467.0,50382.0,61616.5,10,0.8869895058085134,0,3,2018
2018-03-27,1507733.0,67622.0,55341.0,62822.208333333336,10,0.929020264608165,1,3,2018
2018-03-28,1487801.0,66068.0,54765.0,61991.708333333336,10,0.9383015731266776,2,3,2018
2018-03-29,1493955.0,67110.0,54460.0,62248.125,10,0.9275536432722397,3,3,2018
2018-03-30,1476058.0,65637.0,54387.0,61502.416666666664,10,0.9370083438710889,4,3,2018
2018-03-31,1335968.0,57558.0,53662.0,55665.333333333336,1,0.9671172266814924,5,3,2018
2018-04-01,1250471.0,56397.0,49091.0,52102.958333333336,20,0.9238604594807053,6,4,2018
2018-04-02,1422775.0,65846.0,47916.0,59282.291666666664,20,0.9003172807257337,0,4,2018
2018-04-03,1475732.0,66335.0,53121.0,61488.833333333336,20,0.9269440466319943,1,4,2018
2018-04-04,1501451.0,68281.0,53235.0,62560.458333333336,11,0.9162205933324546,2,4,2018
2018-04-05,1543934.0,70520.0,54079.0,64330.583333333336,11,0.9122317545849877,3,4,2018
2018-04-06,1527282.0,69296.0,55130.0,63636.75,10,0.9183322269683676,4,4,2018
2018-04-07,1405561.0,60912.0,55857.0,58565.041666666664,11,0.9614696885123895,5,4,2018
2018-04-08,1295753.0,58110.0,50748.0,53989.708333333336,20,0.9290949635748293,6,4,2018
2018-04-09,1471032.0,68149.0,50224.0,61293.0,10,0.8993969097125416,0,4,2018
2018-04-10,1494575.0,66523.0,54763.0,62273.958333333336,20,0.9361267280990535,1,4,2018
2018-04-11,1469363.0,65533.0,53909.0,61223.458333333336,20,0.9342386024343969,2,4,2018
2018-04-12,1479636.0,66438.0,54122.0,61651.5,20,0.9279553869773323,3,4,2018
2018-04-13,1486403.0,66251.0,54285.0,61933.458333333336,10,0.934830543438338,4,4,2018
2018-04-14,1395555.0,62481.0,53681.0,58148.125,11,0.9306529184872201,5,4,2018
2018-04-15,1251643.0,56623.0,49129.0,52151.791666666664,21,0.9210354743949749,6,4,2018
2018-04-16,1432697.0,65807.0,48920.0,59695.708333333336,20,0.9071331064071199,0,4,2018
2018-04-17,1478969.0,66463.0,54253.0,61623.708333333336,20,0.9271881849048844,1,4,2018
2018-04-18,1473663.0,65537.0,54392.0,61402.625,20,0.9369154065642309,2,4,2018
2018-04-19,1479490.0,66264.0,54643.0,61645.416666666664,20,0.9303002635920963,3,4,2018
2018-04-20,1470348.0,65575.0,54157.0,61264.5,17,0.9342661075104842,4,4,2018
2018-04-21,1329444.0,57277.0,52864.0,55393.5,20,0.9671159453183651,5,4,2018
2018-04-22,1255732.0,56420.0,48596.0,52322.166666666664,20,0.927369136240104,6,4,2018
2018-04-23,1483866.0,69692.0,47984.0,61827.75,11,0.8871570625035872,0,4,2018
2018-04-24,1516558.0,68449.0,54477.0,63189.916666666664,11,0.923167857334171,1,4,2018
2018-04-25,1468809.0,64939.0,54443.0,61200.375,20,0.9424286638229723,2,4,2018
2018-04-26,1464496.0,65403.0,53731.0,61020.666666666664,20,0.9329949186836485,3,4,2018
2018-04-27,1451617.0,64547.0,53330.0,60484.041666666664,17,0.937054265367355,4,4,2018
2018-04-28,1317097.0,56946.0,52555.0,54879.041666666664,21,0.9637031866446575,5,4,2018
2018-04-29,1226206.0,55893.0,48823.0,51091.916666666664,21,0.9141022429761627,6,4,2018
2018-04-30,1398453.0,64781.0,46930.0,58268.875,17,0.8994747688365415,0,4,2018
2018-05-01,1359447.0,60435.0,51553.0,56643.625,20,0.9372652436502027,1,5,2018
2018-05-02,1471261.0,67840.0,50244.0,61302.541666666664,15,0.9036341637185534,2,5,2018
2018-05-03,1470155.0,65747.0,53676.0,61256.458333333336,20,0.9316996719748937,3,5,2018
2018-05-04,1446936.0,63828.0,53810.0,60289.0,17,0.9445541141818637,4,5,2018
2018-05-05,1287416.0,56278.0,51875.0,53642.333333333336,1,0.9531670161223451,5,5,2018
2018-05-06,1240228.0,55321.0,47515.0,51676.166666666664,21,0.9341148328241836,6,5,2018
2018-05-07,1340548.0,60354.0,47182.0,55856.166666666664,21,0.9254758038682882,0,5,2018
2018-05-08,1441295.0,65600.0,50423.0,60053.958333333336,17,0.9154566819105692,1,5,2018
2018-05-09,1458494.0,65350.0,52864.0,60770.583333333336,17,0.9299247640907932,2,5,2018
2018-05-10,1461843.0,65752.0,53070.0,60910.125,17,0.9263615555420367,3,5,2018
2018-05-11,1454842.0,65425.0,53154.0,60618.416666666664,17,0.9265329257419437,4,5,2018
2018-05-12,1364860.0,60553.0,52061.0,56869.166666666664,11,0.939163487633423,5,5,2018
2018-05-13,1239650.0,55959.0,48992.0,51652.083333333336,21,0.923034424012819,6,5,2018
2018-05-14,1424155.0,66805.0,47238.0,59339.791666666664,17,0.8882537484719207,0,5,2018
2018-05-15,1499477.0,70067.0,52705.0,62478.208333333336,17,0.891692356363671,1,5,2018
2018-05-16,1549763.0,72229.0,53648.0,64573.458333333336,15,0.8940101390484894,2,5,2018
2018-05-17,1565073.0,73173.0,54175.0,65211.375,15,0.8911944979705629,3,5,2018
2018-05-18,1519103.0,70160.0,53773.0,63295.958333333336,11,0.9021658827442037,4,5,2018
2018-05-19,1334005.0,57867.0,52202.0,55583.541666666664,11,0.9605395418229157,5,5,2018
2018-05-20,1224580.0,55326.0,48262.0,51024.166666666664,21,0.922245719312198,6,5,2018
2018-05-21,1381526.0,64307.0,46723.0,57563.583333333336,17,0.8951371286692481,0,5,2018
2018-05-22,1371509.0,60900.0,51484.0,57146.208333333336,17,0.9383613847837986,1,5,2018
2018-05-23,1433160.0,65409.0,50279.0,59715.0,17,0.91294775948264,2,5,2018
2018-05-24,1459692.0,66977.0,52573.0,60820.5,17,0.908080385804082,3,5,2018
2018-05-25,1455310.0,67071.0,51864.0,60637.916666666664,15,0.904085471614657,4,5,2018
2018-05-26,1335663.0,58811.0,51488.0,55652.625,21,0.9462961860876367,5,5,2018
2018-05-27,1245288.0,56576.0,47998.0,51887.0,21,0.9171203337104072,6,5,2018
2018-05-28,1458695.0,70232.0,47070.0,60778.958333333336,17,0.8654026417207731,0,5,2018
2018-05-29,1517117.0,70664.0,53051.0,63213.208333333336,17,0.8945602900109438,1,5,2018
2018-05-30,1519420.0,70407.0,53505.0,63309.166666666664,15,0.8991885276558675,2,5,2018
2018-05-31,1490150.0,69024.0,52730.0,62089.583333333336,17,0.8995361516767115,3,5,2018
2018-06-01,1497966.0,70127.0,52819.0,62415.25,17,0.8900316568511415,4,6,2018
2018-06-02,1362333.0,59990.0,52120.0,56763.875,15,0.9462222870478413,5,6,2018
2018-06-03,1267996.0,58359.0,48185.0,52833.166666666664,21,0.9053130908114715,6,6,2018
2018-06-04,1472190.0,71429.0,47220.0,61341.25,17,0.8587723473659158,0,6,2018
2018-06-05,1525421.0,71221.0,53110.0,63559.208333333336,17,0.8924222958584312,1,6,2018
2018-06-06,1441256.0,65117.0,52784.0,60052.333333333336,17,0.9222220515891908,2,6,2018
2018-06-07,1530056.0,73379.0,51569.0,63752.333333333336,17,0.8688089689602384,3,6,2018
2018-06-08,1523383.0,71187.0,53371.0,63474.291666666664,17,0.8916556627848717,4,6,2018
2018-06-09,1373656.0,61116.0,52240.0,57235.666666666664,15,0.936508715666383,5,6,2018
2018-06-10,1258147.0,56753.0,48110.0,52422.791666666664,21,0.9237008028944138,6,6,2018
2018-06-11,1442756.0,68243.0,46838.0,60114.833333333336,17,0.8808937668820734,0,6,2018
2018-06-12,1494921.0,68930.0,52717.0,62288.375,17,0.9036468156100391,1,6,2018
2018-06-13,1433244.0,65009.0,52506.0,59718.5,15,0.9186189604516298,2,6,2018
2018-06-14,1484977.0,68133.0,51443.0,61874.041666666664,17,0.908136169942123,3,6,2018
2018-06-15,1484017.0,68421.0,52781.0,61834.041666666664,17,0.9037289964582024,4,6,2018
2018-06-16,1347054.0,58833.0,51958.0,56127.25,21,0.9540096544456342,5,6,2018
2018-06-17,1275768.0,58275.0,48328.0,53157.0,21,0.9121750321750322,6,6,2018
2018-06-18,1502939.0,73210.0,47797.0,62622.458333333336,17,0.855381209306561,0,6,2018
2018-06-19,1547291.0,72215.0,53847.0,64470.458333333336,15,0.8927571603314178,1,6,2018
2018-06-20,1543256.0,72551.0,53759.0,64302.333333333336,17,0.8863052657211249,2,6,2018
2018-06-21,1546515.0,72656.0,53765.0,64438.125,17,0.8868933742567716,3,6,2018
2018-06-22,1551550.0,73832.0,53709.0,64647.916666666664,17,0.8756083631307111,4,6,2018
2018-06-23,1401319.0,61832.0,52701.0,58388.291666666664,15,0.9443054028119204,5,6,2018
2018-06-24,1321979.0,60899.0,49263.0,55082.458333333336,21,0.9044887162898132,6,6,2018
2018-06-25,1556993.0,76606.0,48475.0,64874.708333333336,17,0.8468619733876372,0,6,2018
2018-06-26,1601396.0,75237.0,54529.0,66724.83333333333,17,0.8868619606487942,1,6,2018
2018-06-27,1590814.0,74803.0,54844.0,66283.91666666667,17,0.8861130792437024,2,6,2018
2018-06-28,1590963.0,74820.0,54676.0,66290.125,15,0.8859947206629244,3,6,2018
2018-06-29,1587679.0,75049.0,54519.0,66153.29166666667,17,0.8814679964645321,4,6,2018
2018-06-30,1443363.0,65571.0,53632.0,60140.125,14,0.9171756569215049,5,6,2018
2018-07-01,1336340.0,60609.0,49711.0,55680.833333333336,21,0.9186891935741117,6,7,2018
2018-07-02,1553552.0,75611.0,49054.0,64731.333333333336,15,0.856110001631156,0,7,2018
2018-07-03,1624878.0,77312.0,55171.0,67703.25,15,0.8757146367963576,1,7,2018
2018-07-04,1646317.0,78919.0,55444.0,68596.54166666667,17,0.8692018609798232,2,7,2018
2018-07-05,1636050.0,77530.0,55681.0,68168.75,15,0.8792564168708887,3,7,2018
2018-07-06,1573721.0,73639.0,55080.0,65571.70833333333,15,0.8904481094709777,4,7,2018
2018-07-07,1378858.0,60855.0,52418.0,57452.416666666664,16,0.9440870374934954,5,7,2018
2018-07-08,1279259.0,58944.0,48356.0,53302.458333333336,21,0.9042898061436845,6,7,2018
2018-07-09,1493422.0,70920.0,47991.0,62225.916666666664,15,0.8774099924797893,0,7,2018
2018-07-10,1599624.0,76258.0,54071.0,66651.0,17,0.874019774974429,1,7,2018
2018-07-11,1666126.0,79406.0,55814.0,69421.91666666667,15,0.8742653787707059,2,7,2018
2018-07-12,1705500.0,81393.0,56718.0,71062.5,17,0.8730787659872471,3,7,2018
2018-07-13,1714881.0,82076.0,57305.0,71453.375,17,0.8705757468687558,4,7,2018
2018-07-14,1559509.0,70700.0,56335.0,64979.541666666664,15,0.9190882838283828,5,7,2018
2018-07-15,1476020.0,69798.0,52633.0,61500.833333333336,21,0.8811260112515164,6,7,2018
2018-07-16,1730656.0,86306.0,52357.0,72110.66666666667,17,0.8355232158443987,0,7,2018
2018-07-17,1779885.0,86286.0,58304.0,74161.875,17,0.8594890828176066,1,7,2018
2018-07-18,1792395.0,86710.0,58783.0,74683.125,17,0.8612977165263522,2,7,2018
2018-07-19,1802460.0,87591.0,58780.0,75102.5,17,0.8574225662453905,3,7,2018
2018-07-20,1812823.0,88080.0,59246.0,75534.29166666667,17,0.8575646192854981,4,7,2018
2018-07-21,1663950.0,76999.0,58575.0,69331.25,15,0.9004175378901025,5,7,2018
2018-07-22,1570571.0,73794.0,54918.0,65440.458333333336,21,0.8867991751813608,6,7,2018
2018-07-23,1824384.0,90695.0,55099.0,76016.0,17,0.8381498428799824,0,7,2018
2018-07-24,1903235.0,92478.0,61177.0,79301.45833333333,17,0.8575170130553572,1,7,2018
2018-07-25,1884016.0,90399.0,62204.0,78500.66666666667,17,0.8683798124610523,2,7,2018
2018-07-26,1885894.0,90682.0,61770.0,78578.91666666667,17,0.8665326819729017,3,7,2018
2018-07-27,1886728.0,90678.0,62048.0,78613.66666666667,17,0.8669541307336583,4,7,2018
2018-07-28,1682758.0,77487.0,60669.0,70114.91666666667,12,0.9048603851828909,5,7,2018
2018-07-29,1553043.0,72063.0,55221.0,64710.125,20,0.8979660158472448,6,7,2018
2018-07-30,1703040.0,82882.0,53767.0,70960.0,17,0.8561569460196424,0,7,2018
2018-07-31,1731021.0,83087.0,56853.0,72125.875,17,0.8680765342351993,1,7,2018
2018-08-01,1725928.0,82486.0,57095.0,71913.66666666667,18,0.8718287547785888,2,8,2018
2018-08-02,1730968.0,82283.0,57703.0,72123.66666666667,18,0.8765318068940932,3,8,2018
2018-08-03,1731629.0,81589.0,58482.0,72151.20833333333,17,0.8843251949813495,4,8,2018
2018-08-04,1626587.0,74087.0,57357.0,67774.45833333333,20,0.9147955556755345,5,8,2018
2018-08-05,1590013.0,74791.0,55813.0,66250.54166666667,21,0.8858090099967465,6,8,2018
2018-08-06,1812086.0,88816.0,56450.0,75503.58333333333,17,0.8501124046718308,0,8,2018
2018-08-07,1848030.0,88873.0,60823.0,77001.25,17,0.8664189348846106,1,8,2018
2018-08-08,1850628.0,88955.0,61010.0,77109.5,17,0.8668371648586364,2,8,2018
2018-08-09,1847801.0,88582.0,61264.0,76991.70833333333,17,0.869157484966848,3,8,2018
2018-08-10,1832814.0,87807.0,61052.0,76367.25,17,0.8697171068365848,4,8,2018
2018-08-11,1653529.0,75167.0,59443.0,68897.04166666667,15,0.9165862900829709,5,8,2018
2018-08-12,1557841.0,73509.0,55380.0,64910.041666666664,20,0.8830216934887791,6,8,2018
2018-08-13,1837505.0,91405.0,55663.0,76562.70833333333,17,0.83762057144941,0,8,2018
2018-08-14,1893702.0,91548.0,61722.0,78904.25,17,0.8618893913575392,1,8,2018
2018-08-15,1777196.0,83275.0,61648.0,74049.83333333333,15,0.8892204543180225,2,8,2018
2018-08-16,1818536.0,88720.0,59969.0,75772.33333333333,15,0.8540614667868951,3,8,2018
2018-08-17,1675510.0,80289.0,57626.0,69812.91666666667,17,0.869520316191093,4,8,2018
2018-08-18,1490366.0,67131.0,55273.0,62098.583333333336,17,0.9250358751297215,5,8,2018
2018-08-19,1415599.0,66730.0,52052.0,58983.291666666664,20,0.8839096608222189,6,8,2018
2018-08-20,1690859.0,83917.0,51866.0,70452.45833333333,17,0.8395492967257329,0,8,2018
2018-08-21,1739126.0,84025.0,57964.0,72463.58333333333,17,0.8624050381830803,1,8,2018
2018-08-22,1795701.0,87911.0,58306.0,74820.875,17,0.8510979854625701,2,8,2018
2018-08-23,1776730.0,84786.0,59765.0,74030.41666666667,15,0.8731443477303643,3,8,2018
2018-08-24,1695532.0,79844.0,58260.0,70647.16666666667,12,0.8848149725297665,4,8,2018
2018-08-25,1508742.0,68483.0,55886.0,62864.25,14,0.917954090796256,5,8,2018
2018-08-26,1372945.0,61434.0,51686.0,57206.041666666664,20,0.9311788531866175,6,8,2018
2018-08-27,1597866.0,77224.0,50045.0,66577.75,17,0.862138065886253,0,8,2018
2018-08-28,1675547.0,79359.0,56685.0,69814.45833333333,17,0.879729562284471,1,8,2018
2018-08-29,1688143.0,80284.0,57196.0,70339.29166666667,17,0.8761308812050554,2,8,2018
2018-08-30,1716632.0,81281.0,57845.0,71526.33333333333,17,0.8799883531616655,3,8,2018
2018-08-31,1658172.0,77420.0,57639.0,69090.5,11,0.8924115215706536,4,8,2018
2018-09-01,1465526.0,65117.0,55268.0,61063.583333333336,15,0.9377517903670829,5,9,2018
2018-09-02,1342280.0,62574.0,50115.0,55928.333333333336,20,0.8937950799586624,6,9,2018
2018-09-03,1600510.0,78405.0,49999.0,66687.91666666667,17,0.8505569372701571,0,9,2018
2018-09-04,1616615.0,76268.0,55961.0,67358.95833333333,17,0.8831876846558626,1,9,2018
2018-09-05,1596157.0,75416.0,55190.0,66506.54166666667,17,0.8818624916021358,2,9,2018
2018-09-06,1615780.0,76604.0,55251.0,67324.16666666667,15,0.8788596766052252,3,9,2018
2018-09-07,1574052.0,73304.0,55382.0,65585.5,15,0.8947056095165339,4,9,2018
2018-09-08,1392652.0,61542.0,53328.0,58027.166666666664,20,0.9428872423169,5,9,2018
2018-09-09,1285838.0,59747.0,49511.0,53576.583333333336,20,0.8967242427792749,6,9,2018
2018-09-10,1496747.0,72230.0,48309.0,62364.458333333336,17,0.8634149014721492,0,9,2018
2018-09-11,1534697.0,71320.0,53855.0,63945.708333333336,17,0.8966027528510002,1,9,2018
2018-09-12,1548808.0,73004.0,54129.0,64533.666666666664,17,0.8839743940971271,2,9,2018
2018-09-13,1582835.0,73607.0,54878.0,65951.45833333333,17,0.8959943800634903,3,9,2018
2018-09-14,1582932.0,73530.0,55312.0,65955.5,15,0.8969876240990072,4,9,2018
2018-09-15,1453453.0,64896.0,54606.0,60560.541666666664,12,0.9331937510272846,5,9,2018
2018-09-16,1354705.0,61788.0,51280.0,56446.041666666664,20,0.9135437571480978,6,9,2018
2018-09-17,1521053.0,73080.0,49395.0,63377.208333333336,17,0.8672305464331327,0,9,2018
2018-09-18,1557142.0,72897.0,54455.0,64880.916666666664,17,0.8900354838562172,1,9,2018
2018-09-19,1559948.0,72654.0,54558.0,64997.833333333336,15,0.8946215395344143,2,9,2018
2018-09-20,1556914.0,71784.0,54597.0,64871.416666666664,15,0.9037030071696571,3,9,2018
2018-09-21,1508118.0,69729.0,54224.0,62838.25,11,0.9011781324843322,4,9,2018
2018-09-22,1302361.0,57029.0,51882.0,54265.041666666664,20,0.951534160982424,5,9,2018
2018-09-23,1149754.0,51604.0,45434.0,47906.416666666664,20,0.9283469627677441,6,9,2018
2018-09-24,1048765.0,47981.0,40878.0,43698.541666666664,20,0.9107467886593998,0,9,2018
2018-09-25,1081454.0,51414.0,41171.0,45060.583333333336,20,0.8764263300527743,1,9,2018
2018-09-26,1180594.0,55992.0,42509.0,49191.416666666664,20,0.8785436609991903,2,9,2018
2018-09-27,1373632.0,65404.0,45641.0,57234.666666666664,19,0.8750942857725317,3,9,2018
2018-09-28,1455610.0,66524.0,51819.0,60650.416666666664,17,0.9117073036297677,4,9,2018
2018-09-29,1355958.0,59632.0,52189.0,56498.25,20,0.9474485175744567,5,9,2018
2018-09-30,1254090.0,57311.0,49336.0,52253.75,20,0.911757777739003,6,9,2018
2018-10-01,1416200.0,66789.0,47397.0,59008.333333333336,19,0.883503770580984,0,10,2018
2018-10-02,1449681.0,66291.0,52676.0,60403.375,19,0.9111851533390657,1,10,2018
2018-10-03,1393817.0,63204.0,52641.0,58075.708333333336,20,0.9188612798768011,2,10,2018
2018-10-04,1467206.0,68210.0,51738.0,61133.583333333336,19,0.8962554366417437,3,10,2018
2018-10-05,1506613.0,68545.0,53614.0,62775.541666666664,17,0.9158296253069759,4,10,2018
2018-10-06,1374480.0,60380.0,53550.0,57270.0,11,0.9484928784365684,5,10,2018
2018-10-07,1247353.0,56947.0,49143.0,51973.041666666664,20,0.912656358836579,6,10,2018
2018-10-08,1403102.0,66445.0,47484.0,58462.583333333336,19,0.8798642987934884,0,10,2018
2018-10-09,1417936.0,63339.0,52616.0,59080.666666666664,20,0.9327691732844956,1,10,2018
2018-10-10,1466642.0,67212.0,52212.0,61110.083333333336,19,0.9092138804578548,2,10,2018
2018-10-11,1480608.0,67931.0,54367.0,61692.0,19,0.9081568061709676,3,10,2018
2018-10-12,1476698.0,66908.0,54856.0,61529.083333333336,19,0.919607271676531,4,10,2018
2018-10-13,1342073.0,58171.0,53145.0,55919.708333333336,20,0.96129872846149,5,10,2018
2018-10-14,1252669.0,57197.0,49229.0,52194.541666666664,20,0.9125398476610078,6,10,2018
2018-10-15,1439514.0,67919.0,48809.0,59979.75,19,0.8831070834376242,0,10,2018
2018-10-16,1498625.0,68140.0,54142.0,62442.708333333336,19,0.9163884404657079,1,10,2018
2018-10-17,1482918.0,67428.0,54432.0,61788.25,19,0.9163589310078899,2,10,2018
2018-10-18,1492041.0,68273.0,54414.0,62168.375,19,0.9105850775562814,3,10,2018
2018-10-19,1475800.0,66699.0,54842.0,61491.666666666664,19,0.921927864985482,4,10,2018
2018-10-20,1343895.0,58460.0,52809.0,55995.625,20,0.9578451077659939,5,10,2018
2018-10-21,1253110.0,57268.0,48728.0,52212.916666666664,20,0.9117293543805731,6,10,2018
2018-10-22,1447862.0,67942.0,48927.0,60327.583333333336,19,0.8879276932285382,0,10,2018
2018-10-23,1506166.0,68261.0,54465.0,62756.916666666664,19,0.9193670861350796,1,10,2018
2018-10-24,1483356.0,67241.0,54665.0,61806.5,19,0.9191787748546274,2,10,2018
2018-10-25,1489699.0,68029.0,54900.0,62070.791666666664,19,0.9124166409423432,3,10,2018
2018-10-26,1516962.0,68352.0,54656.0,63206.75,10,0.92472422167603,4,10,2018
2018-10-27,1366303.0,59055.0,54320.0,56929.291666666664,19,0.9640046002314226,5,10,2018
2018-10-28,1278153.0,57363.0,50744.0,53256.375,20,0.928409863500863,6,10,2018
2018-10-29,1484928.0,69629.0,49515.0,61872.0,19,0.8885952692125407,0,10,2018
2018-10-30,1539378.0,70329.0,56176.0,64140.75,19,0.9120099816576377,1,10,2018
2018-10-31,1538906.0,69211.0,56370.0,64121.083333333336,19,0.926457981149432,2,10,2018
2018-11-01,1538631.0,69302.0,56774.0,64109.625,19,0.9250761161294047,3,11,2018
2018-11-02,1524114.0,68213.0,56872.0,63504.75,9,0.9309772330787387,4,11,2018
2018-11-03,1374921.0,59940.0,53592.0,57288.375,1,0.955762012012012,5,11,2018
2018-11-04,1282987.0,58032.0,49406.0,53457.791666666664,20,0.921177827175811,6,11,2018
2018-11-05,1473296.0,68082.0,50104.0,61387.333333333336,19,0.9016675969174427,0,11,2018
2018-11-06,1526183.0,68452.0,55704.0,63590.958333333336,10,0.9289861265314868,1,11,2018
2018-11-07,1542654.0,70063.0,55495.0,64277.25,10,0.9174207498965217,2,11,2018
2018-11-08,1555608.0,71046.0,55490.0,64817.0,15,0.9123244095374827,3,11,2018
2018-11-09,1525326.0,69575.0,55747.0,63555.25,10,0.9134782608695652,4,11,2018
2018-11-10,1369753.0,59583.0,53813.0,57073.041666666664,1,0.957874589508193,5,11,2018
2018-11-11,1305448.0,58243.0,51342.0,54393.666666666664,19,0.9339090820642252,6,11,2018
2018-11-12,1482230.0,67888.0,50223.0,61759.583333333336,10,0.9097275414408045,0,11,2018
2018-11-13,1540567.0,69176.0,56410.0,64190.291666666664,10,0.9279271953664083,1,11,2018
2018-11-14,1541837.0,69403.0,56753.0,64243.208333333336,9,0.925654630683592,2,11,2018
2018-11-15,1545494.0,69041.0,56819.0,64395.583333333336,18,0.9327151016545724,3,11,2018
2018-11-16,1560017.0,71160.0,56746.0,65000.708333333336,10,0.9134444678658422,4,11,2018
2018-11-17,1405179.0,60668.0,55060.0,58549.125,1,0.9650742566097449,5,11,2018
2018-11-18,1339781.0,59566.0,52910.0,55824.208333333336,19,0.9371824250970913,6,11,2018
2018-11-19,1536301.0,71325.0,51846.0,64012.541666666664,18,0.8974769248744012,0,11,2018
2018-11-20,1593582.0,72086.0,58377.0,66399.25,9,0.9211115889354382,1,11,2018
2018-11-21,1626093.0,74205.0,58428.0,67753.875,17,0.9130634728118051,2,11,2018
2018-11-22,1626009.0,73930.0,59016.0,67750.375,18,0.9164124847829027,3,11,2018
2018-11-23,1634929.0,74515.0,60077.0,68122.04166666667,10,0.9142057527567157,4,11,2018
2018-11-24,1493705.0,66283.0,58710.0,62237.708333333336,11,0.938969393861674,5,11,2018
2018-11-25,1361821.0,60418.0,53828.0,56742.541666666664,19,0.9391661701259006,6,11,2018
2018-11-26,1579068.0,74393.0,53271.0,65794.5,10,0.8844178887798583,0,11,2018
2018-11-27,1623112.0,74408.0,59065.0,67629.66666666667,10,0.9089031645342796,1,11,2018
2018-11-28,1628917.0,74495.0,59004.0,67871.54166666667,10,0.9110885518043718,2,11,2018
2018-11-29,1657878.0,75914.0,59806.0,69078.25,10,0.9099540269252049,3,11,2018
2018-11-30,1626040.0,74676.0,59891.0,67751.66666666667,10,0.9072749834842074,4,11,2018
2018-12-01,1465097.0,63484.0,58565.0,61045.708333333336,1,0.9615920284376116,5,12,2018
2018-12-02,1363363.0,60232.0,53913.0,56806.791666666664,19,0.9431330798689511,6,12,2018
2018-12-03,1570718.0,73728.0,52125.0,65446.583333333336,10,0.887676097728588,0,12,2018
2018-12-04,1614895.0,73600.0,57280.0,67287.29166666667,10,0.9142295063405798,1,12,2018
2018-12-05,1663796.0,76287.0,59755.0,69324.83333333333,10,0.9087371810837145,2,12,2018
2018-12-06,1675102.0,78157.0,59577.0,69795.91666666667,10,0.8930219515419818,3,12,2018
2018-12-07,1770608.0,82072.0,62045.0,73775.33333333333,17,0.8989099002501868,4,12,2018
2018-12-08,1615965.0,69510.0,64542.0,67331.875,1,0.9686645806358797,5,12,2018
2018-12-09,1511617.0,67263.0,58767.0,62984.041666666664,19,0.9363846641789195,6,12,2018
2018-12-10,1760785.0,83776.0,60000.0,73366.04166666667,10,0.8757405661128088,0,12,2018
2018-12-11,1813221.0,85463.0,64361.0,75550.875,11,0.8840185226355265,1,12,2018
2018-12-12,1791424.0,83447.0,64497.0,74642.66666666667,10,0.8944919130306263,2,12,2018
2018-12-13,1809043.0,83702.0,65157.0,75376.79166666667,10,0.9005375220026602,3,12,2018
2018-12-14,1802739.0,83871.0,65793.0,75114.125,10,0.8955911459264824,4,12,2018
2018-12-15,1609454.0,70400.0,64596.0,67060.58333333333,1,0.9525651041666666,5,12,2018
2018-12-16,1500600.0,65711.0,59539.0,62525.0,19,0.9515149670527004,6,12,2018
2018-12-17,1721676.0,81991.0,57902.0,71736.5,10,0.8749313949091974,0,12,2018
2018-12-18,1756344.0,81939.0,63672.0,73181.0,10,0.8931156103930973,1,12,2018
2018-12-19,1721897.0,80550.0,63212.0,71745.70833333333,10,0.8906978067452928,2,12,2018
2018-12-20,1724710.0,81081.0,62120.0,71862.91666666667,10,0.8863101918657474,3,12,2018
2018-12-21,1701436.0,79490.0,62697.0,70893.16666666667,10,0.8918501278986876,4,12,2018
2018-12-22,1503294.0,65656.0,59869.0,62637.25,9,0.9540217192640429,5,12,2018
2018-12-23,1403182.0,63817.0,54093.0,58465.916666666664,24,0.9161495630735802,6,12,2018
2018-12-24,1652532.0,77453.0,57158.0,68855.5,10,0.8889971983009051,0,12,2018
2018-12-25,1567833.0,67836.0,61669.0,65326.375,19,0.9630045256206144,1,12,2018
2018-12-26,1704440.0,79897.0,58948.0,71018.33333333333,10,0.8888735914156142,2,12,2018
2018-12-27,1816811.0,84377.0,64233.0,75700.45833333333,17,0.8971693510474813,3,12,2018
2018-12-28,1838407.0,86083.0,67046.0,76600.29166666667,10,0.8898422646360683,4,12,2018
2018-12-29,1632186.0,71171.0,65437.0,68007.75,1,0.9555542285481446,5,12,2018
2018-12-30,1519762.0,67295.0,59152.0,63323.416666666664,19,0.9409824900314535,6,12,2018
2018-12-31,1620768.0,74652.0,60454.0,67532.0,10,0.9046241225955098,0,12,2018
2019-01-01,1464754.0,65493.0,57449.0,61031.416666666664,24,0.931876943591936,1,1,2019
2019-01-02,1751790.0,82437.0,59315.0,72991.25,10,0.8854185620534468,2,1,2019
2019-01-03,1812286.0,84196.0,66176.0,75511.91666666667,10,0.8968587185456158,3,1,2019
2019-01-04,1816489.0,84746.0,65999.0,75687.04166666667,10,0.893104590973812,4,1,2019
2019-01-05,1603560.0,69496.0,63952.0,66815.0,11,0.9614222401289283,5,1,2019
2019-01-06,1496808.0,66493.0,57884.0,62367.0,20,0.9379483554659889,6,1,2019
2019-01-07,1758832.0,84074.0,59779.0,73284.66666666667,10,0.871668609399656,0,1,2019
2019-01-08,1806298.0,83818.0,64890.0,75262.41666666667,10,0.8979266585538509,1,1,2019
2019-01-09,1828614.0,85392.0,66461.0,76192.25,10,0.8922644978452314,2,1,2019
2019-01-10,1798686.0,83833.0,65138.0,74945.25,10,0.8939826798516097,3,1,2019
2019-01-11,1740988.0,81941.0,64357.0,72541.16666666667,10,0.8852853475874919,4,1,2019
2019-01-12,1554800.0,68147.0,61941.0,64783.333333333336,11,0.9506410162345127,5,1,2019
2019-01-13,1445635.0,64545.0,56011.0,60234.791666666664,24,0.9332216541431042,6,1,2019
2019-01-14,1709840.0,81783.0,57877.0,71243.33333333333,10,0.8711264362194261,0,1,2019
2019-01-15,1768470.0,81378.0,62967.0,73686.25,10,0.9054812111381454,1,1,2019
2019-01-16,1808373.0,84401.0,65886.0,75348.875,10,0.8927486048743498,2,1,2019
2019-01-17,1779289.0,82611.0,65009.0,74137.04166666667,10,0.897423365734184,3,1,2019
2019-01-18,1747092.0,81668.0,64881.0,72795.5,10,0.8913589165891169,4,1,2019
2019-01-19,1556186.0,67950.0,62878.0,64841.083333333336,1,0.9542469953397106,5,1,2019
2019-01-20,1445156.0,65830.0,56248.0,60214.833333333336,24,0.9147020102283661,6,1,2019
2019-01-21,1732835.0,82668.0,59124.0,72201.45833333333,10,0.8733906509572426,0,1,2019
2019-01-22,1740928.0,81134.0,63981.0,72538.66666666667,10,0.8940600323744259,1,1,2019
2019-01-23,1726431.0,80794.0,63496.0,71934.625,10,0.8903461271876625,2,1,2019
2019-01-24,1730819.0,80239.0,63644.0,72117.45833333333,10,0.898783114611764,3,1,2019
2019-01-25,1745117.0,81007.0,63730.0,72713.20833333333,10,0.8976163582571053,4,1,2019
2019-01-26,1581356.0,68954.0,63242.0,65889.83333333333,9,0.955562162214423,5,1,2019
2019-01-27,1462485.0,65189.0,56225.0,60936.875,1,0.9347723542315421,6,1,2019
2019-01-28,1693984.0,80399.0,57229.0,70582.66666666667,10,0.8779047832269888,0,1,2019
2019-01-29,1747271.0,81215.0,64042.0,72802.95833333333,10,0.8964225615136776,1,1,2019
2019-01-30,1723573.0,80741.0,63237.0,71815.54166666667,10,0.889455687527609,2,1,2019
2019-01-31,1768798.0,83652.0,61731.0,73699.91666666667,11,0.88102994150369,3,1,2019
2019-02-01,1720939.0,80556.0,64535.0,71705.79166666667,10,0.8901359509740636,4,2,2019
2019-02-02,1490813.0,67202.0,58480.0,62117.208333333336,1,0.9243357092546849,5,2,2019
2019-02-03,1385719.0,60334.0,55139.0,57738.291666666664,1,0.9569776853294438,6,2,2019
2019-02-04,1264309.0,57603.0,48094.0,52679.541666666664,1,0.9145277445040478,0,2,2019
2019-02-05,1179729.0,55340.0,41999.0,49155.375,24,0.8882431333574268,1,2,2019
2019-02-06,1240426.0,56835.0,48420.0,51684.416666666664,24,0.9093765578722032,2,2,2019
2019-02-07,1538824.0,72824.0,49856.0,64117.666666666664,10,0.8804469222600607,3,2,2019
2019-02-08,1688411.0,79253.0,59710.0,70350.45833333333,10,0.88766934164427,4,2,2019
2019-02-09,1561176.0,67498.0,61403.0,65049.0,24,0.9637174434798068,5,2,2019
2019-02-10,1481470.0,65225.0,59167.0,61727.916666666664,19,0.946384310719305,6,2,2019
2019-02-11,1720417.0,81369.0,58395.0,71684.04166666667,10,0.8809748389026124,0,2,2019
2019-02-12,1752159.0,81684.0,64008.0,73006.625,10,0.89376897556437,1,2,2019
2019-02-13,1741343.0,80849.0,63265.0,72555.95833333333,10,0.8974255505118595,2,2,2019
2019-02-14,1740425.0,81477.0,63464.0,72517.70833333333,10,0.8900390089636747,3,2,2019
2019-02-15,1738624.0,81471.0,62532.0,72442.66666666667,10,0.8891834722375651,4,2,2019
2019-02-16,1549386.0,67769.0,61461.0,64557.75,11,0.9526147648629905,5,2,2019
2019-02-17,1425797.0,64033.0,54683.0,59408.208333333336,24,0.9277748712903243,6,2,2019
2019-02-18,1696325.0,80394.0,57299.0,70680.20833333333,10,0.8791726787239511,0,2,2019
2019-02-19,1745867.0,82869.0,61524.0,72744.45833333333,11,0.8778247394482054,1,2,2019
2019-02-20,1709477.0,79777.0,61806.0,71228.20833333333,10,0.8928413995679623,2,2,2019
2019-02-21,1685047.0,78291.0,62057.0,70210.29166666667,10,0.896786241926488,3,2,2019
2019-02-22,1664582.0,77656.0,61349.0,69357.58333333333,10,0.8931387572542151,4,2,2019
2019-02-23,1472166.0,65016.0,58174.0,61340.25,1,0.9434639165743817,5,2,2019
2019-02-24,1356511.0,60881.0,51709.0,56521.291666666664,24,0.9283896727495715,6,2,2019
2019-02-25,1580824.0,74848.0,54131.0,65867.66666666667,10,0.8800190608522162,0,2,2019
2019-02-26,1614700.0,74488.0,59714.0,67279.16666666667,10,0.9032215479898329,1,2,2019
2019-02-27,1615125.0,74792.0,58316.0,67296.875,10,0.8997870761578779,2,2,2019
2019-02-28,1589543.0,73115.0,58759.0,66230.95833333333,10,0.9058463835510269,3,2,2019
2019-03-01,1456418.0,63532.0,56769.0,60684.083333333336,20,0.9551735083632396,4,3,2019
2019-03-02,1389077.0,60563.0,54911.0,57878.208333333336,24,0.9556694406375731,5,3,2019
2019-03-03,1325822.0,59211.0,52051.0,55242.583333333336,20,0.9329783880247476,6,3,2019
2019-03-04,1530410.0,71880.0,51746.0,63767.083333333336,10,0.8871324893340753,0,3,2019
2019-03-05,1606638.0,73603.0,58250.0,66943.25,10,0.9095179544312052,1,3,2019
2019-03-06,1593306.0,73573.0,57798.0,66387.75,10,0.9023384937409104,2,3,2019
2019-03-07,1590941.0,72780.0,58201.0,66289.20833333333,10,0.9108162727855638,3,3,2019
2019-03-08,1576326.0,72390.0,58938.0,65680.25,9,0.9073110926923609,4,3,2019
2019-03-09,1426891.0,62527.0,56791.0,59453.791666666664,1,0.9508498995100783,5,3,2019
2019-03-10,1342958.0,59584.0,52793.0,55956.583333333336,20,0.9391209608843538,6,3,2019
2019-03-11,1562145.0,72149.0,52540.0,65089.375,10,0.9021521434808522,0,3,2019
2019-03-12,1625908.0,73773.0,58009.0,67746.16666666667,10,0.9183057035320059,1,3,2019
2019-03-13,1633237.0,74136.0,60207.0,68051.54166666667,10,0.9179284243372541,2,3,2019
2019-03-14,1619902.0,73378.0,60499.0,67495.91666666667,9,0.9198385983083032,3,3,2019
2019-03-15,1612192.0,73568.0,58872.0,67174.66666666667,10,0.9130962737422068,4,3,2019
2019-03-16,1433919.0,63088.0,56858.0,59746.625,1,0.9470362826528025,5,3,2019
2019-03-17,1314805.0,59480.0,50342.0,54783.541666666664,20,0.9210413864604349,6,3,2019
2019-03-18,1542081.0,72008.0,52897.0,64253.375,10,0.8923088406843684,0,3,2019
2019-03-19,1554617.0,70866.0,57942.0,64775.708333333336,9,0.9140590457106841,1,3,2019
2019-03-20,1583290.0,71675.0,56991.0,65970.41666666667,10,0.9204104173933264,2,3,2019
2019-03-21,1571657.0,71884.0,56549.0,65485.708333333336,10,0.9109914352753511,3,3,2019
2019-03-22,1563788.0,71617.0,57869.0,65157.833333333336,9,0.9098095889709613,4,3,2019
2019-03-23,1428732.0,62029.0,57426.0,59530.5,1,0.9597204533363427,5,3,2019
2019-03-24,1307666.0,59274.0,49618.0,54486.083333333336,20,0.9192239992801791,6,3,2019
2019-03-25,1538692.0,72375.0,52493.0,64112.166666666664,10,0.8858330454807138,0,3,2019
2019-03-26,1532122.0,70390.0,57270.0,63838.416666666664,9,0.906924515792963,1,3,2019
2019-03-27,1524786.0,68679.0,56271.0,63532.75,10,0.9250680702980533,2,3,2019
2019-03-28,1521371.0,68576.0,55646.0,63390.458333333336,10,0.9243825585238762,3,3,2019
2019-03-29,1498086.0,67957.0,55788.0,62420.25,9,0.9185256853598599,4,3,2019
2019-03-30,1381416.0,59993.0,54701.0,57559.0,24,0.9594286000033337,5,3,2019
2019-03-31,1300059.0,59005.0,51292.0,54169.125,20,0.9180429624608084,6,3,2019
2019-04-01,1511693.0,68918.0,51891.0,62987.208333333336,20,0.9139442284067056,0,4,2019
2019-04-02,1549766.0,69375.0,57455.0,64573.583333333336,20,0.9307903903903905,1,4,2019
2019-04-03,1542698.0,68911.0,57927.0,64279.083333333336,9,0.9327840741439442,2,4,2019
2019-04-04,1532027.0,68612.0,57502.0,63834.458333333336,9,0.9303687158708875,3,4,2019
2019-04-05,1516751.0,69788.0,56609.0,63197.958333333336,10,0.9055705613190425,4,4,2019
2019-04-06,1368565.0,59799.0,54351.0,57023.541666666664,1,0.9535868771495621,5,4,2019
2019-04-07,1275422.0,57246.0,49818.0,53142.583333333336,20,0.9283195914707287,6,4,2019
2019-04-08,1448415.0,66789.0,49811.0,60350.625,20,0.9036012666756502,0,4,2019
2019-04-09,1546073.0,70499.0,55376.0,64419.708333333336,17,0.9137676893762087,1,4,2019
2019-04-10,1580975.0,73010.0,56883.0,65873.95833333333,10,0.902259393690362,2,4,2019
2019-04-11,1528811.0,68823.0,56856.0,63700.458333333336,10,0.9255693348638294,3,4,2019
2019-04-12,1480687.0,65841.0,55568.0,61695.291666666664,9,0.9370345478754373,4,4,2019
2019-04-13,1329010.0,58741.0,51913.0,55375.416666666664,1,0.942704698024662,5,4,2019
2019-04-14,1276408.0,57347.0,50121.0,53183.666666666664,21,0.9274010264994972,6,4,2019
2019-04-15,1440310.0,65652.0,50588.0,60012.916666666664,20,0.9141064501716119,0,4,2019
2019-04-16,1480344.0,65846.0,55169.0,61681.0,20,0.9367463475381952,1,4,2019
2019-04-17,1461533.0,64858.0,54367.0,60897.208333333336,9,0.9389313320381963,2,4,2019
2019-04-18,1472455.0,65665.0,53994.0,61352.291666666664,20,0.934322571638874,3,4,2019
2019-04-19,1481473.0,67286.0,53744.0,61728.041666666664,10,0.9173979976022748,4,4,2019
2019-04-20,1316042.0,57536.0,51923.0,54835.083333333336,1,0.9530569266777902,5,4,2019
2019-04-21,1244740.0,56357.0,49136.0,51864.166666666664,21,0.9202790543617769,6,4,2019
2019-04-22,1405922.0,65036.0,48038.0,58580.083333333336,17,0.9007331836726327,0,4,2019
2019-04-23,1484950.0,67676.0,53065.0,61872.916666666664,17,0.9142519750970309,1,4,2019
2019-04-24,1484472.0,66843.0,53557.0,61853.0,17,0.9253474559789358,2,4,2019
2019-04-25,1498457.0,68406.0,53101.0,62435.708333333336,17,0.9127226900174449,3,4,2019
2019-04-26,1510114.0,68703.0,53911.0,62921.416666666664,17,0.9158467121765668,4,4,2019
2019-04-27,1300642.0,58248.0,50598.0,54193.416666666664,1,0.9303910291626608,5,4,2019
2019-04-28,1237232.0,56304.0,48446.0,51551.333333333336,21,0.9155891825329165,6,4,2019
2019-04-29,1468033.0,68904.0,48530.0,61168.041666666664,15,0.8877284579511591,0,4,2019
2019-04-30,1468297.0,65866.0,54285.0,61179.041666666664,10,0.9288410054757639,1,4,2019
2019-05-01,1332219.0,59257.0,52579.0,55509.125,21,0.9367521980525507,2,5,2019
2019-05-02,1413962.0,64347.0,51057.0,58915.083333333336,20,0.9155839951098471,3,5,2019
2019-05-03,1420561.0,63488.0,52967.0,59190.041666666664,17,0.9323028236307124,4,5,2019
2019-05-04,1287097.0,55891.0,51592.0,53629.041666666664,21,0.9595291132144114,5,5,2019
2019-05-05,1199670.0,54877.0,47233.0,49986.25,21,0.9108779634455236,6,5,2019
2019-05-06,1279604.0,59232.0,46659.0,53316.833333333336,21,0.9001356248874482,0,5,2019
2019-05-07,1407341.0,64119.0,50199.0,58639.208333333336,20,0.9145371626714911,1,5,2019
2019-05-08,1441032.0,65191.0,53189.0,60043.0,17,0.9210320443005936,2,5,2019
2019-05-09,1438468.0,64637.0,52751.0,59936.166666666664,20,0.9272733367369566,3,5,2019
2019-05-10,1433388.0,65051.0,52942.0,59724.5,17,0.918118091958617,4,5,2019
2019-05-11,1299409.0,56737.0,51806.0,54142.041666666664,21,0.9542633848576179,5,5,2019
2019-05-12,1212374.0,55971.0,47603.0,50515.583333333336,21,0.9025313704120587,6,5,2019
2019-05-13,1403210.0,66385.0,46776.0,58467.083333333336,17,0.8807273229394191,0,5,2019
2019-05-14,1457005.0,66716.0,52252.0,60708.541666666664,17,0.9099547584787258,1,5,2019
2019-05-15,1471441.0,68076.0,52708.0,61310.041666666664,17,0.9006116937932115,2,5,2019
2019-05-16,1491406.0,69631.0,52728.0,62141.916666666664,17,0.8924461327090902,3,5,2019
2019-05-17,1495209.0,69583.0,52848.0,62300.375,17,0.8953390195881178,4,5,2019
2019-05-18,1346507.0,58102.0,52334.0,56104.458333333336,21,0.9656200876619279,5,5,2019
2019-05-19,1267607.0,57545.0,48562.0,52816.958333333336,21,0.9178374895009703,6,5,2019
2019-05-20,1408752.0,64838.0,47939.0,58698.0,10,0.905302446096425,0,5,2019
2019-05-21,1438408.0,65571.0,52404.0,59933.666666666664,17,0.9140270343088662,1,5,2019
2019-05-22,1450786.0,66689.0,52622.0,60449.416666666664,17,0.9064375934062089,2,5,2019
2019-05-23,1475048.0,68535.0,52781.0,61460.333333333336,17,0.8967729384013035,3,5,2019
2019-05-24,1496716.0,70964.0,52685.0,62363.166666666664,17,0.8788000488510606,4,5,2019
2019-05-25,1347981.0,58952.0,52341.0,56165.875,21,0.9527390928212783,5,5,2019
2019-05-26,1252016.0,57613.0,48153.0,52167.333333333336,21,0.9054785089013475,6,5,2019
2019-05-27,1459427.0,69700.0,47390.0,60809.458333333336,15,0.872445600191296,0,5,2019
2019-05-28,1449554.0,66168.0,52387.0,60398.083333333336,17,0.9127989864184097,1,5,2019
2019-05-29,1460188.0,67474.0,52432.0,60841.166666666664,17,0.9016979379711692,2,5,2019
2019-05-30,1470652.0,68850.0,52499.0,61277.166666666664,17,0.8900096828854999,3,5,2019
2019-05-31,1439268.0,64992.0,52243.0,59969.5,17,0.9227212580009847,4,5,2019
2019-06-01,1293487.0,56860.0,50964.0,53895.291666666664,21,0.9478595087349044,5,6,2019
2019-06-02,1222883.0,56758.0,47660.0,50953.458333333336,21,0.8977317441300493,6,6,2019
2019-06-03,1430019.0,69235.0,46935.0,59584.125,17,0.8606069906839027,0,6,2019
2019-06-04,1499924.0,70611.0,52525.0,62496.833333333336,17,0.8850863652027777,1,6,2019
2019-06-05,1511470.0,70897.0,53161.0,62977.916666666664,17,0.8883015736443949,2,6,2019
2019-06-06,1437828.0,65996.0,52752.0,59909.5,15,0.9077747136190072,3,6,2019
2019-06-07,1444180.0,65956.0,51260.0,60174.166666666664,15,0.9123380233286837,4,6,2019
2019-06-08,1304261.0,57222.0,50751.0,54344.208333333336,21,0.9497082998380577,5,6,2019
2019-06-09,1228566.0,56627.0,47383.0,51190.25,21,0.9039901460434069,6,6,2019
2019-06-10,1418790.0,67097.0,46767.0,59116.25,17,0.881056530098216,0,6,2019
2019-06-11,1467607.0,67125.0,52235.0,61150.291666666664,17,0.9109913097454997,1,6,2019
2019-06-12,1476794.0,68360.0,52992.0,61533.083333333336,17,0.9001328749756193,2,6,2019
2019-06-13,1489186.0,69302.0,52811.0,62049.416666666664,16,0.8953481381008724,3,6,2019
2019-06-14,1503835.0,70094.0,53090.0,62659.791666666664,17,0.8939394479793801,4,6,2019
2019-06-15,1337537.0,58299.0,52088.0,55730.708333333336,21,0.9559462140574166,5,6,2019
2019-06-16,1252670.0,57589.0,48121.0,52194.583333333336,21,0.9063290443198064,6,6,2019
2019-06-17,1448638.0,69144.0,47571.0,60359.916666666664,17,0.8729595722935709,0,6,2019
2019-06-18,1515243.0,70283.0,53259.0,63135.125,17,0.8982986639727957,1,6,2019
2019-06-19,1526017.0,71045.0,53693.0,63584.041666666664,17,0.8949826401107279,2,6,2019
2019-06-20,1538095.0,72419.0,53690.0,64087.291666666664,17,0.884951347942759,3,6,2019
2019-06-21,1527972.0,71392.0,54122.0,63665.5,17,0.8917735880770955,4,6,2019
2019-06-22,1361108.0,59611.0,52494.0,56712.833333333336,21,0.9513820156235148,5,6,2019
2019-06-23,1264719.0,58504.0,48306.0,52696.625,21,0.9007354198003555,6,6,2019
2019-06-24,1489096.0,72358.0,47958.0,62045.666666666664,17,0.8574817804066815,0,6,2019
2019-06-25,1554764.0,74192.0,53816.0,64781.833333333336,17,0.8731646718424269,1,6,2019
2019-06-26,1560428.0,72691.0,54136.0,65017.833333333336,15,0.8944413109371633,2,6,2019
2019-06-27,1583298.0,75206.0,53902.0,65970.75,17,0.8772006222907747,3,6,2019
2019-06-28,1565148.0,73877.0,54339.0,65214.5,17,0.8827442911867022,4,6,2019
2019-06-29,1399658.0,61863.0,52713.0,58319.083333333336,12,0.942713469009478,5,6,2019
2019-06-30,1310387.0,60661.0,48847.0,54599.458333333336,21,0.9000751443816181,6,6,2019
2019-07-01,1527080.0,73799.0,48520.0,63628.333333333336,17,0.8621842211050738,0,7,2019
2019-07-02,1565316.0,73871.0,54038.0,65221.5,17,0.8829107498206332,1,7,2019
2019-07-03,1573827.0,74051.0,54480.0,65576.125,15,0.8855535374269085,2,7,2019
2019-07-04,1588099.0,75978.0,54663.0,66170.79166666667,17,0.8709204199461248,3,7,2019
2019-07-05,1605679.0,77081.0,54903.0,66903.29166666667,17,0.8679608680046532,4,7,2019
2019-07-06,1449924.0,64664.0,54245.0,60413.5,20,0.9342679079549672,5,7,2019
2019-07-07,1340036.0,61231.0,50319.0,55834.833333333336,21,0.9118719820570191,6,7,2019
2019-07-08,1532689.0,74511.0,49132.0,63862.041666666664,17,0.8570820639458155,0,7,2019
2019-07-09,1585835.0,74847.0,54775.0,66076.45833333333,15,0.8828203980564796,1,7,2019
2019-07-10,1570083.0,73582.0,54757.0,65420.125,15,0.8890778315348863,2,7,2019
2019-07-11,1574431.0,73762.0,54823.0,65601.29166666667,15,0.8893643294198459,3,7,2019
2019-07-12,1563738.0,73720.0,54461.0,65155.75,17,0.8838273195876288,4,7,2019
2019-07-13,1418864.0,62192.0,53841.0,59119.333333333336,21,0.9505938598747964,5,7,2019
2019-07-14,1335838.0,62384.0,49768.0,55659.916666666664,21,0.8922146169958108,6,7,2019
2019-07-15,1561466.0,75227.0,49764.0,65061.083333333336,17,0.8648634577124349,0,7,2019
2019-07-16,1620923.0,77005.0,55517.0,67538.45833333333,17,0.8770658831677596,1,7,2019
2019-07-17,1638415.0,77875.0,56219.0,68267.29166666667,17,0.8766265382557518,2,7,2019
2019-07-18,1658333.0,78538.0,56553.0,69097.20833333333,17,0.8797933272216422,3,7,2019
2019-07-19,1684791.0,81037.0,56601.0,70199.625,15,0.8662663351308661,4,7,2019
2019-07-20,1523913.0,68096.0,56505.0,63496.375,15,0.9324538152020677,5,7,2019
2019-07-21,1419093.0,64826.0,52313.0,59128.875,21,0.9121166661524697,6,7,2019
2019-07-22,1655306.0,81923.0,51664.0,68971.08333333333,17,0.8419013382485179,0,7,2019
2019-07-23,1740719.0,84164.0,57697.0,72529.95833333333,17,0.8617693827923261,1,7,2019
2019-07-24,1738587.0,82716.0,58462.0,72441.125,15,0.8757812877798733,2,7,2019
2019-07-25,1742655.0,82349.0,58529.0,72610.625,15,0.8817426441122539,3,7,2019
2019-07-26,1715837.0,80943.0,58137.0,71493.20833333333,15,0.883253750581685,4,7,2019
2019-07-27,1576892.0,71548.0,56375.0,65703.83333333333,14,0.9183182385717746,5,7,2019
2019-07-28,1468036.0,67137.0,53675.0,61168.166666666664,21,0.9110947267031095,6,7,2019
2019-07-29,1650927.0,80114.0,52184.0,68788.625,17,0.858634258681379,0,7,2019
2019-07-30,1707974.0,81567.0,56271.0,71165.58333333333,17,0.8724800879440623,1,7,2019
2019-07-31,1675873.0,78182.0,56782.0,69828.04166666667,17,0.8931472930683108,2,7,2019
2019-08-01,1645812.0,77967.0,55531.0,68575.5,18,0.8795451921966986,3,8,2019
2019-08-02,1645749.0,77913.0,55225.0,68572.875,18,0.8801210966077548,4,8,2019
2019-08-03,1534761.0,70485.0,54568.0,63948.375,17,0.9072621834432858,5,8,2019
2019-08-04,1484705.0,70852.0,51873.0,61862.708333333336,21,0.8731257880276257,6,8,2019
2019-08-05,1682057.0,82885.0,52583.0,70085.70833333333,17,0.8455777080694133,0,8,2019
2019-08-06,1716020.0,82491.0,56560.0,71500.83333333333,17,0.8667713245485366,1,8,2019
2019-08-07,1684447.0,81077.0,55658.0,70185.29166666667,17,0.8656621688847228,2,8,2019
2019-08-08,1739235.0,84356.0,56418.0,72468.125,15,0.8590749324292285,3,8,2019
2019-08-09,1758555.0,85400.0,57074.0,73273.125,17,0.8579991217798595,4,8,2019
2019-08-10,1639043.0,75211.0,57549.0,68293.45833333333,20,0.9080248678163211,5,8,2019
2019-08-11,1549874.0,73304.0,54923.0,64578.083333333336,20,0.8809626123176544,6,8,2019
2019-08-12,1780825.0,86941.0,55131.0,74201.04166666667,17,0.8534643225482416,0,8,2019
2019-08-13,1850875.0,90314.0,59963.0,77119.79166666667,17,0.8539073860826303,1,8,2019
2019-08-14,1860446.0,90052.0,60787.0,77518.58333333333,17,0.8608202297931565,2,8,2019
2019-08-15,1672453.0,75693.0,60595.0,69685.54166666667,15,0.9206338983349408,3,8,2019
2019-08-16,1702459.0,81147.0,56922.0,70935.79166666667,17,0.8741640685011974,4,8,2019
2019-08-17,1520813.0,68337.0,56180.0,63367.208333333336,17,0.9272752437674077,5,8,2019
2019-08-18,1399424.0,66051.0,51670.0,58309.333333333336,20,0.8827925895646294,6,8,2019
2019-08-19,1646479.0,81590.0,50998.0,68603.29166666667,17,0.840829656412142,0,8,2019
2019-08-20,1720922.0,83162.0,57055.0,71705.08333333333,17,0.862233752595336,1,8,2019
2019-08-21,1733999.0,83782.0,57239.0,72249.95833333333,17,0.8623565722151934,2,8,2019
2019-08-22,1734987.0,82264.0,58278.0,72291.125,17,0.878769875036468,3,8,2019
2019-08-23,1677972.0,79012.0,57330.0,69915.5,17,0.8848719181896421,4,8,2019
2019-08-24,1460676.0,64735.0,54893.0,60861.5,15,0.9401637444967946,5,8,2019
2019-08-25,1355039.0,63326.0,50631.0,56459.958333333336,20,0.8915762614618535,6,8,2019
2019-08-26,1603183.0,79478.0,49938.0,66799.29166666667,17,0.8404752468188262,0,8,2019
2019-08-27,1660527.0,77998.0,56438.0,69188.625,17,0.8870563988820226,1,8,2019
2019-08-28,1663067.0,79037.0,56293.0,69294.45833333333,17,0.8767344197443391,2,8,2019
2019-08-29,1634108.0,76683.0,56056.0,68087.83333333333,11,0.8879130098370347,3,8,2019
2019-08-30,1575247.0,73735.0,54915.0,65635.29166666667,17,0.8901511041793811,4,8,2019
2019-08-31,1412315.0,63393.0,53612.0,58846.458333333336,20,0.9282800677256691,5,8,2019
2019-09-01,1330515.0,61847.0,49676.0,55438.125,20,0.8963753294420101,6,9,2019
2019-09-02,1568432.0,76231.0,49327.0,65351.333333333336,17,0.8572802840489215,0,9,2019
2019-09-03,1633997.0,77067.0,55588.0,68083.20833333333,15,0.8834288130241651,1,9,2019
2019-09-04,1647139.0,77939.0,56106.0,68630.79166666667,17,0.8805705958078327,2,9,2019
2019-09-05,1660914.0,79390.0,56091.0,69204.75,15,0.871706134273838,3,9,2019
2019-09-06,1668220.0,79916.0,55738.0,69509.16666666667,17,0.8697778500759131,4,9,2019
2019-09-07,1506700.0,68972.0,55937.0,62779.166666666664,12,0.9102123567051363,5,9,2019
2019-09-08,1396386.0,65686.0,51123.0,58182.75,20,0.8857709405352738,6,9,2019
2019-09-09,1623622.0,78980.0,50986.0,67650.91666666667,17,0.8565575673166202,0,9,2019
2019-09-10,1663834.0,78650.0,56346.0,69326.41666666667,17,0.8814547573638484,1,9,2019
2019-09-11,1560105.0,73271.0,56044.0,65004.375,11,0.8871773962413506,2,9,2019
2019-09-12,1215126.0,55025.0,48209.0,50630.25,1,0.9201317582916856,3,9,2019
2019-09-13,1069910.0,50583.0,40615.0,44579.583333333336,20,0.8813155276146796,4,9,2019
2019-09-14,1140409.0,55077.0,41722.0,47517.041666666664,20,0.8627383783914641,5,9,2019
2019-09-15,1204097.0,58401.0,43114.0,50170.708333333336,20,0.8590727613111648,6,9,2019
2019-09-16,1456032.0,71926.0,45335.0,60668.0,17,0.8434780190751606,0,9,2019
2019-09-17,1524682.0,72654.0,52416.0,63528.416666666664,17,0.874396683825621,1,9,2019
2019-09-18,1523397.0,71310.0,53920.0,63474.875,17,0.8901258589258169,2,9,2019
2019-09-19,1507796.0,71203.0,53409.0,62824.833333333336,17,0.8823340776839927,3,9,2019
2019-09-20,1496706.0,68997.0,52973.0,62362.75,17,0.9038472687218285,4,9,2019
2019-09-21,1371944.0,60423.0,52430.0,57164.333333333336,15,0.9460691017217506,5,9,2019
2019-09-22,1273985.0,57175.0,48566.0,53082.708333333336,20,0.9284251566826993,6,9,2019
2019-09-23,1432956.0,67955.0,47392.0,59706.5,17,0.8786182032227209,0,9,2019
2019-09-24,1468434.0,68030.0,52662.0,61184.75,17,0.8993789504630311,1,9,2019
2019-09-25,1487333.0,69484.0,52957.0,61972.208333333336,17,0.8918917784429989,2,9,2019
2019-09-26,1514038.0,70942.0,53229.0,63084.916666666664,17,0.8892463796716567,3,9,2019
2019-09-27,1511802.0,70695.0,53573.0,62991.75,17,0.8910354339062169,4,9,2019
2019-09-28,1385756.0,61652.0,52917.0,57739.833333333336,20,0.9365443673089816,5,9,2019
2019-09-29,1278883.0,59910.0,48762.0,53286.791666666664,20,0.8894473654926834,6,9,2019
2019-09-30,1482567.0,72703.0,47639.0,61773.625,17,0.849670921420024,0,9,2019
2019-10-01,1557040.0,73550.0,53448.0,64876.666666666664,17,0.8820756854747337,1,10,2019
2019-10-02,1559116.0,72674.0,54018.0,64963.166666666664,15,0.8938983221876691,2,10,2019
2019-10-03,1438892.0,65389.0,53327.0,59953.833333333336,19,0.9168794955318683,3,10,2019
2019-10-04,1468281.0,69517.0,51359.0,61178.375,17,0.88004912467454,4,10,2019
2019-10-05,1337830.0,58463.0,51863.0,55742.916666666664,11,0.9534734219363814,5,10,2019
2019-10-06,1222547.0,56929.0,47507.0,50939.458333333336,20,0.8947892696750924,6,10,2019
2019-10-07,1434610.0,67701.0,46677.0,59775.416666666664,17,0.8829325514640355,0,10,2019
2019-10-08,1443425.0,66068.0,52645.0,60142.708333333336,19,0.9103152559988699,1,10,2019
2019-10-09,1367948.0,62364.0,52198.0,56997.833333333336,20,0.9139540974493833,2,10,2019
2019-10-10,1443857.0,66814.0,51363.0,60160.708333333336,19,0.9004206952634678,3,10,2019
2019-10-11,1436378.0,65826.0,52755.0,59849.083333333336,19,0.9092012781170561,4,10,2019
2019-10-12,1288273.0,56963.0,50692.0,53678.041666666664,19,0.9423317182498581,5,10,2019
2019-10-13,1205150.0,56189.0,46516.0,50214.583333333336,20,0.8936728422526355,6,10,2019
2019-10-14,1399014.0,66445.0,46981.0,58292.25,19,0.8773007750771314,0,10,2019
2019-10-15,1454017.0,66840.0,52772.0,60584.041666666664,19,0.9064039746658688,1,10,2019
2019-10-16,1429805.0,65339.0,52514.0,59575.208333333336,19,0.9117863501635063,2,10,2019
2019-10-17,1440326.0,65896.0,52046.0,60013.583333333336,19,0.9107318097203675,3,10,2019
2019-10-18,1459823.0,66319.0,52101.0,60825.958333333336,17,0.9171724292183738,4,10,2019
2019-10-19,1304729.0,57570.0,51070.0,54363.708333333336,19,0.9443062069364832,5,10,2019
2019-10-20,1222016.0,56578.0,46882.0,50917.333333333336,20,0.8999493324849471,6,10,2019
2019-10-21,1402170.0,66898.0,47351.0,58423.75,19,0.8733258094412389,0,10,2019
2019-10-22,1454554.0,67468.0,52796.0,60606.416666666664,19,0.8982986996304421,1,10,2019
2019-10-23,1472082.0,67006.0,52819.0,61336.75,17,0.9153919052025192,2,10,2019
2019-10-24,1454107.0,66741.0,52600.0,60587.791666666664,19,0.9078046727898393,3,10,2019
2019-10-25,1441103.0,65970.0,52398.0,60045.958333333336,18,0.9102009751907433,4,10,2019
2019-10-26,1294102.0,57066.0,49781.0,53920.916666666664,19,0.9448869145667589,5,10,2019
2019-10-27,1208541.0,56033.0,45831.0,50355.875,20,0.8986824728285118,6,10,2019
2019-10-28,1406727.0,66673.0,47705.0,58613.625,19,0.8791208585184408,0,10,2019
2019-10-29,1459391.0,67119.0,53126.0,60807.958333333336,19,0.9059723525876926,1,10,2019
2019-10-30,1454743.0,66526.0,53485.0,60614.291666666664,19,0.9111368738037259,2,10,2019
2019-10-31,1461605.0,66888.0,53773.0,60900.208333333336,19,0.9104803303033928,3,10,2019
2019-11-01,1435241.0,65117.0,53186.0,59801.708333333336,17,0.9183732102727911,4,11,2019
2019-11-02,1306819.0,56973.0,51947.0,54450.791666666664,19,0.955729760880885,5,11,2019
2019-11-03,1225841.0,56036.0,47243.0,51076.708333333336,19,0.9114981143074691,6,11,2019
2019-11-04,1409772.0,65979.0,47645.0,58740.5,17,0.8902908501189772,0,11,2019
2019-11-05,1462586.0,66471.0,53296.0,60941.083333333336,19,0.9168070787762083,1,11,2019
2019-11-06,1464725.0,65837.0,53988.0,61030.208333333336,17,0.9269895094450437,2,11,2019
2019-11-07,1471023.0,66635.0,53720.0,61292.625,19,0.9198262924889322,3,11,2019
2019-11-08,1485119.0,66895.0,54801.0,61879.958333333336,17,0.9250311433340808,4,11,2019
2019-11-09,1339155.0,58848.0,50761.0,55798.125,1,0.9481736847471451,5,11,2019
2019-11-10,1281705.0,57626.0,50501.0,53404.375,19,0.9267409676187832,6,11,2019
2019-11-11,1458270.0,67084.0,49234.0,60761.25,19,0.905748762745215,0,11,2019
2019-11-12,1515444.0,68342.0,55237.0,63143.5,18,0.9239340376342513,1,11,2019
2019-11-13,1561871.0,71244.0,55848.0,65077.958333333336,17,0.9134517760559954,2,11,2019
2019-11-14,1567512.0,72026.0,56886.0,65313.0,18,0.9067975453308528,3,11,2019
2019-11-15,1569618.0,70876.0,57820.0,65400.75,10,0.9227488853772786,4,11,2019
2019-11-16,1386901.0,60421.0,54965.0,57787.541666666664,1,0.9564148502452238,5,11,2019
2019-11-17,1323235.0,58646.0,50963.0,55134.791666666664,19,0.9401287669519944,6,11,2019
2019-11-18,1520133.0,71848.0,49700.0,63338.875,17,0.8815676845562855,0,11,2019
2019-11-19,1619187.0,74393.0,57329.0,67466.125,17,0.9068880808678236,1,11,2019
2019-11-20,1627025.0,74148.0,59127.0,67792.70833333333,9,0.9142891019762277,2,11,2019
2019-11-21,1620082.0,74041.0,59403.0,67503.41666666667,9,0.911703200479014,3,11,2019
2019-11-22,1550824.0,71571.0,57738.0,64617.666666666664,9,0.9028470563030649,4,11,2019
2019-11-23,1377827.0,60030.0,53852.0,57409.458333333336,1,0.9563461324893109,5,11,2019
2019-11-24,1283583.0,57696.0,50038.0,53482.625,19,0.9269728404048807,6,11,2019
2019-11-25,1565175.0,74250.0,50367.0,65215.625,17,0.8783249158249158,0,11,2019
2019-11-26,1573761.0,72776.0,57161.0,65573.375,10,0.9010302160052764,1,11,2019
2019-11-27,1599441.0,73684.0,55986.0,66643.375,17,0.9044483877096792,2,11,2019
2019-11-28,1600107.0,73693.0,57504.0,66671.125,10,0.9047144911999783,3,11,2019
2019-11-29,1596180.0,73720.0,57847.0,66507.5,9,0.9021635919696147,4,11,2019
2019-11-30,1424365.0,62203.0,56197.0,59348.541666666664,1,0.9541106002390024,5,11,2019
2019-12-01,1363039.0,60978.0,52264.0,56793.291666666664,19,0.9313734734931723,6,12,2019
2019-12-02,1601424.0,76453.0,52474.0,66726.0,18,0.872771506677305,0,12,2019
2019-12-03,1689357.0,77950.0,60370.0,70389.875,17,0.9030131494547787,1,12,2019
2019-12-04,1661877.0,76624.0,60227.0,69244.875,10,0.9036969487366883,2,12,2019
2019-12-05,1717742.0,80251.0,60932.0,71572.58333333333,18,0.8918590837912715,3,12,2019
2019-12-06,1757901.0,81787.0,63568.0,73245.875,10,0.8955686722828812,4,12,2019
2019-12-07,1552859.0,67875.0,62485.0,64702.458333333336,1,0.9532590546347453,5,12,2019
2019-12-08,1425841.0,64079.0,54012.0,59410.041666666664,19,0.9271374657324032,6,12,2019
2019-12-09,1681425.0,80600.0,56861.0,70059.375,10,0.8692230148883374,0,12,2019
2019-12-10,1672913.0,79201.0,61053.0,69704.70833333333,10,0.8800988413445957,1,12,2019
2019-12-11,1665898.0,76860.0,59886.0,69412.41666666667,10,0.9031019602740915,2,12,2019
2019-12-12,1697486.0,78241.0,61296.0,70728.58333333333,9,0.9039836317702142,3,12,2019
2019-12-13,1694308.0,79110.0,62274.0,70596.16666666667,10,0.8923798087051785,4,12,2019
2019-12-14,1483507.0,64861.0,57595.0,61812.791666666664,1,0.953003988015397,5,12,2019
2019-12-15,1381999.0,61405.0,52756.0,57583.291666666664,19,0.9377622614879353,6,12,2019
2019-12-16,1593968.0,76425.0,54296.0,66415.33333333333,10,0.8690262784865336,0,12,2019
2019-12-17,1652105.0,77487.0,58184.0,68837.70833333333,10,0.8883775127870911,1,12,2019
2019-12-18,1663162.0,77666.0,59337.0,69298.41666666667,10,0.8922619507463584,2,12,2019
2019-12-19,1680630.0,77689.0,60822.0,70026.25,10,0.9013663452998494,3,12,2019
2019-12-20,1691408.0,79158.0,61059.0,70475.33333333333,10,0.8903122025990213,4,12,2019
2019-12-21,1540559.0,66564.0,60935.0,64189.958333333336,11,0.9643344500530818,5,12,2019
2019-12-22,1413125.0,62827.0,55625.0,58880.208333333336,19,0.937180007533916,6,12,2019
2019-12-23,1650600.0,78779.0,55025.0,68775.0,10,0.873011843257721,0,12,2019
2019-12-24,1666929.0,79456.0,60355.0,69455.375,10,0.8741363144381796,1,12,2019
2019-12-25,1506865.0,65610.0,58544.0,62786.041666666664,19,0.9569584158918863,2,12,2019
2019-12-26,1678198.0,79431.0,56594.0,69924.91666666667,11,0.8803227539205937,3,12,2019
2019-12-27,1674305.0,78548.0,60953.0,69762.70833333333,10,0.8881538464802837,4,12,2019
2019-12-28,1484633.0,65014.0,57784.0,61859.708333333336,1,0.9514828857374309,5,12,2019
2019-12-29,1417354.0,62540.0,55877.0,59056.416666666664,19,0.9442983157445901,6,12,2019
2019-12-30,1594480.0,75158.0,53912.0,66436.66666666667,10,0.8839600131278995,0,12,2019
2019-12-31,1628602.0,76223.0,60128.0,67858.41666666667,10,0.8902616882918105,1,12,2019
2020-01-01,1412917.0,64007.0,54190.0,58871.541666666664,1,0.919767238999901,2,1,2020
2020-01-02,1638358.0,77180.0,54829.0,68264.91666666667,10,0.8844897209985316,3,1,2020
2020-01-03,1669922.0,78269.0,60597.0,69580.08333333333,10,0.8889864867742443,4,1,2020
2020-01-04,1504317.0,65628.0,59148.0,62679.875,1,0.9550782440421771,5,1,2020
2020-01-05,1406995.0,63231.0,52803.0,58624.791666666664,19,0.9271526888182484,6,1,2020
2020-01-06,1697955.0,81890.0,55251.0,70748.125,11,0.8639409573818537,0,1,2020
2020-01-07,1698814.0,80147.0,60563.0,70783.91666666667,11,0.8831761222087747,1,1,2020
2020-01-08,1690200.0,79002.0,59283.0,70425.0,11,0.8914331282752336,2,1,2020
2020-01-09,1697267.0,79160.0,60839.0,70719.45833333333,10,0.8933736525181067,3,1,2020
2020-01-10,1689085.0,79247.0,62030.0,70378.54166666667,10,0.8880909266807157,4,1,2020
2020-01-11,1515320.0,66148.0,59280.0,63138.333333333336,1,0.9545010179194131,5,1,2020
2020-01-12,1420828.0,64008.0,55505.0,59201.166666666664,19,0.9249026163396242,6,1,2020
2020-01-13,1687802.0,80242.0,56268.0,70325.08333333333,10,0.8764123941742894,0,1,2020
2020-01-14,1741968.0,82329.0,62430.0,72582.0,10,0.8816091535182013,1,1,2020
2020-01-15,1740759.0,81195.0,63366.0,72531.625,10,0.8933016195578546,2,1,2020
2020-01-16,1746414.0,82352.0,63518.0,72767.25,10,0.883612419856227,3,1,2020
2020-01-17,1721465.0,81303.0,62940.0,71727.70833333333,10,0.882227080591532,4,1,2020
2020-01-18,1533000.0,67399.0,60060.0,63875.0,9,0.947714357779789,5,1,2020
2020-01-19,1452065.0,64497.0,57590.0,60502.708333333336,19,0.9380701169563442,6,1,2020
2020-01-20,1669794.0,78922.0,56499.0,69574.75,10,0.8815634423861534,0,1,2020
2020-01-21,1709973.0,79627.0,62087.0,71248.875,10,0.8947828625968578,1,1,2020
2020-01-22,1727945.0,81438.0,61194.0,71997.70833333333,10,0.884080015881202,2,1,2020
2020-01-23,1580038.0,76229.0,60093.0,65834.91666666667,10,0.8636465999379065,3,1,2020
2020-01-24,1279940.0,60789.0,47232.0,53330.833333333336,1,0.8773105879901517,4,1,2020
2020-01-25,1182052.0,54692.0,44270.0,49252.166666666664,24,0.9005369462931812,5,1,2020
2020-01-26,1206268.0,55281.0,45952.0,50261.166666666664,24,0.9091942379238195,6,1,2020
2020-01-27,1314829.0,59961.0,48240.0,54784.541666666664,19,0.9136695796712307,0,1,2020
2020-01-28,1525850.0,72476.0,50476.0,63577.083333333336,10,0.8772156759938923,1,1,2020
2020-01-29,1610889.0,76016.0,56537.0,67120.375,10,0.8829769390654599,2,1,2020
2020-01-30,1613906.0,74457.0,57827.0,67246.08333333333,10,0.9031532741492853,3,1,2020
2020-01-31,1621189.0,75262.0,58203.0,67549.54166666667,10,0.897525200853906,4,1,2020
2020-02-01,1468221.0,63369.0,58475.0,61175.875,1,0.9653912007448437,5,2,2020
2020-02-02,1365936.0,61882.0,52735.0,56914.0,20,0.9197181732975663,6,2,2020
2020-02-03,1624222.0,76775.0,54208.0,67675.91666666667,10,0.8814837729295562,0,2,2020
2020-02-04,1683478.0,77877.0,61363.0,70144.91666666667,9,0.9007141603639929,1,2,2020
2020-02-05,1736037.0,80770.0,61841.0,72334.875,10,0.8955661136560604,2,2,2020
2020-02-06,1761880.0,81493.0,63958.0,73411.66666666667,10,0.9008340184637535,3,2,2020
2020-02-07,1710869.0,79761.0,62808.0,71286.20833333333,10,0.893747675346765,4,2,2020
2020-02-08,1492595.0,65470.0,58217.0,62191.458333333336,1,0.9499229927193117,5,2,2020
2020-02-09,1383452.0,62873.0,51795.0,57643.833333333336,20,0.9168296937212053,6,2,2020
2020-02-10,1596565.0,76445.0,54842.0,66523.54166666667,10,0.8702144243137768,0,2,2020
2020-02-11,1617909.0,75830.0,59584.0,67412.875,10,0.8890000659369642,1,2,2020
2020-02-12,1641846.0,77688.0,57634.0,68410.25,11,0.8805767943569148,2,2,2020
2020-02-13,1598347.0,74042.0,57623.0,66597.79166666667,10,0.8994596535299786,3,2,2020
2020-02-14,1549995.0,72476.0,57526.0,64583.125,10,0.8910967078757106,4,2,2020
2020-02-15,1398650.0,60935.0,54326.0,58277.083333333336,1,0.9563811164902493,5,2,2020
2020-02-16,1391076.0,63497.0,52920.0,57961.5,20,0.9128226530387262,6,2,2020
2020-02-17,1703712.0,80648.0,56013.0,70988.0,11,0.8802202162483881,0,2,2020
2020-02-18,1711786.0,80338.0,63043.0,71324.41666666667,10,0.8878042354386053,1,2,2020
2020-02-19,1676058.0,77972.0,62397.0,69835.75,10,0.895651644179962,2,2,2020
2020-02-20,1614742.0,74510.0,60524.0,67280.91666666667,9,0.9029783474254016,3,2,2020
2020-02-21,1589122.0,73398.0,59338.0,66213.41666666667,10,0.9021147261051619,4,2,2020
2020-02-22,1409044.0,62123.0,54905.0,58710.166666666664,24,0.9450632884224307,5,2,2020
2020-02-23,1323673.0,60988.0,48960.0,55153.041666666664,20,0.9043261242648827,6,2,2020
2020-02-24,1523799.0,71041.0,52901.0,63491.625,10,0.8937321405948677,0,2,2020
2020-02-25,1617914.0,76417.0,56683.0,67413.08333333333,11,0.8821739054573371,1,2,2020
2020-02-26,1558578.0,72005.0,57455.0,64940.75,10,0.9018922297062704,2,2,2020
2020-02-27,1547581.0,70327.0,57249.0,64482.541666666664,9,0.9168959527161213,3,2,2020
2020-02-28,1599023.0,74398.0,57119.0,66625.95833333333,11,0.895534266154108,4,2,2020
2020-02-29,1380887.0,61341.0,54031.0,57536.958333333336,1,0.9379853333550698,5,2,2020
2020-03-01,1311145.0,59052.0,51509.0,54631.041666666664,20,0.9251344859897491,6,3,2020
2020-03-02,1504175.0,70171.0,51701.0,62673.958333333336,19,0.8931603986452143,0,3,2020
2020-03-03,1549241.0,69937.0,56451.0,64551.708333333336,9,0.9229979600688238,1,3,2020
2020-03-04,1562788.0,71207.0,56121.0,65116.166666666664,19,0.9144629975517388,2,3,2020
2020-03-05,1575270.0,71279.0,58502.0,65636.25,9,0.920835730018659,3,3,2020
2020-03-06,1555043.0,70461.0,58608.0,64793.458333333336,9,0.9195648420166239,4,3,2020
2020-03-07,1417623.0,61624.0,56450.0,59067.625,11,0.958516568220174,5,3,2020
2020-03-08,1263061.0,57799.0,46063.0,52627.541666666664,20,0.9105268545591907,6,3,2020
2020-03-09,1501817.0,69348.0,50663.0,62575.708333333336,10,0.9023433744784758,0,3,2020
2020-03-10,1589970.0,73329.0,55956.0,66248.75,11,0.9034454308663694,1,3,2020
2020-03-11,1544389.0,69189.0,57951.0,64349.541666666664,19,0.9300545125188493,2,3,2020
2020-03-12,1537627.0,69187.0,58049.0,64067.791666666664,9,0.926009100939001,3,3,2020
2020-03-13,1525468.0,69141.0,56813.0,63561.166666666664,9,0.919297763507422,4,3,2020
2020-03-14,1370209.0,61420.0,51308.0,57092.041666666664,1,0.9295350320199718,5,3,2020
2020-03-15,1289754.0,59745.0,48798.0,53739.75,20,0.8994853125784584,6,3,2020
2020-03-16,1505158.0,69166.0,52714.0,62714.916666666664,19,0.9067304263173621,0,3,2020
2020-03-17,1544608.0,70633.0,56625.0,64358.666666666664,10,0.9111699441715156,1,3,2020
2020-03-18,1485430.0,67700.0,56151.0,61892.916666666664,9,0.914223289020187,2,3,2020
2020-03-19,1498758.0,68829.0,55300.0,62448.25,10,0.9072956166732046,3,3,2020
2020-03-20,1466534.0,65269.0,55921.0,61105.583333333336,9,0.9362114224721282,4,3,2020
2020-03-21,1309550.0,58825.0,49359.0,54564.583333333336,1,0.9275747272984842,5,3,2020
2020-03-22,1203412.0,56264.0,44173.0,50142.166666666664,20,0.8911944878904213,6,3,2020
2020-03-23,1404683.0,65294.0,48934.0,58528.458333333336,20,0.8963834093995365,0,3,2020
2020-03-24,1442186.0,65456.0,53969.0,60091.083333333336,20,0.9180378167522204,1,3,2020
2020-03-25,1441285.0,64440.0,54369.0,60053.541666666664,20,0.9319295727291537,2,3,2020
2020-03-26,1478444.0,66984.0,53340.0,61601.833333333336,17,0.9196499661610733,3,3,2020
2020-03-27,1457913.0,67487.0,53064.0,60746.375,10,0.9001196526738483,4,3,2020
2020-03-28,1312770.0,57706.0,52527.0,54698.75,20,0.9478867015561641,5,3,2020
2020-03-29,1206244.0,56117.0,44813.0,50260.166666666664,20,0.8956317455791768,6,3,2020
2020-03-30,1382439.0,64310.0,48397.0,57601.625,20,0.895686907168403,0,3,2020
2020-03-31,1418253.0,64045.0,53650.0,59093.875,20,0.9226930283394488,1,3,2020
2020-04-01,1438281.0,65397.0,53144.0,59928.375,10,0.9163780448644433,2,4,2020
2020-04-02,1437187.0,64793.0,54360.0,59882.791666666664,20,0.9242169936052762,3,4,2020
2020-04-03,1416490.0,63334.0,54214.0,59020.416666666664,20,0.9318915064051957,4,4,2020
2020-04-04,1270725.0,57117.0,47152.0,52946.875,1,0.9269897753733565,5,4,2020
2020-04-05,1195209.0,56568.0,43367.0,49800.375,20,0.8803630144251167,6,4,2020
2020-04-06,1390120.0,64714.0,48474.0,57921.666666666664,20,0.8950407433734071,0,4,2020
2020-04-07,1422836.0,64082.0,53275.0,59284.833333333336,20,0.9251401849713389,1,4,2020
2020-04-08,1418907.0,64227.0,53141.0,59121.125,20,0.9205026702165756,2,4,2020
2020-04-09,1430437.0,64862.0,53697.0,59601.541666666664,20,0.9188976853422137,3,4,2020
2020-04-10,1428444.0,63376.0,53065.0,59518.5,20,0.9391331103256754,4,4,2020
2020-04-11,1298144.0,56756.0,51592.0,54089.333333333336,20,0.9530152465524938,5,4,2020
2020-04-12,1228339.0,56211.0,47673.0,51180.791666666664,20,0.9105120290809035,6,4,2020
2020-04-13,1395081.0,64411.0,48864.0,58128.375,20,0.9024603716756454,0,4,2020
2020-04-14,1406650.0,62808.0,54081.0,58610.416666666664,20,0.933168014690273,1,4,2020
2020-04-15,1319100.0,59614.0,51089.0,54962.5,20,0.9219730264702922,2,4,2020
2020-04-16,1374626.0,63018.0,50238.0,57276.083333333336,20,0.9088844986088631,3,4,2020
2020-04-17,1436643.0,66699.0,51989.0,59860.125,10,0.8974666036972069,4,4,2020
2020-04-18,1241837.0,55711.0,47377.0,51743.208333333336,1,0.9287790262844562,5,4,2020
2020-04-19,1231015.0,56027.0,47231.0,51292.291666666664,20,0.9154923816493238,6,4,2020
2020-04-20,1396398.0,64906.0,47543.0,58183.25,17,0.8964232890641851,0,4,2020
2020-04-21,1411247.0,64403.0,52647.0,58801.958333333336,20,0.9130313546470403,1,4,2020
2020-04-22,1433160.0,63868.0,53588.0,59715.0,20,0.9349752614767959,2,4,2020
2020-04-23,1425415.0,64118.0,53555.0,59392.291666666664,20,0.9262966977551805,3,4,2020
2020-04-24,1398490.0,62099.0,53611.0,58270.416666666664,20,0.9383471016709877,4,4,2020
2020-04-25,1242313.0,56341.0,46822.0,51763.041666666664,1,0.9187455257568496,5,4,2020
2020-04-26,1159403.0,54785.0,42793.0,48308.458333333336,21,0.881782574305619,6,4,2020
2020-04-27,1346629.0,62669.0,46965.0,56109.541666666664,20,0.8953316897775082,0,4,2020
2020-04-28,1365253.0,61242.0,51902.0,56885.541666666664,20,0.9288648585393466,1,4,2020
2020-04-29,1340677.0,59574.0,51265.0,55861.541666666664,20,0.937683245487405,2,4,2020
2020-04-30,1231188.0,55855.0,46799.0,51299.5,21,0.9184406051383045,3,4,2020
2020-05-01,1162484.0,53435.0,44750.0,48436.833333333336,21,0.9064626805152678,4,5,2020
2020-05-02,1163506.0,52776.0,44975.0,48479.416666666664,20,0.9185883103430852,5,5,2020
2020-05-03,1162612.0,53877.0,44468.0,48442.166666666664,21,0.8991251678205294,6,5,2020
2020-05-04,1235919.0,57080.0,44439.0,51496.625,20,0.9021833391730903,0,5,2020
2020-05-05,1244222.0,56310.0,46323.0,51842.583333333336,21,0.9206638844491801,1,5,2020
2020-05-06,1325293.0,61479.0,46611.0,55220.541666666664,20,0.8982016894657796,2,5,2020
2020-05-07,1359597.0,62127.0,50260.0,56649.875,20,0.911839860286188,3,5,2020
2020-05-08,1352856.0,62506.0,49908.0,56369.0,17,0.9018174255271494,4,5,2020
2020-05-09,1272825.0,55520.0,49578.0,53034.375,12,0.9552300972622478,5,5,2020
2020-05-10,1184139.0,54608.0,45849.0,49339.125,21,0.9035145949311456,6,5,2020
2020-05-11,1317832.0,61467.0,45695.0,54909.666666666664,20,0.893319450545279,0,5,2020
2020-05-12,1363889.0,61820.0,50020.0,56828.708333333336,20,0.9192608918365146,1,5,2020
2020-05-13,1351107.0,61203.0,50566.0,56296.125,20,0.9198262340081369,2,5,2020
2020-05-14,1369542.0,62498.0,50367.0,57064.25,17,0.9130572178309706,3,5,2020
2020-05-15,1403938.0,64508.0,49860.0,58497.416666666664,11,0.9068242181848246,4,5,2020
2020-05-16,1243897.0,54733.0,49352.0,51829.041666666664,21,0.9469431908842318,5,5,2020
2020-05-17,1163305.0,55310.0,44773.0,48471.041666666664,21,0.8763522268426445,6,5,2020
2020-05-18,1362955.0,65700.0,45610.0,56789.791666666664,17,0.8643803906646372,0,5,2020
2020-05-19,1386475.0,63817.0,49318.0,57769.791666666664,11,0.9052414194754793,1,5,2020
2020-05-20,1353513.0,61065.0,49597.0,56396.375,20,0.9235466306394825,2,5,2020
2020-05-21,1344083.0,61329.0,49320.0,56003.458333333336,20,0.913164381179105,3,5,2020
2020-05-22,1340965.0,61067.0,49153.0,55873.541666666664,17,0.9149547491552993,4,5,2020
2020-05-23,1209463.0,54830.0,47471.0,50394.291666666664,21,0.9191007052100432,5,5,2020
2020-05-24,1173529.0,54457.0,45750.0,48897.041666666664,21,0.8979018614074713,6,5,2020
2020-05-25,1341203.0,62174.0,44946.0,55883.458333333336,17,0.8988235972164141,0,5,2020
2020-05-26,1371073.0,62836.0,49165.0,57128.041666666664,18,0.9091610170390646,1,5,2020
2020-05-27,1347015.0,61192.0,49066.0,56125.625,20,0.9172052719309713,2,5,2020
2020-05-28,1351015.0,61697.0,48911.0,56292.291666666664,18,0.9123991712184817,3,5,2020
2020-05-29,1342428.0,61765.0,49008.0,55934.5,17,0.9056018780862948,4,5,2020
2020-05-30,1216668.0,54866.0,47810.0,50694.5,21,0.9239693070389676,5,5,2020
2020-05-31,1150788.0,53975.0,44316.0,47949.5,21,0.8883649837887911,6,5,2020
2020-06-01,1323834.0,62505.0,44058.0,55159.75,18,0.8824854011679065,0,6,2020
2020-06-02,1383484.0,64274.0,48799.0,57645.166666666664,17,0.8968660215120681,1,6,2020
2020-06-03,1419314.0,66004.0,49657.0,59138.083333333336,17,0.8959772640042019,2,6,2020
2020-06-04,1438456.0,67908.0,50323.0,59935.666666666664,17,0.8826009699397224,3,6,2020
2020-06-05,1427809.0,67093.0,50359.0,59492.041666666664,17,0.8867101138221076,4,6,2020
2020-06-06,1270177.0,57796.0,48452.0,52924.041666666664,21,0.915704229819826,5,6,2020
2020-06-07,1184914.0,56738.0,45273.0,49371.416666666664,21,0.8701649100544021,6,6,2020
2020-06-08,1423133.0,70986.0,45240.0,59297.208333333336,17,0.8353366626283117,0,6,2020
2020-06-09,1504631.0,73065.0,50664.0,62692.958333333336,17,0.8580436369442734,1,6,2020
2020-06-10,1527290.0,75247.0,51033.0,63637.083333333336,17,0.8457092420074334,2,6,2020
2020-06-11,1524173.0,72458.0,51638.0,63507.208333333336,17,0.8764692419516594,3,6,2020
2020-06-12,1514128.0,71925.0,51389.0,63088.666666666664,17,0.8771451743714517,4,6,2020
2020-06-13,1348891.0,61765.0,49720.0,56203.791666666664,20,0.9099618176421381,5,6,2020
2020-06-14,1255514.0,58071.0,46884.0,52313.083333333336,21,0.9008469517200209,6,6,2020
2020-06-15,1414998.0,68945.0,45639.0,58958.25,17,0.8551490318369716,0,6,2020
2020-06-16,1466871.0,70355.0,50372.0,61119.625,17,0.8687317887854452,1,6,2020
2020-06-17,1491526.0,71113.0,50844.0,62146.916666666664,17,0.8739178021833794,2,6,2020
2020-06-18,1473029.0,68208.0,51025.0,61376.208333333336,15,0.8998388507701932,3,6,2020
2020-06-19,1439028.0,67881.0,50254.0,59959.5,17,0.8833031334246696,4,6,2020
2020-06-20,1294673.0,58749.0,49097.0,53944.708333333336,21,0.9182234307534313,5,6,2020
2020-06-21,1223438.0,58769.0,45745.0,50976.583333333336,21,0.8674060020305491,6,6,2020
2020-06-22,1479790.0,74046.0,45923.0,61657.916666666664,17,0.8326974673401218,0,6,2020
2020-06-23,1533813.0,74580.0,51420.0,63908.875,17,0.8569170689192813,1,6,2020
2020-06-24,1511504.0,71085.0,51848.0,62979.333333333336,11,0.8859721929145858,2,6,2020
2020-06-25,1500089.0,70436.0,51360.0,62503.708333333336,15,0.8873829907055105,3,6,2020
2020-06-26,1441048.0,67237.0,50531.0,60043.666666666664,17,0.8930152544977715,4,6,2020
2020-06-27,1302285.0,59168.0,48734.0,54261.875,21,0.91708144605192,5,6,2020
2020-06-28,1225658.0,58627.0,45920.0,51069.083333333336,21,0.8710847106850655,6,6,2020
2020-06-29,1456587.0,71580.0,45772.0,60691.125,15,0.8478782481139984,0,6,2020
2020-06-30,1449689.0,67390.0,50292.0,60403.708333333336,17,0.896330439728941,1,6,2020
2020-07-01,1436026.0,67510.0,49422.0,59834.416666666664,17,0.886304498099047,2,7,2020
2020-07-02,1475667.0,70435.0,50772.0,61486.125,17,0.8729484631220275,3,7,2020
2020-07-03,1487101.0,69956.0,51429.0,61962.541666666664,15,0.8857359149560676,4,7,2020
2020-07-04,1306139.0,58241.0,49782.0,54422.458333333336,21,0.9344355064874116,5,7,2020
2020-07-05,1247706.0,58879.0,47027.0,51987.75,21,0.8829591195502641,6,7,2020
2020-07-06,1490475.0,73331.0,46909.0,62103.125,17,0.8468877418826962,0,7,2020
2020-07-07,1539271.0,72265.0,53064.0,64136.291666666664,17,0.8875152794114255,1,7,2020
2020-07-08,1543269.0,74371.0,52514.0,64302.875,17,0.864622971319466,2,7,2020
2020-07-09,1574066.0,75675.0,53244.0,65586.08333333333,17,0.866680982270675,3,7,2020
2020-07-10,1559190.0,72503.0,54144.0,64966.25,17,0.8960491290015585,4,7,2020
2020-07-11,1383647.0,61501.0,52051.0,57651.958333333336,20,0.9374149742822611,5,7,2020
2020-07-12,1290467.0,58411.0,48089.0,53769.458333333336,20,0.9205365142410391,6,7,2020
2020-07-13,1456277.0,68771.0,47506.0,60678.208333333336,17,0.8823226117598019,0,7,2020
2020-07-14,1479992.0,68457.0,51968.0,61666.333333333336,17,0.9008039109708771,1,7,2020
2020-07-15,1487583.0,68952.0,52274.0,61982.625,17,0.898924251653324,2,7,2020
2020-07-16,1501154.0,70509.0,52615.0,62548.083333333336,17,0.8870936097992219,3,7,2020
2020-07-17,1507198.0,71418.0,52606.0,62799.916666666664,17,0.8793289740214885,4,7,2020
2020-07-18,1361624.0,61204.0,51581.0,56734.333333333336,21,0.9269710040738078,5,7,2020
2020-07-19,1314342.0,62377.0,48223.0,54764.25,21,0.8779558170479503,6,7,2020
2020-07-20,1543722.0,73800.0,49399.0,64321.75,11,0.8715684281842818,0,7,2020
2020-07-21,1562888.0,74450.0,53226.0,65120.333333333336,17,0.87468547123349,1,7,2020
2020-07-22,1580061.0,74111.0,54328.0,65835.875,15,0.8883414742750739,2,7,2020
2020-07-23,1554312.0,72543.0,53750.0,64763.0,15,0.8927532635815999,3,7,2020
2020-07-24,1506203.0,69401.0,53099.0,62758.458333333336,15,0.9042875222739346,4,7,2020
2020-07-25,1354179.0,59890.0,51489.0,56424.125,21,0.9421293204207715,5,7,2020
2020-07-26,1283642.0,60578.0,48012.0,53485.083333333336,21,0.8829126635632298,6,7,2020
2020-07-27,1509182.0,73006.0,48060.0,62882.583333333336,17,0.8613344565286871,0,7,2020
2020-07-28,1555662.0,73747.0,52647.0,64819.25,17,0.8789408382713874,1,7,2020
2020-07-29,1572550.0,73525.0,53270.0,65522.916666666664,15,0.8911651365748611,2,7,2020
2020-07-30,1561706.0,72981.0,53229.0,65071.083333333336,17,0.8916167678345506,3,7,2020
2020-07-31,1538267.0,72400.0,52255.0,64094.458333333336,17,0.8852825736648251,4,7,2020
2020-08-01,1381930.0,62900.0,50538.0,57580.416666666664,20,0.9154279279279279,5,8,2020
2020-08-02,1335163.0,62345.0,48337.0,55631.791666666664,20,0.892321624294918,6,8,2020
2020-08-03,1451882.0,68035.0,47997.0,60495.083333333336,16,0.8891759143578061,0,8,2020
2020-08-04,1503054.0,71617.0,50464.0,62627.25,18,0.8744746359104681,1,8,2020
2020-08-05,1545762.0,72543.0,51274.0,64406.75,14,0.8878423831382766,2,8,2020
2020-08-06,1558022.0,73160.0,52155.0,64917.583333333336,12,0.8873371149990887,3,8,2020
2020-08-07,1539223.0,72986.0,51771.0,64134.291666666664,15,0.878720462371779,4,8,2020
2020-08-08,1427216.0,64649.0,51446.0,59467.333333333336,12,0.91984923716273,5,8,2020
2020-08-09,1382844.0,65302.0,50582.0,57618.5,20,0.8823389788980429,6,8,2020
2020-08-10,1625980.0,80229.0,50097.0,67749.16666666667,15,0.8444473527859835,0,8,2020
2020-08-11,1665842.0,79148.0,55638.0,69410.08333333333,15,0.8769657266555482,1,8,2020
2020-08-12,1706460.0,82122.0,56014.0,71102.5,17,0.8658154940210906,2,8,2020
2020-08-13,1738114.0,83777.0,57198.0,72421.41666666667,17,0.8644546434781225,3,8,2020
2020-08-14,1729817.0,82639.0,57496.0,72075.70833333333,17,0.8721754659825667,4,8,2020
2020-08-15,1551921.0,72195.0,56319.0,64663.375,20,0.8956766396564859,5,8,2020
2020-08-16,1452786.0,70452.0,52075.0,60532.75,20,0.8592055583943677,6,8,2020
2020-08-17,1612235.0,78553.0,52392.0,67176.45833333333,19,0.8551736831608383,0,8,2020
2020-08-18,1753165.0,86324.0,56191.0,73048.54166666667,18,0.8462135867970283,1,8,2020
2020-08-19,1764652.0,86698.0,57684.0,73527.16666666667,17,0.8480837697140265,2,8,2020
2020-08-20,1779039.0,86967.0,58797.0,74126.625,17,0.8523534789057918,3,8,2020
2020-08-21,1754839.0,84425.0,58735.0,73118.29166666667,17,0.8660739314973843,4,8,2020
2020-08-22,1546768.0,69559.0,57383.0,64448.666666666664,14,0.9265323921658831,5,8,2020
2020-08-23,1420975.0,68538.0,52031.0,59207.291666666664,20,0.8638608022800004,6,8,2020
2020-08-24,1696399.0,85076.0,52049.0,70683.29166666667,17,0.8308252817089035,0,8,2020
2020-08-25,1804794.0,88574.0,58734.0,75199.75,17,0.849004786957798,1,8,2020
2020-08-26,1821351.0,89091.0,59430.0,75889.625,15,0.851821452223008,2,8,2020
2020-08-27,1767864.0,84961.0,58350.0,73661.0,17,0.8669977989901249,3,8,2020
2020-08-28,1774753.0,85677.0,58968.0,73948.04166666667,17,0.8631026024098261,4,8,2020
2020-08-29,1593941.0,72836.0,57383.0,66414.20833333333,15,0.9118321754809892,5,8,2020
2020-08-30,1479963.0,71466.0,53111.0,61665.125,20,0.8628596115635407,6,8,2020
2020-08-31,1666446.0,82673.0,52076.0,69435.25,17,0.8398781948157198,0,8,2020
2020-09-01,1684524.0,82036.0,56200.0,70188.5,17,0.8555816958408503,1,9,2020
2020-09-02,1694520.0,81356.0,57368.0,70605.0,15,0.8678524017896652,2,9,2020
2020-09-03,1569531.0,74636.0,53509.0,65397.125,17,0.8762142263786913,3,9,2020
2020-09-04,1548821.0,73772.0,54330.0,64534.208333333336,17,0.8747791619223193,4,9,2020
2020-09-05,1400318.0,61835.0,53245.0,58346.583333333336,15,0.9435850785693108,5,9,2020
2020-09-06,1295329.0,59566.0,48867.0,53972.041666666664,20,0.9060880647796841,6,9,2020
2020-09-07,1466499.0,69547.0,48003.0,61104.125,17,0.8786018807425194,0,9,2020
2020-09-08,1543886.0,73153.0,53793.0,64328.583333333336,17,0.8793704063173532,1,9,2020
2020-09-09,1535964.0,71515.0,54439.0,63998.5,17,0.8948961756274907,2,9,2020
2020-09-10,1547421.0,72738.0,54156.0,64475.875,17,0.8864125354010284,3,9,2020
2020-09-11,1556060.0,73473.0,54543.0,64835.833333333336,15,0.882444344634537,4,9,2020
2020-09-12,1381263.0,60966.0,53213.0,57552.625,20,0.9440118262638192,5,9,2020
2020-09-13,1265990.0,59480.0,48983.0,52749.583333333336,20,0.8868457184487784,6,9,2020
2020-09-14,1470723.0,70702.0,48400.0,61280.125,17,0.8667382110831376,0,9,2020
2020-09-15,1531625.0,73146.0,53704.0,63817.708333333336,17,0.8724702421640738,1,9,2020
2020-09-16,1566767.0,73144.0,54721.0,65281.958333333336,17,0.8925128285755952,2,9,2020
2020-09-17,1551502.0,71725.0,54514.0,64645.916666666664,15,0.9013024282560707,3,9,2020
2020-09-18,1497508.0,68259.0,54037.0,62396.166666666664,17,0.9141090063825527,4,9,2020
2020-09-19,1339079.0,59888.0,52570.0,55794.958333333336,20,0.9316550616706741,5,9,2020
2020-09-20,1229479.0,58261.0,47276.0,51228.291666666664,20,0.8792896048242678,6,9,2020
2020-09-21,1410056.0,67626.0,47478.0,58752.333333333336,19,0.8687832096136595,0,9,2020
2020-09-22,1465854.0,68157.0,52685.0,61077.25,19,0.8961258564784248,1,9,2020
2020-09-23,1473531.0,68298.0,52860.0,61397.125,17,0.8989593399513895,2,9,2020
2020-09-24,1479348.0,69151.0,53154.0,61639.5,17,0.8913753958728001,3,9,2020
2020-09-25,1468932.0,67826.0,53071.0,61205.5,17,0.9023899389614602,4,9,2020
2020-09-26,1322967.0,59397.0,52175.0,55123.625,20,0.9280540262976245,5,9,2020
2020-09-27,1240062.0,58397.0,48049.0,51669.25,20,0.8847928831960546,6,9,2020
2020-09-28,1385358.0,66036.0,47614.0,57723.25,19,0.8741179053849415,0,9,2020
2020-09-29,1361712.0,60187.0,51139.0,56738.0,19,0.9426952664196587,1,9,2020
2020-09-30,1144493.0,51986.0,43956.0,47687.208333333336,19,0.9173086664358353,2,9,2020
2020-10-01,1046331.0,48946.0,38999.0,43597.125,20,0.890718853430311,3,10,2020
2020-10-02,1081458.0,51651.0,41168.0,45060.75,20,0.8724080850322355,4,10,2020
2020-10-03,1136319.0,53653.0,42262.0,47346.625,19,0.8824599742791642,5,10,2020
2020-10-04,1184063.0,55638.0,43161.0,49335.958333333336,19,0.8867313406904155,6,10,2020
2020-10-05,1340129.0,65238.0,45472.0,55838.708333333336,19,0.8559230560920528,0,10,2020
2020-10-06,1413284.0,66935.0,51811.0,58886.833333333336,19,0.8797614601230049,1,10,2020
2020-10-07,1430624.0,66722.0,52471.0,59609.333333333336,19,0.8933984792622124,2,10,2020
2020-10-08,1427384.0,66261.0,53042.0,59474.333333333336,19,0.8975767545514456,3,10,2020
2020-10-09,1359935.0,62608.0,52141.0,56663.958333333336,19,0.9050593907061931,4,10,2020
2020-10-10,1275329.0,57877.0,49433.0,53138.708333333336,19,0.9181316988325818,5,10,2020
2020-10-11,1226669.0,57139.0,46835.0,51111.208333333336,20,0.8945065250237725,6,10,2020
2020-10-12,1404506.0,67195.0,47484.0,58521.083333333336,19,0.8709142545328273,0,10,2020
2020-10-13,1455259.0,67755.0,53070.0,60635.791666666664,19,0.8949271886453644,1,10,2020
2020-10-14,1470267.0,67364.0,53393.0,61261.125,19,0.9094045038893177,2,10,2020
2020-10-15,1452910.0,67771.0,53544.0,60537.916666666664,19,0.8932717042196022,3,10,2020
2020-10-16,1492365.0,67349.0,53847.0,62181.875,19,0.9232783708741036,4,10,2020
2020-10-17,1322178.0,59231.0,50320.0,55090.75,19,0.9300999476625416,5,10,2020
2020-10-18,1227553.0,57306.0,45544.0,51148.041666666664,20,0.8925425202712921,6,10,2020
2020-10-19,1410106.0,67545.0,48401.0,58754.416666666664,19,0.8698558985367779,0,10,2020
2020-10-20,1454562.0,67824.0,53764.0,60606.75,19,0.8935885527246992,1,10,2020
2020-10-21,1503372.0,68454.0,53776.0,62640.5,17,0.9150743565021766,2,10,2020
2020-10-22,1491656.0,68374.0,54052.0,62152.333333333336,19,0.9090053724125156,3,10,2020
2020-10-23,1448645.0,67147.0,53726.0,60360.208333333336,19,0.8989263605720782,4,10,2020
2020-10-24,1322390.0,59213.0,49370.0,55099.583333333336,19,0.9305318651872618,5,10,2020
2020-10-25,1238156.0,57288.0,45542.0,51589.833333333336,19,0.9005347251314993,6,10,2020
2020-10-26,1417405.0,67680.0,48986.0,59058.541666666664,19,0.8726143863278172,0,10,2020
2020-10-27,1462388.0,67660.0,53182.0,60932.833333333336,19,0.9005739481722338,1,10,2020
2020-10-28,1456077.0,66752.0,52845.0,60669.875,19,0.9088847525167785,2,10,2020
2020-10-29,1448674.0,67410.0,52897.0,60361.416666666664,19,0.8954371260446027,3,10,2020
2020-10-30,1436355.0,66037.0,52813.0,59848.125,19,0.9062817057104351,4,10,2020
2020-10-31,1294398.0,57719.0,49011.0,53933.25,19,0.9344106793256987,5,10,2020
2020-11-01,1253138.0,56822.0,47666.0,52214.083333333336,19,0.9189061161756598,6,11,2020
2020-11-02,1412265.0,66720.0,47685.0,58844.375,19,0.8819600569544365,0,11,2020
2020-11-03,1490810.0,69570.0,53178.0,62117.083333333336,18,0.8928716879881176,1,11,2020
2020-11-04,1511231.0,69231.0,55305.0,62967.958333333336,18,0.9095341441454454,2,11,2020
2020-11-05,1514981.0,68907.0,55723.0,63124.208333333336,17,0.9160783132821533,3,11,2020
2020-11-06,1517415.0,69596.0,54231.0,63225.625,10,0.9084663630093683,4,11,2020
2020-11-07,1331827.0,58540.0,51003.0,55492.791666666664,19,0.9479465607561781,5,11,2020
2020-11-08,1231529.0,57536.0,44844.0,51313.708333333336,19,0.8918539407211717,6,11,2020
2020-11-09,1467585.0,69999.0,49479.0,61149.375,17,0.8735749796425664,0,11,2020
2020-11-10,1505776.0,68952.0,54934.0,62740.666666666664,19,0.9099180105967436,1,11,2020
2020-11-11,1503243.0,67954.0,55484.0,62635.125,9,0.9217283014980723,2,11,2020
2020-11-12,1498367.0,68011.0,55343.0,62431.958333333336,19,0.9179685394029398,3,11,2020
2020-11-13,1491801.0,67692.0,55067.0,62158.375,9,0.9182528954677067,4,11,2020
2020-11-14,1341817.0,58858.0,50544.0,55909.041666666664,19,0.9498970686511038,5,11,2020
2020-11-15,1249916.0,57555.0,46697.0,52079.833333333336,19,0.9048707033851678,6,11,2020
2020-11-16,1456064.0,68154.0,49135.0,60669.333333333336,17,0.8901800823624928,0,11,2020
2020-11-17,1515718.0,69082.0,54511.0,63154.916666666664,17,0.9142022041438677,1,11,2020
2020-11-18,1512546.0,69555.0,53827.0,63022.75,17,0.9060851125008985,2,11,2020
2020-11-19,1539868.0,70905.0,54071.0,64161.166666666664,15,0.9048891709564441,3,11,2020
2020-11-20,1561349.0,71916.0,54638.0,65056.208333333336,17,0.9046138318779317,4,11,2020
2020-11-21,1380226.0,60121.0,52916.0,57509.416666666664,19,0.9565612126655688,5,11,2020
2020-11-22,1314113.0,59194.0,50463.0,54754.708333333336,19,0.9250043641810545,6,11,2020
2020-11-23,1537768.0,73234.0,50829.0,64073.666666666664,18,0.874916932936432,0,11,2020
2020-11-24,1600148.0,73988.0,57077.0,66672.83333333333,10,0.9011303634823664,1,11,2020
2020-11-25,1576960.0,72888.0,57643.0,65706.66666666667,17,0.9014744082244907,2,11,2020
2020-11-26,1585919.0,73798.0,57236.0,66079.95833333333,10,0.895416655374581,3,11,2020
2020-11-27,1597681.0,73588.0,56410.0,66570.04166666667,17,0.9046317560834195,4,11,2020
2020-11-28,1438658.0,63912.0,55371.0,59944.083333333336,19,0.9379159364960153,5,11,2020
2020-11-29,1363005.0,62162.0,53487.0,56791.875,19,0.9136108072455841,6,11,2020
2020-11-30,1600159.0,77074.0,53277.0,66673.29166666667,17,0.8650555526723236,0,11,2020
2020-12-01,1641474.0,76210.0,59022.0,68394.75,17,0.8974511219000131,1,12,2020
2020-12-02,1647989.0,77722.0,58846.0,68666.20833333333,10,0.8834848348386986,2,12,2020
2020-12-03,1651357.0,76904.0,58985.0,68806.54166666667,18,0.894706928985055,3,12,2020
2020-12-04,1660964.0,76916.0,60121.0,69206.83333333333,10,0.8997716123216669,4,12,2020
2020-12-05,1477997.0,64555.0,58074.0,61583.208333333336,19,0.9539649652750885,5,12,2020
2020-12-06,1361164.0,62314.0,51341.0,56715.166666666664,19,0.9101512768666217,6,12,2020
2020-12-07,1642814.0,78832.0,53767.0,68450.58333333333,10,0.8683096120018943,0,12,2020
2020-12-08,1683507.0,78234.0,59652.0,70146.125,17,0.8966194365621085,1,12,2020
2020-12-09,1678142.0,78544.0,61097.0,69922.58333333333,10,0.8902345606708766,2,12,2020
2020-12-10,1676476.0,80497.0,59259.0,69853.16666666667,10,0.8677735402147493,3,12,2020
2020-12-11,1643035.0,77669.0,59237.0,68459.79166666667,10,0.8814300643328312,4,12,2020
2020-12-12,1453979.0,64485.0,55839.0,60582.458333333336,19,0.9394814039440698,5,12,2020
2020-12-13,1415201.0,63683.0,54995.0,58966.708333333336,19,0.9259411198174291,6,12,2020
2020-12-14,1732123.0,84182.0,56337.0,72171.79166666667,17,0.8573304467304966,0,12,2020
2020-12-15,1801273.0,84708.0,64009.0,75053.04166666667,17,0.8860207024916971,1,12,2020
2020-12-16,1813222.0,85132.0,64578.0,75550.91666666667,17,0.8874561465332269,2,12,2020
2020-12-17,1794499.0,84185.0,65003.0,74770.79166666667,10,0.888172378293837,3,12,2020
2020-12-18,1766877.0,82899.0,63173.0,73619.875,10,0.8880671057551961,4,12,2020
2020-12-19,1573765.0,69628.0,61353.0,65573.54166666667,19,0.9417697142911856,5,12,2020
2020-12-20,1459659.0,66560.0,55325.0,60819.125,19,0.9137488731971154,6,12,2020
2020-12-21,1725818.0,82906.0,58030.0,71909.08333333333,10,0.8673568056996276,0,12,2020
2020-12-22,1742841.0,82109.0,62975.0,72618.375,10,0.8844143151177094,1,12,2020
2020-12-23,1722820.0,81349.0,62442.0,71784.16666666667,10,0.8824222383393363,2,12,2020
2020-12-24,1646236.0,77124.0,60624.0,68593.16666666667,10,0.8893880849886763,3,12,2020
2020-12-25,1507685.0,67327.0,58317.0,62820.208333333336,19,0.9330611542669855,4,12,2020
2020-12-26,1446263.0,63604.0,57562.0,60260.958333333336,19,0.9474397574576023,5,12,2020
2020-12-27,1394351.0,62840.0,55007.0,58097.958333333336,19,0.9245378474432422,6,12,2020
2020-12-28,1594641.0,76803.0,54326.0,66443.375,10,0.8651143184511022,0,12,2020
2020-12-29,1691156.0,78915.0,59540.0,70464.83333333333,17,0.892920653023295,1,12,2020
2020-12-30,1785065.0,83916.0,62467.0,74377.70833333333,10,0.8863352439741328,2,12,2020
2020-12-31,1700692.0,80632.0,64090.0,70862.16666666667,10,0.8788342924231902,3,12,2020
2021-01-01,1448212.0,64942.0,56191.0,60342.166666666664,1,0.9291701312966442,4,1,2021
2021-01-02,1430921.0,65082.0,55066.0,59621.708333333336,19,0.9161013541890743,5,1,2021
2021-01-03,1451827.0,66473.0,55912.0,60492.791666666664,19,0.9100355282094484,6,1,2021
2021-01-04,1741475.0,82840.0,58715.0,72561.45833333333,17,0.8759229639465635,0,1,2021
2021-01-05,1799488.0,84497.0,63136.0,74978.66666666667,17,0.8873530026707063,1,1,2021
2021-01-06,1826607.0,85568.0,66041.0,76108.625,10,0.8894519563388182,2,1,2021
2021-01-07,1908817.0,90195.0,66489.0,79534.04166666667,17,0.8818010052294104,3,1,2021
2021-01-08,1923603.0,89858.0,69141.0,80150.125,11,0.8919642658416613,4,1,2021
2021-01-09,1706878.0,74232.0,67882.0,71119.91666666667,19,0.9580762564213098,5,1,2021
2021-01-10,1580294.0,70738.0,62089.0,65845.58333333333,19,0.9308375036519739,6,1,2021
2021-01-11,1879306.0,90564.0,62743.0,78304.41666666667,11,0.8646307215523461,0,1,2021
2021-01-12,1867343.0,88089.0,67935.0,77805.95833333333,10,0.8832653150033867,1,1,2021
2021-01-13,1769694.0,84235.0,66064.0,73737.25,10,0.8753754377634,2,1,2021
2021-01-14,1719897.0,80757.0,63330.0,71662.375,9,0.8873828274948302,3,1,2021
2021-01-15,1703608.0,78869.0,61644.0,70983.66666666667,10,0.9000198641629369,4,1,2021
2021-01-16,1566083.0,69347.0,61516.0,65253.458333333336,19,0.9409701693416201,5,1,2021
2021-01-17,1489408.0,68310.0,55375.0,62058.666666666664,19,0.9084858244278534,6,1,2021
2021-01-18,1796990.0,86673.0,59848.0,74874.58333333333,11,0.8638743707190628,0,1,2021
2021-01-19,1829391.0,85348.0,66696.0,76224.625,10,0.8931038219993439,1,1,2021
2021-01-20,1774263.0,83468.0,66517.0,73927.625,9,0.8857002084631236,2,1,2021
2021-01-21,1748223.0,80435.0,63265.0,72842.625,17,0.9056085659227948,3,1,2021
2021-01-22,1697013.0,79367.0,61230.0,70708.875,10,0.8909102649715877,4,1,2021
2021-01-23,1503267.0,65370.0,59183.0,62636.125,11,0.958178445770231,5,1,2021
2021-01-24,1366628.0,62157.0,51810.0,56942.833333333336,19,0.9161129612647544,6,1,2021
2021-01-25,1584232.0,75047.0,54553.0,66009.66666666667,9,0.8795776868717826,0,1,2021
2021-01-26,1690257.0,79190.0,59224.0,70427.375,11,0.8893468240939513,1,1,2021
2021-01-27,1657223.0,77213.0,60744.0,69050.95833333333,9,0.8942918722667599,2,1,2021
2021-01-28,1747869.0,80655.0,61433.0,72827.875,17,0.9029554894302895,3,1,2021
2021-01-29,1794135.0,83971.0,66021.0,74755.625,10,0.8902552666992176,4,1,2021
2021-01-30,1572820.0,69215.0,62412.0,65534.166666666664,1,0.9468202942522093,5,1,2021
2021-01-31,1418000.0,63574.0,53442.0,59083.333333333336,19,0.9293631568460902,6,1,2021
2021-02-01,1646620.0,77878.0,55057.0,68609.16666666667,10,0.8809826480734825,0,2,2021
2021-02-02,1742014.0,80457.0,62188.0,72583.91666666667,18,0.9021454524362911,1,2,2021
2021-02-03,1756786.0,82594.0,65306.0,73199.41666666667,9,0.8862558620077327,2,2,2021
2021-02-04,1742474.0,80804.0,63712.0,72603.08333333333,10,0.898508530930812,3,2,2021
2021-02-05,1729494.0,80698.0,63971.0,72062.25,10,0.8929868150387866,4,2,2021
2021-02-06,1514524.0,66340.0,60734.0,63105.166666666664,9,0.9512385689880414,5,2,2021
2021-02-07,1394607.0,63698.0,52538.0,58108.625,20,0.9122519545354643,6,2,2021
2021-02-08,1661879.0,77950.0,56603.0,69244.95833333333,19,0.8883253153731023,0,2,2021
2021-02-09,1691735.0,79114.0,63153.0,70488.95833333333,9,0.8909795779929384,1,2,2021
2021-02-10,1604441.0,76269.0,62060.0,66851.70833333333,9,0.8765253029846114,2,2,2021
2021-02-11,1307975.0,61009.0,49002.0,54498.958333333336,1,0.893293749009709,3,2,2021
2021-02-12,1169826.0,54836.0,39720.0,48742.75,24,0.8888823035961777,4,2,2021
2021-02-13,1193559.0,55686.0,42821.0,49731.625,20,0.8930723162015587,5,2,2021
2021-02-14,1264568.0,57687.0,48412.0,52690.333333333336,20,0.9133831423602083,6,2,2021
2021-02-15,1562133.0,74829.0,49856.0,65088.875,11,0.86983489021636,0,2,2021
2021-02-16,1732078.0,80711.0,61214.0,72169.91666666667,17,0.8941769605960361,1,2,2021
2021-02-17,1821173.0,84749.0,64230.0,75882.20833333333,10,0.8953758549756732,2,2,2021
2021-02-18,1810405.0,84067.0,66225.0,75433.54166666667,10,0.897302647491485,3,2,2021
2021-02-19,1700389.0,79299.0,65186.0,70849.54166666667,9,0.8934481098962997,4,2,2021
2021-02-20,1436618.0,64603.0,54138.0,59859.083333333336,1,0.9265681676289543,5,2,2021
2021-02-21,1314778.0,60140.0,47683.0,54782.416666666664,20,0.910914809888039,6,2,2021
2021-02-22,1521805.0,70422.0,52224.0,63408.541666666664,19,0.9004081347684909,0,2,2021
2021-02-23,1624979.0,73896.0,58862.0,67707.45833333333,9,0.9162533605788314,1,2,2021
2021-02-24,1639910.0,76281.0,60063.0,68329.58333333333,10,0.8957615046123324,2,2,2021
2021-02-25,1679981.0,77701.0,59395.0,69999.20833333333,11,0.9008791178148715,3,2,2021
2021-02-26,1579185.0,73253.0,59545.0,65799.375,9,0.8982481946131899,4,2,2021
2021-02-27,1397354.0,61810.0,53050.0,58223.083333333336,1,0.9419686674216686,5,2,2021
2021-02-28,1329637.0,59511.0,52167.0,55401.541666666664,20,0.9309462396307685,6,2,2021
2021-03-01,1434135.0,64904.0,50874.0,59755.625,19,0.9206770769135955,0,3,2021
2021-03-02,1622455.0,77208.0,55689.0,67602.29166666667,10,0.8755866188305185,1,3,2021
2021-03-03,1624815.0,74748.0,60362.0,67700.625,9,0.9057182131963397,2,3,2021
2021-03-04,1654536.0,76597.0,59293.0,68939.0,10,0.9000221940807082,3,3,2021
2021-03-05,1550703.0,72682.0,59173.0,64612.625,9,0.888976981921246,4,3,2021
2021-03-06,1425977.0,62607.0,56835.0,59415.708333333336,20,0.9490265997944852,5,3,2021
2021-03-07,1324785.0,60702.0,50366.0,55199.375,20,0.9093501861553162,6,3,2021
2021-03-08,1523048.0,71789.0,52885.0,63460.333333333336,9,0.8839840829839298,0,3,2021
2021-03-09,1563579.0,72893.0,57768.0,65149.125,9,0.8937638044805399,1,3,2021
2021-03-10,1532906.0,70943.0,57853.0,63871.083333333336,9,0.9003155115139384,2,3,2021
2021-03-11,1533788.0,71172.0,57463.0,63907.833333333336,9,0.8979350493639822,3,3,2021
2021-03-12,1583298.0,73861.0,55983.0,65970.75,10,0.8931743409918631,4,3,2021
2021-03-13,1356205.0,60715.0,49944.0,56508.541666666664,1,0.930717971945428,5,3,2021
2021-03-14,1270372.0,58921.0,46797.0,52932.166666666664,20,0.8983582537069409,6,3,2021
2021-03-15,1471703.0,68220.0,50979.0,61320.958333333336,19,0.8988706879702922,0,3,2021
2021-03-16,1492291.0,68547.0,55434.0,62178.791666666664,20,0.9070971985158601,1,3,2021
2021-03-17,1498665.0,67684.0,56823.0,62444.375,20,0.9225869481709119,2,3,2021
2021-03-18,1497963.0,68081.0,56409.0,62415.125,19,0.9167774415769451,3,3,2021
2021-03-19,1473857.0,67369.0,55546.0,61410.708333333336,9,0.9115573681267843,4,3,2021
2021-03-20,1397959.0,61460.0,54086.0,58248.291666666664,11,0.9477431120511985,5,3,2021
2021-03-21,1273742.0,59578.0,47850.0,53072.583333333336,20,0.8908084080253338,6,3,2021
2021-03-22,1469421.0,68873.0,51322.0,61225.875,19,0.8889677377201516,0,3,2021
2021-03-23,1500196.0,68079.0,56967.0,62508.166666666664,20,0.918171046382389,1,3,2021
2021-03-24,1501369.0,68196.0,56395.0,62557.041666666664,9,0.917312476782607,2,3,2021
2021-03-25,1467670.0,67429.0,55701.0,61152.916666666664,20,0.9069230845284175,3,3,2021
2021-03-26,1460012.0,66019.0,55359.0,60833.833333333336,9,0.9214594788369005,4,3,2021
2021-03-27,1371660.0,59368.0,53723.0,57152.5,20,0.9626819161838027,5,3,2021
2021-03-28,1267573.0,57877.0,49742.0,52815.541666666664,20,0.9125480184990007,6,3,2021
2021-03-29,1421151.0,66819.0,49067.0,59214.625,20,0.8861944207485895,0,3,2021
2021-03-30,1446728.0,66325.0,54620.0,60280.333333333336,20,0.9088629224776983,1,3,2021
2021-03-31,1440084.0,65755.0,54490.0,60003.5,20,0.9125313664360125,2,3,2021
2021-04-01,1455935.0,66192.0,54117.0,60663.958333333336,20,0.9164847463943276,3,4,2021
2021-04-02,1434446.0,64600.0,53410.0,59768.583333333336,20,0.9252102683178535,4,4,2021
2021-04-03,1358195.0,59025.0,52249.0,56591.458333333336,20,0.9587710009882818,5,4,2021
2021-04-04,1264181.0,57780.0,49198.0,52674.208333333336,20,0.9116339275412485,6,4,2021
2021-04-05,1387528.0,66231.0,48887.0,57813.666666666664,20,0.8729094633429462,0,4,2021
2021-04-06,1447155.0,66622.0,54745.0,60298.125,20,0.9050782774458888,1,4,2021
2021-04-07,1434695.0,66289.0,54668.0,59778.958333333336,20,0.9017930325292784,2,4,2021
2021-04-08,1436016.0,66706.0,54311.0,59834.0,20,0.8969807813390099,3,4,2021
2021-04-09,1443687.0,65500.0,54622.0,60153.625,20,0.9183759541984733,4,4,2021
2021-04-10,1291179.0,58226.0,47127.0,53799.125,20,0.9239708205956102,5,4,2021
2021-04-11,1195095.0,56651.0,42677.0,49795.625,21,0.8789893382288044,6,4,2021
2021-04-12,1460689.0,69016.0,47967.0,60862.041666666664,17,0.8818540869750009,0,4,2021
2021-04-13,1456634.0,66770.0,53916.0,60693.083333333336,20,0.9089873196545355,1,4,2021
2021-04-14,1440025.0,66263.0,54746.0,60001.041666666664,20,0.9054984179205087,2,4,2021
2021-04-15,1450664.0,66365.0,55236.0,60444.333333333336,20,0.9107863080438987,3,4,2021
2021-04-16,1486227.0,66009.0,54582.0,61926.125,9,0.9381466921177415,4,4,2021
2021-04-17,1301232.0,58589.0,50125.0,54218.0,20,0.9253955520660875,5,4,2021
2021-04-18,1204493.0,57397.0,42783.0,50187.208333333336,21,0.8743873082797592,6,4,2021
2021-04-19,1391650.0,66072.0,49293.0,57985.416666666664,20,0.8776095269806675,0,4,2021
2021-04-20,1438617.0,66393.0,54444.0,59942.375,20,0.9028417905502086,1,4,2021
2021-04-21,1442641.0,65940.0,53680.0,60110.041666666664,20,0.9115869224547568,2,4,2021
2021-04-22,1470605.0,67265.0,53460.0,61275.208333333336,17,0.9109523278574791,3,4,2021
2021-04-23,1457659.0,65461.0,53403.0,60735.791666666664,17,0.9278164352311554,4,4,2021
2021-04-24,1290037.0,57782.0,48702.0,53751.541666666664,20,0.930247164630277,5,4,2021
2021-04-25,1192177.0,56810.0,43413.0,49674.041666666664,21,0.8743890453558645,6,4,2021
2021-04-26,1374255.0,65456.0,47976.0,57260.625,20,0.8747956642630164,0,4,2021
2021-04-27,1462034.0,66283.0,53035.0,60918.083333333336,17,0.9190604428485937,1,4,2021
2021-04-28,1446417.0,65551.0,53450.0,60267.375,20,0.919396729264237,2,4,2021
2021-04-29,1436495.0,66022.0,53108.0,59853.958333333336,20,0.9065759645774641,3,4,2021
2021-04-30,1431260.0,64304.0,53141.0,59635.833333333336,20,0.9274047233971967,4,4,2021
2021-05-01,1274842.0,56758.0,49914.0,53118.416666666664,21,0.9358754125703278,5,5,2021
2021-05-02,1186603.0,56721.0,43301.0,49441.791666666664,21,0.8716664315979384,6,5,2021
2021-05-03,1368527.0,65471.0,48268.0,57021.958333333336,20,0.8709498607525978,0,5,2021
2021-05-04,1487815.0,67838.0,52997.0,61992.291666666664,17,0.9138284098391265,1,5,2021
2021-05-05,1305187.0,60540.0,48131.0,54382.791666666664,21,0.8982952042726572,2,5,2021
2021-05-06,1407086.0,65436.0,50950.0,58628.583333333336,20,0.8959683252847567,3,5,2021
2021-05-07,1438067.0,64780.0,53037.0,59919.458333333336,11,0.9249684830709067,4,5,2021
2021-05-08,1264797.0,57311.0,47474.0,52699.875,21,0.9195420599884839,5,5,2021
2021-05-09,1165528.0,56138.0,42424.0,48563.666666666664,21,0.8650765375800111,6,5,2021
2021-05-10,1436718.0,66682.0,47057.0,59863.25,16,0.897742269278066,0,5,2021
2021-05-11,1459986.0,66134.0,53417.0,60832.75,20,0.9198407778147397,1,5,2021
2021-05-12,1429791.0,66063.0,53017.0,59574.625,20,0.9017850385238333,2,5,2021
2021-05-13,1445555.0,67558.0,52826.0,60231.458333333336,20,0.8915518270720467,3,5,2021
2021-05-14,1471874.0,68888.0,53092.0,61328.083333333336,17,0.8902578581659119,4,5,2021
2021-05-15,1367576.0,60555.0,52599.0,56982.333333333336,20,0.9410012935898495,5,5,2021
2021-05-16,1300887.0,58503.0,49057.0,54203.625,20,0.9265101789651813,6,5,2021
2021-05-17,1464647.0,68368.0,47862.0,61026.958333333336,17,0.8926245953272487,0,5,2021
2021-05-18,1456727.0,66240.0,53139.0,60696.958333333336,20,0.9163188154186795,1,5,2021
2021-05-19,1334600.0,62006.0,51279.0,55608.333333333336,21,0.8968218129428335,2,5,2021
2021-05-20,1487595.0,69140.0,50864.0,61983.125,17,0.8964871998842927,3,5,2021
2021-05-21,1463845.0,65806.0,53037.0,60993.541666666664,17,0.9268690038395688,4,5,2021
2021-05-22,1275274.0,58452.0,48648.0,53136.416666666664,21,0.9090607107826364,5,5,2021
2021-05-23,1202948.0,56815.0,45786.0,50122.833333333336,21,0.8822112704978146,6,5,2021
2021-05-24,1392308.0,65847.0,46804.0,58012.833333333336,20,0.8810246986701495,0,5,2021
2021-05-25,1431638.0,65408.0,52331.0,59651.583333333336,20,0.9119921620189172,1,5,2021
2021-05-26,1443741.0,66876.0,52112.0,60155.875,17,0.8995136521323046,2,5,2021
2021-05-27,1469808.0,67738.0,52291.0,61242.0,10,0.9041010953969707,3,5,2021
2021-05-28,1453858.0,66069.0,52739.0,60577.416666666664,14,0.9168810889625492,4,5,2021
2021-05-29,1274748.0,57782.0,49490.0,53114.5,21,0.9192222491433318,5,5,2021
2021-05-30,1184177.0,57041.0,44039.0,49340.708333333336,21,0.8650042659373667,6,5,2021
2021-05-31,1401218.0,66049.0,46943.0,58384.083333333336,19,0.8839510565388323,0,5,2021
2021-06-01,1448813.0,67332.0,52372.0,60367.208333333336,17,0.8965604516921127,1,6,2021
2021-06-02,1470312.0,68419.0,52635.0,61263.0,17,0.8954091699674067,2,6,2021
2021-06-03,1509775.0,70113.0,52874.0,62907.291666666664,15,0.8972272141638022,3,6,2021
2021-06-04,1423456.0,64864.0,52764.0,59310.666666666664,19,0.9143849695773721,4,6,2021
2021-06-05,1291302.0,58611.0,50533.0,53804.25,21,0.9179889440548702,5,6,2021
2021-06-06,1226037.0,58683.0,46804.0,51084.875,21,0.8705225533800249,6,6,2021
2021-06-07,1445664.0,68543.0,47647.0,60236.0,18,0.8788060049895686,0,6,2021
2021-06-08,1506602.0,70018.0,53184.0,62775.083333333336,17,0.8965563616974683,1,6,2021
2021-06-09,1539122.0,73387.0,53974.0,64130.083333333336,17,0.8738616285354809,2,6,2021
2021-06-10,1567700.0,74929.0,54392.0,65320.833333333336,17,0.8717697197791687,3,6,2021
2021-06-11,1532391.0,70071.0,54256.0,63849.625,10,0.9112132693981818,4,6,2021
2021-06-12,1365701.0,62209.0,52770.0,56904.208333333336,20,0.9147262989813907,5,6,2021
2021-06-13,1292558.0,61518.0,49213.0,53856.583333333336,20,0.8754605698061273,6,6,2021
2021-06-14,1524139.0,74220.0,48781.0,63505.791666666664,17,0.8556425716338812,0,6,2021
2021-06-15,1581863.0,73311.0,54608.0,65910.95833333333,15,0.8990595999690815,1,6,2021
2021-06-16,1557217.0,72494.0,54605.0,64884.041666666664,17,0.8950263699984367,2,6,2021
2021-06-17,1548195.0,72670.0,54462.0,64508.125,17,0.8876857712948947,3,6,2021
2021-06-18,1536707.0,70527.0,54280.0,64029.458333333336,17,0.9078715716439567,4,6,2021
2021-06-19,1338470.0,60923.0,52889.0,55769.583333333336,21,0.9154109832630261,5,6,2021
2021-06-20,1271012.0,61200.0,47810.0,52958.833333333336,21,0.8653404139433551,6,6,2021
2021-06-21,1494225.0,72382.0,49111.0,62259.375,18,0.8601499682241441,0,6,2021
2021-06-22,1547126.0,72518.0,54187.0,64463.583333333336,17,0.8889321731616059,1,6,2021
2021-06-23,1545262.0,71726.0,54262.0,64385.916666666664,17,0.8976649564546562,2,6,2021
2021-06-24,1547035.0,72813.0,54434.0,64459.791666666664,17,0.8852786132512966,3,6,2021
2021-06-25,1540636.0,72763.0,54333.0,64193.166666666664,17,0.8822226497899573,4,6,2021
2021-06-26,1382330.0,62042.0,53115.0,57597.083333333336,21,0.9283563285086447,5,6,2021
2021-06-27,1300645.0,62109.0,48927.0,54193.541666666664,21,0.8725553730806592,6,6,2021
2021-06-28,1536970.0,74821.0,49649.0,64040.416666666664,17,0.8559150060366296,0,6,2021
2021-06-29,1592403.0,75854.0,55254.0,66350.125,17,0.8747083212487147,1,6,2021
2021-06-30,1600978.0,74824.0,55516.0,66707.41666666667,17,0.8915243326561888,2,6,2021
2021-07-01,1617216.0,77476.0,55398.0,67384.0,17,0.8697403066756156,3,7,2021
2021-07-02,1625207.0,76865.0,56295.0,67716.95833333333,17,0.880985602463193,4,7,2021
2021-07-03,1446207.0,64612.0,54510.0,60258.625,15,0.9326228100043336,5,7,2021
2021-07-04,1359945.0,62368.0,50999.0,56664.375,20,0.9085488551821447,6,7,2021
2021-07-05,1571603.0,76256.0,50026.0,65483.458333333336,17,0.8587318812071618,0,7,2021
2021-07-06,1662597.0,79663.0,56026.0,69274.875,17,0.8695991238090456,1,7,2021
2021-07-07,1703368.0,81086.0,57108.0,70973.66666666667,16,0.8752887880357482,2,7,2021
2021-07-08,1703651.0,81187.0,57866.0,70985.45833333333,17,0.8743451332520394,3,7,2021
2021-07-09,1672127.0,78397.0,57584.0,69671.95833333333,17,0.8887069445684571,4,7,2021
2021-07-10,1500353.0,67726.0,56241.0,62514.708333333336,20,0.923053307936883,5,7,2021
2021-07-11,1429745.0,68518.0,52354.0,59572.708333333336,20,0.8694461066191853,6,7,2021
2021-07-12,1702522.0,85011.0,52200.0,70938.41666666667,17,0.834461618692483,0,7,2021
2021-07-13,1794688.0,87172.0,59038.0,74778.66666666667,17,0.8578289664877102,1,7,2021
2021-07-14,1830593.0,88087.0,59764.0,76274.70833333333,17,0.8659019870506809,2,7,2021
2021-07-15,1822021.0,88551.0,60452.0,75917.54166666667,17,0.8573312742562667,3,7,2021
2021-07-16,1787268.0,88015.0,59412.0,74469.5,17,0.8461000965744475,4,7,2021
2021-07-17,1567608.0,71849.0,57483.0,65317.0,20,0.9090871132514022,5,7,2021
2021-07-18,1490474.0,72054.0,53848.0,62103.083333333336,20,0.8618964017727445,6,7,2021
2021-07-19,1738916.0,84586.0,53977.0,72454.83333333333,17,0.856581861458555,0,7,2021
2021-07-20,1824106.0,87841.0,59731.0,76004.41666666667,17,0.8652499022855691,1,7,2021
2021-07-21,1835622.0,88937.0,60530.0,76484.25,17,0.8599823470546567,2,7,2021
2021-07-22,1846673.0,89958.0,61023.0,76944.70833333333,18,0.8553403625395555,3,7,2021
2021-07-23,1848567.0,89812.0,61101.0,77023.625,17,0.8576095065247406,4,7,2021
2021-07-24,1676335.0,78285.0,60232.0,69847.29166666667,20,0.8922180707244897,5,7,2021
2021-07-25,1568621.0,76521.0,56009.0,65359.208333333336,20,0.8541342681529689,6,7,2021
2021-07-26,1800087.0,89426.0,56118.0,75003.625,18,0.8387227987386219,0,7,2021
2021-07-27,1862628.0,91141.0,61334.0,77609.5,18,0.8515322412525647,1,7,2021
2021-07-28,1866958.0,90240.0,61823.0,77789.91666666667,18,0.8620336510047282,2,7,2021
2021-07-29,1856330.0,89634.0,61918.0,77347.08333333333,17,0.8629212501208618,3,7,2021
2021-07-30,1820439.0,87847.0,60824.0,75851.625,17,0.8634515122884105,4,7,2021
2021-07-31,1629200.0,76776.0,59303.0,67883.33333333333,20,0.8841738737800007,5,7,2021
2021-08-01,1534807.0,72943.0,54993.0,63950.291666666664,20,0.8767159517248627,6,8,2021
2021-08-02,1597162.0,75460.0,53712.0,66548.41666666667,18,0.8819032158317873,0,8,2021
2021-08-03,1621474.0,77517.0,54468.0,67561.41666666667,18,0.8715690321692876,1,8,2021
2021-08-04,1656050.0,80073.0,55568.0,69002.08333333333,18,0.8617397041865963,2,8,2021
2021-08-05,1727108.0,85215.0,56073.0,71962.83333333333,18,0.8444855170255627,3,8,2021
2021-08-06,1731800.0,82367.0,57999.0,72158.33333333333,17,0.8760587775848742,4,8,2021
2021-08-07,1584785.0,75210.0,56918.0,66032.70833333333,20,0.877977773345743,5,8,2021
2021-08-08,1513405.0,70201.0,54537.0,63058.541666666664,20,0.8982570286273225,6,8,2021
2021-08-09,1701813.0,84755.0,53329.0,70908.875,18,0.836633531945018,0,8,2021
2021-08-10,1763111.0,84877.0,59207.0,73462.95833333333,17,0.8655225600967674,1,8,2021
2021-08-11,1746694.0,83818.0,59297.0,72778.91666666667,18,0.868296984736771,2,8,2021
2021-08-12,1767791.0,86355.0,59066.0,73657.95833333333,17,0.8529669194989674,3,8,2021
2021-08-13,1737601.0,81779.0,59400.0,72400.04166666667,17,0.8853133648817749,4,8,2021
2021-08-14,1525109.0,68470.0,58018.0,63546.208333333336,20,0.9280883355240739,5,8,2021
2021-08-15,1409044.0,68076.0,52830.0,58710.166666666664,20,0.862420921714946,6,8,2021
2021-08-16,1554459.0,74559.0,52553.0,64769.125,20,0.8686962673855604,0,8,2021
2021-08-17,1673749.0,80393.0,56360.0,69739.54166666667,17,0.8674827617661571,1,8,2021
2021-08-18,1678516.0,80362.0,58419.0,69938.16666666667,17,0.8702890254929777,2,8,2021
2021-08-19,1671360.0,79472.0,57836.0,69640.0,18,0.8762834709079927,3,8,2021
2021-08-20,1674801.0,79554.0,58008.0,69783.375,18,0.8771824798250245,4,8,2021
2021-08-21,1532333.0,69215.0,57727.0,63847.208333333336,12,0.9224475667605769,5,8,2021
2021-08-22,1402452.0,66387.0,52653.0,58435.5,20,0.880225044059831,6,8,2021
2021-08-23,1637100.0,79334.0,52005.0,68212.5,15,0.8598142032419895,0,8,2021
2021-08-24,1705227.0,81241.0,56806.0,71051.125,17,0.8745722603119115,1,8,2021
2021-08-25,1709032.0,80262.0,58228.0,71209.66666666667,11,0.8872152035417342,2,8,2021
2021-08-26,1696713.0,81471.0,58074.0,70696.375,17,0.867748953615397,3,8,2021
2021-08-27,1668016.0,78339.0,58299.0,69500.66666666667,15,0.8871783743303676,4,8,2021
2021-08-28,1457756.0,66357.0,55787.0,60739.833333333336,20,0.9153492974868264,5,8,2021
2021-08-29,1384469.0,65588.0,51555.0,57686.208333333336,20,0.8795238204143034,6,8,2021
2021-08-30,1615036.0,78996.0,51633.0,67293.16666666667,17,0.8518553682042973,0,8,2021
2021-08-31,1642165.0,77665.0,56798.0,68423.54166666667,17,0.8810087126333184,1,8,2021
2021-09-01,1648890.0,77228.0,56597.0,68703.75,17,0.8896222872533278,2,9,2021
2021-09-02,1620869.0,76036.0,56259.0,67536.20833333333,17,0.8882135874235011,3,9,2021
2021-09-03,1583995.0,74073.0,55846.0,65999.79166666667,17,0.8910101071465537,4,9,2021
2021-09-04,1404432.0,63885.0,54419.0,58518.0,20,0.91598966893637,5,9,2021
2021-09-05,1332930.0,62545.0,50160.0,55538.75,20,0.887980653929171,6,9,2021
2021-09-06,1553947.0,75426.0,49756.0,64747.791666666664,17,0.8584280177480798,0,9,2021
2021-09-07,1622172.0,76195.0,55213.0,67590.5,17,0.8870726425618479,1,9,2021
2021-09-08,1591177.0,74423.0,56017.0,66299.04166666667,17,0.8908407571136163,2,9,2021
2021-09-09,1601750.0,76594.0,55787.0,66739.58333333333,17,0.8713421852016259,3,9,2021
2021-09-10,1616546.0,75304.0,56263.0,67356.08333333333,17,0.8944555844753709,4,9,2021
2021-09-11,1429320.0,65783.0,55156.0,59555.0,20,0.9053250839882645,5,9,2021
2021-09-12,1338630.0,64512.0,50988.0,55776.25,20,0.8645872085813492,6,9,2021
2021-09-13,1581972.0,77820.0,50756.0,65915.5,17,0.8470251863274223,0,9,2021
2021-09-14,1619530.0,76081.0,55927.0,67480.41666666667,17,0.8869549120893084,1,9,2021
2021-09-15,1582077.0,74944.0,56054.0,65919.875,17,0.8795884260247652,2,9,2021
2021-09-16,1585778.0,75435.0,55514.0,66074.08333333333,17,0.8759075141954441,3,9,2021
2021-09-17,1548349.0,71837.0,55337.0,64514.541666666664,11,0.8980684280616766,4,9,2021
2021-09-18,1343650.0,62245.0,52584.0,55985.416666666664,20,0.899436367044207,5,9,2021
2021-09-19,1247214.0,58954.0,47733.0,51967.25,20,0.8814881093734098,6,9,2021
2021-09-20,1171322.0,55779.0,44027.0,48805.083333333336,20,0.8749723611634008,0,9,2021
2021-09-21,1151089.0,53652.0,44379.0,47962.041666666664,20,0.8939469482343,1,9,2021
2021-09-22,1170926.0,57177.0,43669.0,48788.583333333336,20,0.8532903673388484,2,9,2021
2021-09-23,1371117.0,67149.0,45262.0,57129.875,19,0.8507926402478071,3,9,2021
2021-09-24,1450956.0,68879.0,50746.0,60456.5,17,0.8777203501793,4,9,2021
2021-09-25,1370384.0,61851.0,51921.0,57099.333333333336,20,0.9231755886458317,5,9,2021
2021-09-26,1283670.0,60737.0,49345.0,53486.25,20,0.8806205443140096,6,9,2021
2021-09-27,1486031.0,72396.0,48670.0,61917.958333333336,17,0.8552676713262243,0,9,2021
2021-09-28,1567216.0,74094.0,54321.0,65300.666666666664,17,0.8813219244023357,1,9,2021
2021-09-29,1604290.0,75683.0,54974.0,66845.41666666667,16,0.88322895057895,2,9,2021
2021-09-30,1535093.0,73225.0,54811.0,63962.208333333336,18,0.8735023329919199,3,9,2021
2021-10-01,1519226.0,72146.0,54060.0,63301.083333333336,17,0.8774025355991093,4,10,2021
2021-10-02,1351109.0,62298.0,52921.0,56296.208333333336,19,0.9036599623315891,5,10,2021
2021-10-03,1268049.0,60876.0,48068.0,52835.375,19,0.8679179808134568,6,10,2021
2021-10-04,1443528.0,69932.0,48423.0,60147.0,19,0.8600783618372133,0,10,2021
2021-10-05,1566121.0,75698.0,53017.0,65255.041666666664,18,0.8620444617647317,1,10,2021
2021-10-06,1569498.0,73845.0,55042.0,65395.75,17,0.8855812851242467,2,10,2021
2021-10-07,1570518.0,73754.0,54839.0,65438.25,17,0.8872501830409198,3,10,2021
2021-10-08,1562769.0,72717.0,54858.0,65115.375,17,0.8954628903832667,4,10,2021
2021-10-09,1382899.0,63659.0,53238.0,57620.791666666664,19,0.9051476093979903,5,10,2021
2021-10-10,1297219.0,61161.0,49160.0,54050.791666666664,19,0.8837460418676389,6,10,2021
2021-10-11,1392617.0,64647.0,48263.0,58025.708333333336,19,0.8975777427155682,0,10,2021
2021-10-12,1510259.0,70121.0,51439.0,62927.458333333336,17,0.8974124489572787,1,10,2021
2021-10-13,1512040.0,70657.0,53873.0,63001.666666666664,19,0.8916549905411589,2,10,2021
2021-10-14,1511864.0,71458.0,54364.0,62994.333333333336,19,0.8815574649910903,3,10,2021
2021-10-15,1521933.0,70778.0,54132.0,63413.875,17,0.8959546045381334,4,10,2021
2021-10-16,1358632.0,60050.0,53092.0,56609.666666666664,19,0.9427088537330003,5,10,2021
2021-10-17,1221771.0,58640.0,43386.0,50907.125,20,0.8681296896316507,6,10,2021
2021-10-18,1435065.0,69348.0,49361.0,59794.375,19,0.8622364740151122,0,10,2021
2021-10-19,1500856.0,69823.0,54217.0,62535.666666666664,19,0.8956313344695396,1,10,2021
2021-10-20,1492655.0,69414.0,54828.0,62193.958333333336,19,0.8959858001747967,2,10,2021
2021-10-21,1505136.0,70203.0,54819.0,62714.0,19,0.8933236471375867,3,10,2021
2021-10-22,1478781.0,67900.0,55101.0,61615.875,19,0.90745029455081,4,10,2021
2021-10-23,1308016.0,59042.0,47853.0,54500.666666666664,19,0.9230830030599686,5,10,2021
2021-10-24,1225280.0,57699.0,44210.0,51053.333333333336,19,0.8848218051150512,6,10,2021
2021-10-25,1431133.0,69114.0,48750.0,59630.541666666664,19,0.862785277464286,0,10,2021
2021-10-26,1489046.0,69601.0,54502.0,62043.583333333336,19,0.8914179872894546,1,10,2021
2021-10-27,1489776.0,68937.0,54521.0,62074.0,18,0.9004453341456692,2,10,2021
2021-10-28,1486063.0,69488.0,55035.0,61919.291666666664,19,0.891078915304321,3,10,2021
2021-10-29,1472273.0,67682.0,54616.0,61344.708333333336,18,0.9063666607566758,4,10,2021
2021-10-30,1354976.0,59770.0,53494.0,56457.333333333336,19,0.9445764318777536,5,10,2021
2021-10-31,1243829.0,58161.0,45641.0,51826.208333333336,19,0.8910817959342744,6,10,2021
2021-11-01,1457016.0,69259.0,49020.0,60709.0,17,0.8765503400280108,0,11,2021
2021-11-02,1506400.0,69554.0,54804.0,62766.666666666664,19,0.9024163479694434,1,11,2021
2021-11-03,1503332.0,69599.0,55024.0,62638.833333333336,17,0.8999961685273257,2,11,2021
2021-11-04,1515504.0,70149.0,55291.0,63146.0,17,0.9001696389114598,3,11,2021
2021-11-05,1507205.0,68742.0,55418.0,62800.208333333336,17,0.9135638813728628,4,11,2021
2021-11-06,1338809.0,59455.0,50068.0,55783.708333333336,19,0.9382509180612789,5,11,2021
2021-11-07,1252644.0,58370.0,46092.0,52193.5,19,0.8941836559876649,6,11,2021
2021-11-08,1526739.0,72602.0,49532.0,63614.125,11,0.876203479242996,0,11,2021
2021-11-09,1589461.0,72800.0,56071.0,66227.54166666667,17,0.909718978937729,1,11,2021
2021-11-10,1609959.0,73477.0,57069.0,67081.625,17,0.9129608584999388,2,11,2021
2021-11-11,1615695.0,74708.0,57751.0,67320.625,17,0.9011166809444772,3,11,2021
2021-11-12,1605031.0,73855.0,58282.0,66876.29166666667,17,0.9055079773429919,4,11,2021
2021-11-13,1401276.0,61840.0,52823.0,58386.5,1,0.9441542690815007,5,11,2021
2021-11-14,1299566.0,59863.0,48388.0,54148.583333333336,19,0.9045417592391517,6,11,2021
2021-11-15,1519654.0,71603.0,51224.0,63318.916666666664,17,0.8843053596450801,0,11,2021
2021-11-16,1573557.0,72310.0,56947.0,65564.875,18,0.906719333425529,1,11,2021
2021-11-17,1579693.0,73028.0,57986.0,65820.54166666667,17,0.90130554946961,2,11,2021
2021-11-18,1580447.0,72485.0,57568.0,65851.95833333333,17,0.9084908371847048,3,11,2021
2021-11-19,1560288.0,70926.0,57052.0,65012.0,9,0.9166173194597186,4,11,2021
2021-11-20,1401409.0,61390.0,53527.0,58392.041666666664,19,0.9511653635228321,5,11,2021
2021-11-21,1334343.0,60516.0,51947.0,55597.625,19,0.9187260393945403,6,11,2021
2021-11-22,1593888.0,76847.0,51372.0,66412.0,17,0.8642107043866384,0,11,2021
2021-11-23,1697344.0,79838.0,59533.0,70722.66666666667,17,0.8858271332782218,1,11,2021
2021-11-24,1661314.0,76210.0,59948.0,69221.41666666667,10,0.9082983422997858,2,11,2021
2021-11-25,1621524.0,74510.0,59113.0,67563.5,18,0.9067709032344652,3,11,2021
2021-11-26,1618689.0,75223.0,59099.0,67445.375,17,0.8966057588769393,4,11,2021
2021-11-27,1439577.0,63937.0,53145.0,59982.375,19,0.9381480989098644,5,11,2021
2021-11-28,1351269.0,62027.0,48788.0,56302.875,19,0.9077155915972077,6,11,2021
2021-11-29,1597259.0,75340.0,53859.0,66552.45833333333,17,0.8833615388018758,0,11,2021
2021-11-30,1707134.0,80362.0,58476.0,71130.58333333333,11,0.8851270915772794,1,11,2021
2021-12-01,1722977.0,81177.0,60416.0,71790.70833333333,17,0.88437252341591,2,12,2021
2021-12-02,1718372.0,80145.0,61797.0,71598.83333333333,17,0.8933661904464824,3,12,2021
2021-12-03,1691945.0,78696.0,60454.0,70497.70833333333,17,0.8958232735251261,4,12,2021
2021-12-04,1512855.0,65770.0,60202.0,63035.625,19,0.9584251938573818,5,12,2021
2021-12-05,1391533.0,64032.0,50618.0,57980.541666666664,19,0.9054932169332001,6,12,2021
2021-12-06,1652356.0,78083.0,55578.0,68848.16666666667,17,0.8817305516779155,0,12,2021
2021-12-07,1677054.0,78079.0,60657.0,69877.25,9,0.8949557499455679,1,12,2021
2021-12-08,1677902.0,78310.0,61028.0,69912.58333333333,9,0.8927669944238709,2,12,2021
2021-12-09,1706256.0,78182.0,61214.0,71094.0,17,0.9093397457215215,3,12,2021
2021-12-10,1683668.0,77936.0,60530.0,70152.83333333333,10,0.9001338705262437,4,12,2021
2021-12-11,1484267.0,64834.0,58527.0,61844.458333333336,19,0.9538892916268213,5,12,2021
2021-12-12,1406830.0,65441.0,53927.0,58617.916666666664,19,0.8957368723990566,6,12,2021
2021-12-13,1714871.0,82173.0,57346.0,71452.95833333333,17,0.8695430169682661,0,12,2021
2021-12-14,1757587.0,82571.0,62878.0,73232.79166666667,10,0.8869069245457445,1,12,2021
2021-12-15,1712014.0,79839.0,61474.0,71333.91666666667,10,0.8934720708759712,2,12,2021
2021-12-16,1725414.0,81399.0,60912.0,71892.25,10,0.8832080246686077,3,12,2021
2021-12-17,1795483.0,85699.0,61789.0,74811.79166666667,17,0.8729599139624344,4,12,2021
2021-12-18,1623463.0,70883.0,63683.0,67644.29166666667,9,0.9543090962101868,5,12,2021
2021-12-19,1483021.0,67544.0,56113.0,61792.541666666664,19,0.9148487158987721,6,12,2021
2021-12-20,1717093.0,81754.0,58106.0,71545.54166666667,10,0.8751320016961454,0,12,2021
2021-12-21,1722769.0,80294.0,61731.0,71782.04166666667,9,0.8939901071894123,1,12,2021
2021-12-22,1727366.0,81451.0,62738.0,71973.58333333333,9,0.8836427218000188,2,12,2021
2021-12-23,1740238.0,81874.0,62892.0,72509.91666666667,9,0.8856281196309778,3,12,2021
2021-12-24,1759087.0,81185.0,62805.0,73295.29166666667,10,0.9028181519574635,4,12,2021
2021-12-25,1605738.0,72815.0,61571.0,66905.75,19,0.9188457048685024,5,12,2021
2021-12-26,1556262.0,71719.0,58835.0,64844.25,19,0.9041432535311423,6,12,2021
2021-12-27,1866034.0,90708.0,62540.0,77751.41666666667,17,0.857161624847496,0,12,2021
2021-12-28,1885147.0,88717.0,67076.0,78547.79166666667,10,0.8853747496721787,1,12,2021
2021-12-29,1824812.0,85966.0,65136.0,76033.83333333333,10,0.8844640129043264,2,12,2021
2021-12-30,1807564.0,84564.0,64639.0,75315.16666666667,17,0.8906291881494096,3,12,2021
2021-12-31,1739643.0,81748.0,65431.0,72485.125,9,0.8866898884376376,4,12,2021
2022-01-01,1479929.0,67369.0,53602.0,61663.708333333336,1,0.9153128046035022,5,1,2022
2022-01-02,1479878.0,68173.0,56112.0,61661.583333333336,19,0.9044868691906376,6,1,2022
2022-01-03,1788700.0,85196.0,60537.0,74529.16666666667,17,0.8747965475687435,0,1,2022
2022-01-04,1826267.0,85161.0,65504.0,76094.45833333333,9,0.8935364583944919,1,1,2022
2022-01-05,1881639.0,89397.0,66721.0,78401.625,10,0.8770051008423101,2,1,2022
2022-01-06,1813595.0,84761.0,66051.0,75566.45833333333,9,0.8915239123338956,3,1,2022
2022-01-07,1807440.0,85425.0,66647.0,75310.0,9,0.881592039800995,4,1,2022
2022-01-08,1607767.0,70793.0,62400.0,66990.29166666667,9,0.9462841194280038,5,1,2022
2022-01-09,1495612.0,67889.0,58094.0,62317.166666666664,19,0.9179273029013045,6,1,2022
2022-01-10,1774486.0,85301.0,60149.0,73936.91666666667,10,0.8667766692848463,0,1,2022
2022-01-11,1872400.0,88103.0,65245.0,78016.66666666667,17,0.8855165734046136,1,1,2022
2022-01-12,1896459.0,88365.0,68855.0,79019.125,10,0.8942355570644486,2,1,2022
2022-01-13,1908074.0,89115.0,68289.0,79503.08333333333,17,0.8921403055976359,3,1,2022
2022-01-14,1859839.0,87278.0,68972.0,77493.29166666667,9,0.8878903236401691,4,1,2022
2022-01-15,1637270.0,71585.0,65197.0,68219.58333333333,9,0.9529871248632161,5,1,2022
2022-01-16,1512913.0,70090.0,56611.0,63038.041666666664,19,0.8993870975412565,6,1,2022
2022-01-17,1840123.0,87967.0,61731.0,76671.79166666667,17,0.8715972088017856,0,1,2022
2022-01-18,1871836.0,87579.0,67907.0,77993.16666666667,9,0.8905464399760978,1,1,2022
2022-01-19,1895031.0,88076.0,68307.0,78959.625,17,0.8964942209001318,2,1,2022
2022-01-20,1871513.0,87886.0,68381.0,77979.70833333333,10,0.8872824833686063,3,1,2022
2022-01-21,1839756.0,86522.0,68327.0,76656.5,9,0.8859769769538384,4,1,2022
2022-01-22,1639485.0,72105.0,65697.0,68311.875,9,0.9473944247971708,5,1,2022
2022-01-23,1502762.0,67726.0,58746.0,62615.083333333336,19,0.9245353827678194,6,1,2022
2022-01-24,1763221.0,83089.0,59387.0,73467.54166666667,10,0.8842029831465859,0,1,2022
2022-01-25,1823065.0,86241.0,63385.0,75961.04166666667,11,0.8807996389961465,1,1,2022
2022-01-26,1772853.0,82984.0,63940.0,73868.875,10,0.8901580425142196,2,1,2022
2022-01-27,1770168.0,82938.0,64406.0,73757.0,9,0.8893028527333671,3,1,2022
2022-01-28,1725347.0,82283.0,64987.0,71889.45833333333,9,0.8736854311745237,4,1,2022
2022-01-29,1519782.0,68009.0,56064.0,63324.25,19,0.9311157346821745,5,1,2022
2022-01-30,1424234.0,65026.0,51124.0,59343.083333333336,19,0.9126054706322599,6,1,2022
2022-01-31,1337728.0,61339.0,47012.0,55738.666666666664,1,0.9086986528418569,0,1,2022
2022-02-01,1299157.0,59840.0,48147.0,54131.541666666664,24,0.9046046401515151,1,2,2022
2022-02-02,1349496.0,63799.0,49611.0,56229.0,19,0.8813461026034891,2,2,2022
2022-02-03,1656865.0,78841.0,55786.0,69036.04166666667,18,0.8756363017550091,3,2,2022
2022-02-04,1775182.0,82614.0,62809.0,73965.91666666667,17,0.895319397035208,4,2,2022
2022-02-05,1641955.0,73089.0,63719.0,68414.79166666667,19,0.936047718078872,5,2,2022
2022-02-06,1526902.0,69720.0,57458.0,63620.916666666664,19,0.9125203193727289,6,2,2022
2022-02-07,1827348.0,87351.0,61096.0,76139.5,17,0.8716500097308559,0,2,2022
2022-02-08,1807845.0,85352.0,65928.0,75326.875,10,0.882543759958759,1,2,2022
2022-02-09,1792078.0,83819.0,66125.0,74669.91666666667,9,0.8908471428514617,2,2,2022
2022-02-10,1743722.0,81626.0,64292.0,72655.08333333333,9,0.890097313764405,3,2,2022
2022-02-11,1735515.0,81928.0,64918.0,72313.125,9,0.8826423811151255,4,2,2022
2022-02-12,1522430.0,67542.0,56260.0,63434.583333333336,9,0.9391872217780541,5,2,2022
2022-02-13,1437418.0,65396.0,54402.0,59892.416666666664,20,0.9158422023773115,6,2,2022
2022-02-14,1695862.0,79229.0,57444.0,70660.91666666667,10,0.8918567275450489,0,2,2022
2022-02-15,1808401.0,83893.0,63575.0,75350.04166666667,10,0.8981684010187581,1,2,2022
2022-02-16,1868045.0,86687.0,66769.0,77835.20833333333,10,0.8978878993774537,2,2,2022
2022-02-17,1861962.0,86434.0,68257.0,77581.75,10,0.897583705486267,3,2,2022
2022-02-18,1796878.0,84166.0,68231.0,74869.91666666667,9,0.8895506103018639,4,2,2022
2022-02-19,1608597.0,70632.0,63728.0,67024.875,11,0.9489307254502208,5,2,2022
2022-02-20,1495820.0,69629.0,54017.0,62325.833333333336,20,0.8951131472997362,6,2,2022
2022-02-21,1784708.0,82900.0,61242.0,74362.83333333333,17,0.8970184961801366,0,2,2022
2022-02-22,1824704.0,83250.0,66656.0,76029.33333333333,19,0.9132652652652652,1,2,2022
2022-02-23,1838887.0,85491.0,67403.0,76620.29166666667,10,0.8962381030361871,2,2,2022
2022-02-24,1807548.0,83455.0,67793.0,75314.5,9,0.9024564136360913,3,2,2022
2022-02-25,1747242.0,80824.0,66044.0,72801.75,9,0.9007442096407008,4,2,2022
2022-02-26,1523416.0,67374.0,57385.0,63475.666666666664,1,0.9421389062051632,5,2,2022
2022-02-27,1386370.0,64965.0,48403.0,57765.416666666664,20,0.889177505836476,6,2,2022
2022-02-28,1613401.0,73959.0,57036.0,67225.04166666667,9,0.9089501165059921,0,2,2022
2022-03-01,1558536.0,69920.0,59490.0,64939.0,20,0.9287614416475972,1,3,2022
2022-03-02,1664714.0,77502.0,60461.0,69363.08333333333,9,0.8949844305093201,2,3,2022
2022-03-03,1658217.0,77182.0,62046.0,69092.375,9,0.8951876732917001,3,3,2022
2022-03-04,1655738.0,78189.0,61739.0,68989.08333333333,9,0.8823374558228565,4,3,2022
2022-03-05,1451414.0,66379.0,52630.0,60475.583333333336,20,0.91106499545539,5,3,2022
2022-03-06,1364656.0,64709.0,47414.0,56860.666666666664,20,0.878713419565542,6,3,2022
2022-03-07,1648465.0,77345.0,56541.0,68686.04166666667,10,0.8880476005774991,0,3,2022
2022-03-08,1654023.0,76762.0,62102.0,68917.625,9,0.8978091373335765,1,3,2022
2022-03-09,1486230.0,67781.0,54014.0,61926.25,20,0.9136225490919284,2,3,2022
2022-03-10,1602701.0,73845.0,58653.0,66779.20833333333,9,0.904315909449974,3,3,2022
2022-03-11,1610106.0,74509.0,59300.0,67087.75,10,0.9003979385040733,4,3,2022
2022-03-12,1409773.0,62118.0,53342.0,58740.541666666664,20,0.9456283471242903,5,3,2022
2022-03-13,1373441.0,61436.0,52254.0,57226.708333333336,20,0.9314849328298284,6,3,2022
2022-03-14,1613551.0,76789.0,52200.0,67231.29166666667,15,0.8755328454162272,0,3,2022
2022-03-15,1570179.0,71988.0,58732.0,65424.125,19,0.9088198727565705,1,3,2022
2022-03-16,1557589.0,70966.0,58596.0,64899.541666666664,9,0.9145159888773027,2,3,2022
2022-03-17,1638203.0,75575.0,57369.0,68258.45833333333,10,0.903188333884662,3,3,2022
2022-03-18,1653395.0,76980.0,58320.0,68891.45833333333,10,0.8949267125660344,4,3,2022
2022-03-19,1499022.0,66838.0,57955.0,62459.25,11,0.9344871181064663,5,3,2022
2022-03-20,1364330.0,62882.0,51732.0,56847.083333333336,20,0.9040279147185735,6,3,2022
2022-03-21,1583551.0,74381.0,54342.0,65981.29166666667,17,0.8870718552676984,0,3,2022
2022-03-22,1592569.0,73197.0,59230.0,66357.04166666667,20,0.906554116516615,1,3,2022
2022-03-23,1655567.0,78217.0,59228.0,68981.95833333333,10,0.881930505303621,2,3,2022
2022-03-24,1605317.0,73156.0,59756.0,66888.20833333333,9,0.9143229309056445,3,3,2022
2022-03-25,1586854.0,71135.0,58527.0,66118.91666666667,9,0.9294850167521849,4,3,2022
2022-03-26,1429041.0,62291.0,56486.0,59543.375,10,0.9558904978247259,5,3,2022
2022-03-27,1262563.0,60623.0,44272.0,52606.791666666664,20,0.8677695209189031,6,3,2022
2022-03-28,1499111.0,70765.0,52396.0,62462.958333333336,20,0.8826815280623661,0,3,2022
2022-03-29,1529138.0,70311.0,57999.0,63714.083333333336,20,0.9061751835891018,1,3,2022
2022-03-30,1568517.0,71112.0,57108.0,65354.875,17,0.9190414416694791,2,3,2022
2022-03-31,1566000.0,70618.0,56297.0,65250.0,20,0.9239853861621683,3,3,2022
2022-04-01,1521888.0,68838.0,57356.0,63412.0,20,0.9211772567477265,4,4,2022
2022-04-02,1344773.0,61732.0,47736.0,56032.208333333336,20,0.9076687671439988,5,4,2022
2022-04-03,1258826.0,60331.0,43441.0,52451.083333333336,21,0.8693885951390385,6,4,2022
2022-04-04,1469165.0,69891.0,52310.0,61215.208333333336,20,0.8758668259623319,0,4,2022
2022-04-05,1534069.0,70446.0,57383.0,63919.541666666664,20,0.9073551609270457,1,4,2022
2022-04-06,1508369.0,69222.0,57023.0,62848.708333333336,20,0.9079296803521039,2,4,2022
2022-04-07,1505184.0,69860.0,56286.0,62716.0,20,0.8977383338104781,3,4,2022
2022-04-08,1471898.0,67293.0,55849.0,61329.083333333336,20,0.9113738922820106,4,4,2022
2022-04-09,1317503.0,60137.0,47777.0,54895.958333333336,20,0.912848301932809,5,4,2022
2022-04-10,1219428.0,58490.0,43256.0,50809.5,20,0.8686869550350488,6,4,2022
2022-04-11,1431319.0,68823.0,49245.0,59638.291666666664,20,0.8665459463648295,0,4,2022
2022-04-12,1488841.0,69958.0,54435.0,62035.041666666664,19,0.8867469291098469,1,4,2022
2022-04-13,1562569.0,71881.0,54636.0,65107.041666666664,17,0.9057614900553229,2,4,2022
2022-04-14,1551958.0,71338.0,55617.0,64664.916666666664,10,0.9064582223592849,3,4,2022
2022-04-15,1464612.0,67136.0,55361.0,61025.5,20,0.908983257864633,4,4,2022
2022-04-16,1305164.0,59946.0,47013.0,54381.833333333336,20,0.9071803512049734,5,4,2022
2022-04-17,1215605.0,58751.0,42448.0,50650.208333333336,21,0.862116531349821,6,4,2022
2022-04-18,1435592.0,67906.0,49620.0,59816.333333333336,20,0.8808696335129935,0,4,2022
2022-04-19,1465717.0,68498.0,55172.0,61071.541666666664,20,0.8915813843713198,1,4,2022
2022-04-20,1456489.0,67702.0,55287.0,60687.041666666664,20,0.8963847695292113,2,4,2022
2022-04-21,1504082.0,68549.0,54976.0,62670.083333333336,20,0.9142377472075937,3,4,2022
2022-04-22,1475189.0,67015.0,54793.0,61466.208333333336,20,0.9172007510756298,4,4,2022
2022-04-23,1311195.0,58909.0,49363.0,54633.125,20,0.9274155901475156,5,4,2022
2022-04-24,1210635.0,58501.0,43377.0,50443.125,20,0.8622609015230509,6,4,2022
2022-04-25,1455585.0,69646.0,48851.0,60649.375,17,0.8708235218102978,0,4,2022
2022-04-26,1534402.0,69997.0,54778.0,63933.416666666664,17,0.9133736683953122,1,4,2022
2022-04-27,1455186.0,67404.0,54536.0,60632.75,20,0.8995423120289597,2,4,2022
2022-04-28,1470051.0,68086.0,54761.0,61252.125,20,0.8996287783097847,3,4,2022
2022-04-29,1488007.0,67684.0,54365.0,62000.291666666664,9,0.9160258209719677,4,4,2022
2022-04-30,1320901.0,58925.0,51968.0,55037.541666666664,21,0.9340270117380851,5,4,2022
2022-05-01,1183612.0,57628.0,41410.0,49317.166666666664,21,0.8557848036833946,6,5,2022
2022-05-02,1401201.0,67357.0,48617.0,58383.375,20,0.8667751681339727,0,5,2022
2022-05-03,1449540.0,68221.0,54825.0,60397.5,20,0.8853212353967254,1,5,2022
2022-05-04,1451846.0,66896.0,55449.0,60493.583333333336,20,0.9042929821414335,2,5,2022
2022-05-05,1334785.0,62398.0,49051.0,55616.041666666664,21,0.891311286686539,3,5,2022
2022-05-06,1396343.0,65275.0,52065.0,58180.958333333336,20,0.8913206944976383,4,5,2022
2022-05-07,1290440.0,58240.0,49000.0,53768.333333333336,21,0.9232200091575092,5,5,2022
2022-05-08,1215182.0,57573.0,45198.0,50632.583333333336,21,0.8794501473491626,6,5,2022
2022-05-09,1423191.0,68295.0,48647.0,59299.625,20,0.8682864777802182,0,5,2022
2022-05-10,1472527.0,68449.0,54864.0,61355.291666666664,20,0.8963650552479461,1,5,2022
2022-05-11,1493582.0,69284.0,54500.0,62232.583333333336,18,0.8982244577872718,2,5,2022
2022-05-12,1508715.0,69519.0,54928.0,62863.125,20,0.9042581884089241,3,5,2022
2022-05-13,1529104.0,70217.0,54842.0,63712.666666666664,15,0.9073681112361204,4,5,2022
2022-05-14,1298614.0,59523.0,47796.0,54108.916666666664,21,0.9090421629734164,5,5,2022
2022-05-15,1198869.0,58322.0,42720.0,49952.875,21,0.856501405987449,6,5,2022
2022-05-16,1412687.0,68158.0,48850.0,58861.958333333336,20,0.8636104101254928,0,5,2022
2022-05-17,1487150.0,69600.0,54971.0,61964.583333333336,20,0.8902957375478927,1,5,2022
2022-05-18,1503044.0,69002.0,55628.0,62626.833333333336,19,0.9076089581944485,2,5,2022
2022-05-19,1511494.0,68981.0,55417.0,62978.916666666664,20,0.9129893255630778,3,5,2022
2022-05-20,1493933.0,68021.0,54739.0,62247.208333333336,20,0.9151175127289122,4,5,2022
2022-05-21,1333209.0,60962.0,50967.0,55550.375,21,0.9112295364325318,5,5,2022
2022-05-22,1241525.0,60232.0,46223.0,51730.208333333336,21,0.8588492551024927,6,5,2022
2022-05-23,1487240.0,72122.0,49437.0,61968.333333333336,17,0.8592154035292052,0,5,2022
2022-05-24,1533023.0,72576.0,55263.0,63875.958333333336,18,0.8801250872648443,1,5,2022
2022-05-25,1542246.0,72543.0,55454.0,64260.25,17,0.8858228912507065,2,5,2022
2022-05-26,1496020.0,69479.0,55162.0,62334.166666666664,19,0.8971655704121628,3,5,2022
2022-05-27,1494263.0,68965.0,54702.0,62260.958333333336,19,0.9027906667633341,4,5,2022
2022-05-28,1354067.0,61737.0,53498.0,56419.458333333336,21,0.9138678318242437,5,5,2022
2022-05-29,1263206.0,60954.0,47081.0,52633.583333333336,21,0.8634967899290176,6,5,2022
2022-05-30,1525672.0,73136.0,49685.0,63569.666666666664,17,0.869198023773062,0,5,2022
2022-05-31,1497011.0,69890.0,54659.0,62375.458333333336,18,0.8924804454619164,1,5,2022
2022-06-01,1387915.0,64810.0,54047.0,57829.791666666664,20,0.8922973563750449,2,6,2022
2022-06-02,1499625.0,71717.0,52582.0,62484.375,18,0.8712630896440174,3,6,2022
2022-06-03,1529672.0,72128.0,55096.0,63736.333333333336,17,0.8836559080153801,4,6,2022
2022-06-04,1368610.0,62412.0,53636.0,57025.416666666664,21,0.9136931466171035,5,6,2022
2022-06-05,1306392.0,58600.0,49828.0,54433.0,20,0.9288907849829352,6,6,2022
2022-06-06,1321440.0,61814.0,48414.0,55060.0,21,0.8907367263079561,0,6,2022
2022-06-07,1480873.0,70528.0,49867.0,61703.041666666664,17,0.8748729818889897,1,6,2022
2022-06-08,1499329.0,68480.0,54203.0,62472.041666666664,20,0.9122669635903426,2,6,2022
2022-06-09,1515765.0,69993.0,54699.0,63156.875,18,0.9023313045590273,3,6,2022
2022-06-10,1523351.0,71317.0,54885.0,63472.958333333336,17,0.8900116148089984,4,6,2022
2022-06-11,1359949.0,62034.0,53321.0,56664.541666666664,21,0.9134432999108015,5,6,2022
2022-06-12,1278696.0,61303.0,47537.0,53279.0,21,0.8691091789961339,6,6,2022
2022-06-13,1503608.0,71248.0,49735.0,62650.333333333336,18,0.8793276068568007,0,6,2022
2022-06-14,1547830.0,71478.0,54387.0,64492.916666666664,15,0.9022764580243804,1,6,2022
2022-06-15,1525130.0,69305.0,54477.0,63547.083333333336,17,0.9169191737007912,2,6,2022
2022-06-16,1528565.0,70925.0,54932.0,63690.208333333336,19,0.8979937727646575,3,6,2022
2022-06-17,1563833.0,73461.0,55437.0,65159.708333333336,17,0.8869972956171756,4,6,2022
2022-06-18,1419798.0,64277.0,54967.0,59158.25,20,0.9203642049255566,5,6,2022
2022-06-19,1342060.0,64298.0,51048.0,55919.166666666664,21,0.8696874967598784,6,6,2022
2022-06-20,1591841.0,77816.0,51460.0,66326.70833333333,18,0.8523530936225626,0,6,2022
2022-06-21,1674444.0,81164.0,57171.0,69768.5,17,0.8595990833374403,1,6,2022
2022-06-22,1685474.0,80943.0,58057.0,70228.08333333333,17,0.8676239246547982,2,6,2022
2022-06-23,1739185.0,83449.0,58315.0,72466.04166666667,15,0.8683871785961087,3,6,2022
2022-06-24,1669072.0,76122.0,58439.0,69544.66666666667,17,0.9135948433654748,4,6,2022
2022-06-25,1508294.0,69554.0,56107.0,62845.583333333336,20,0.9035509580086456,5,6,2022
2022-06-26,1447790.0,68906.0,52967.0,60324.583333333336,21,0.87546198202382,6,6,2022
2022-06-27,1735136.0,84742.0,53646.0,72297.33333333333,17,0.853146413034072,0,6,2022
2022-06-28,1782245.0,84057.0,59811.0,74260.20833333333,17,0.8834506148605509,1,6,2022
2022-06-29,1789650.0,84492.0,60201.0,74568.75,17,0.8825539696065899,2,6,2022
2022-06-30,1759008.0,82731.0,59898.0,73292.0,17,0.8859073382408046,3,6,2022
2022-07-01,1745249.0,83309.0,59254.0,72718.70833333333,18,0.8728793807791875,4,7,2022
2022-07-02,1590943.0,74981.0,58409.0,66289.29166666667,20,0.8840811894568847,5,7,2022
2022-07-03,1520141.0,74468.0,54687.0,63339.208333333336,20,0.8505560553973966,6,7,2022
2022-07-04,1807754.0,89337.0,55679.0,75323.08333333333,17,0.8431342370275846,0,7,2022
2022-07-05,1876663.0,90855.0,61980.0,78194.29166666667,17,0.8606492946636582,1,7,2022
2022-07-06,1901504.0,91938.0,62560.0,79229.33333333333,18,0.861769163276701,2,7,2022
2022-07-07,1919603.0,92990.0,63427.0,79983.45833333333,17,0.8601296734415886,3,7,2022
2022-07-08,1858119.0,86475.0,63033.0,77421.625,17,0.8953064469499855,4,7,2022
2022-07-09,1629209.0,75216.0,60041.0,67883.70833333333,20,0.9025168625469757,5,7,2022
2022-07-10,1545644.0,75168.0,55917.0,64401.833333333336,20,0.8567719419611183,6,7,2022
2022-07-11,1788582.0,86943.0,55930.0,74524.25,17,0.8571621637164579,0,7,2022
2022-07-12,1820435.0,87250.0,60808.0,75851.45833333333,17,0.8693576886341928,1,7,2022
2022-07-13,1805777.0,85034.0,61528.0,75240.70833333333,15,0.8848308715729394,2,7,2022
2022-07-14,1803977.0,85530.0,60868.0,75165.70833333333,18,0.8788227327643321,3,7,2022
2022-07-15,1755786.0,83276.0,60320.0,73157.75,17,0.8784974062154762,4,7,2022
2022-07-16,1565369.0,71327.0,58754.0,65223.708333333336,20,0.9144322393109668,5,7,2022
2022-07-17,1473718.0,70362.0,54477.0,61404.916666666664,21,0.8726999895777077,6,7,2022
2022-07-18,1739685.0,83578.0,54823.0,72486.875,15,0.8672961185958027,0,7,2022
2022-07-19,1765230.0,84634.0,59547.0,73551.25,18,0.8690508542666068,1,7,2022
2022-07-20,1783134.0,85756.0,60338.0,74297.25,18,0.8663796119221978,2,7,2022
2022-07-21,1760188.0,82156.0,60277.0,73341.16666666667,15,0.8927061525228428,3,7,2022
2022-07-22,1717253.0,80509.0,59356.0,71552.20833333333,17,0.8887479453642864,4,7,2022
2022-07-23,1556295.0,70266.0,58283.0,64845.625,20,0.9228592064440839,5,7,2022
2022-07-24,1472450.0,69817.0,53951.0,61352.083333333336,20,0.8787556516798679,6,7,2022
2022-07-25,1713778.0,84338.0,54247.0,71407.41666666667,18,0.8466814089338931,0,7,2022
2022-07-26,1799694.0,87347.0,59801.0,74987.25,18,0.8584982884357791,1,7,2022
2022-07-27,1792814.0,85507.0,61018.0,74700.58333333333,18,0.8736195087341776,2,7,2022
2022-07-28,1815152.0,87405.0,60634.0,75631.33333333333,18,0.8652975611616421,3,7,2022
2022-07-29,1842175.0,87605.0,61841.0,76757.29166666667,17,0.8761747807393033,4,7,2022
2022-07-30,1668350.0,76651.0,59900.0,69514.58333333333,20,0.9068972790091888,5,7,2022
2022-07-31,1555500.0,72224.0,56290.0,64812.5,20,0.8973817567567568,6,7,2022
2022-08-01,1666743.0,80055.0,54730.0,69447.625,18,0.8674989070014365,0,8,2022
2022-08-02,1670625.0,77981.0,57100.0,69609.375,20,0.8926453238609405,1,8,2022
2022-08-03,1696998.0,81174.0,57162.0,70708.25,18,0.8710701702515584,2,8,2022
2022-08-04,1764943.0,85866.0,58022.0,73539.29166666667,18,0.856442499553568,3,8,2022
2022-08-05,1803044.0,86550.0,60017.0,75126.83333333333,18,0.8680165607548622,4,8,2022
2022-08-06,1688885.0,80391.0,60408.0,70370.20833333333,20,0.8753493342952984,5,8,2022
2022-08-07,1633148.0,78998.0,58120.0,68047.83333333333,20,0.8613867861633627,6,8,2022
2022-08-08,1859959.0,89263.0,58825.0,77498.29166666667,17,0.8682017371886075,0,8,2022
2022-08-09,1872673.0,88479.0,63145.0,78028.04166666667,18,0.8818820473408003,1,8,2022
2022-08-10,1820898.0,85666.0,61748.0,75870.75,15,0.885657670487708,2,8,2022
2022-08-11,1819794.0,85492.0,61099.0,75824.75,11,0.8869221681560848,3,8,2022
2022-08-12,1785503.0,85622.0,60540.0,74395.95833333333,18,0.8688883503460948,4,8,2022
2022-08-13,1626531.0,73973.0,59209.0,67772.125,20,0.9161738066591865,5,8,2022
2022-08-14,1551552.0,74228.0,56402.0,64648.0,20,0.8709381904402651,6,8,2022
2022-08-15,1653301.0,80123.0,56136.0,68887.54166666667,20,0.8597723708132081,0,8,2022
2022-08-16,1806847.0,86440.0,59142.0,75285.29166666667,17,0.8709543228443622,1,8,2022
2022-08-17,1790243.0,84521.0,60470.0,74593.45833333333,18,0.8825434901779833,2,8,2022
2022-08-18,1746350.0,83585.0,59928.0,72764.58333333333,18,0.8705459512272935,3,8,2022
2022-08-19,1801987.0,86684.0,59970.0,75082.79166666667,17,0.8661666705120515,4,8,2022
2022-08-20,1677809.0,76241.0,61329.0,69908.70833333333,20,0.9169437485517415,5,8,2022
2022-08-21,1509597.0,73895.0,55705.0,62899.875,20,0.851206103254618,6,8,2022
2022-08-22,1752717.0,86844.0,55243.0,73029.875,17,0.8409317281562342,0,8,2022
2022-08-23,1816331.0,86792.0,60704.0,75680.45833333333,15,0.8719750476234368,1,8,2022
2022-08-24,1716418.0,79103.0,59636.0,71517.41666666667,11,0.9041049854830623,2,8,2022
2022-08-25,1683307.0,79448.0,58494.0,70137.79166666667,17,0.8828138111301314,3,8,2022
2022-08-26,1646045.0,77941.0,58214.0,68585.20833333333,17,0.879963155891422,4,8,2022
2022-08-27,1423545.0,64721.0,54700.0,59314.375,20,0.9164625855595556,5,8,2022
2022-08-28,1316332.0,64159.0,49428.0,54847.166666666664,20,0.8548631784576858,6,8,2022
2022-08-29,1587856.0,75328.0,51660.0,66160.66666666667,15,0.8783011186632682,0,8,2022
2022-08-30,1648208.0,77097.0,56612.0,68675.33333333333,15,0.890765312960729,1,8,2022
2022-08-31,1629290.0,74990.0,56975.0,67887.08333333333,11,0.9052818153531581,2,8,2022
2022-09-01,1642796.0,78095.0,56682.0,68449.83333333333,17,0.8764944405318308,3,9,2022
2022-09-02,1636752.0,77142.0,57289.0,68198.0,17,0.8840579710144928,4,9,2022
2022-09-03,1475436.0,67164.0,56259.0,61476.5,20,0.9153192186290274,5,9,2022
2022-09-04,1415733.0,67904.0,52342.0,58988.875,20,0.8687098698162111,6,9,2022
2022-09-05,1648511.0,79872.0,52813.0,68687.95833333333,15,0.8599754398704593,0,9,2022
2022-09-06,1559621.0,73602.0,55217.0,64984.208333333336,18,0.8829136210066756,1,9,2022
2022-09-07,1554505.0,73807.0,55523.0,64771.041666666664,18,0.8775731525013436,2,9,2022
2022-09-08,1495963.0,67684.0,55357.0,62331.791666666664,20,0.9209235811516262,3,9,2022
2022-09-09,1219213.0,57299.0,45078.0,50800.541666666664,20,0.8865868805156576,4,9,2022
2022-09-10,1129290.0,53936.0,42134.0,47053.75,20,0.872399695935924,5,9,2022
2022-09-11,1169169.0,57250.0,44129.0,48715.375,20,0.8509235807860261,6,9,2022
2022-09-12,1279102.0,61792.0,45469.0,53295.916666666664,20,0.862505124719489,0,9,2022
2022-09-13,1549621.0,75687.0,48284.0,64567.541666666664,17,0.8530862851832767,1,9,2022
2022-09-14,1611491.0,76406.0,55195.0,67145.45833333333,17,0.8787982401033078,2,9,2022
2022-09-15,1642309.0,79408.0,56514.0,68429.54166666667,17,0.8617461926590101,3,9,2022
2022-09-16,1693218.0,82374.0,57408.0,70550.75,17,0.8564686672979338,4,9,2022
2022-09-17,1539521.0,71108.0,57706.0,64146.708333333336,20,0.9021025529241905,5,9,2022
2022-09-18,1454110.0,70720.0,53974.0,60587.916666666664,20,0.8567295908748114,6,9,2022
2022-09-19,1628039.0,78849.0,52920.0,67834.95833333333,17,0.8603147577437041,0,9,2022
2022-09-20,1559986.0,73548.0,55670.0,64999.416666666664,17,0.8837686499519588,1,9,2022
2022-09-21,1520535.0,72071.0,54990.0,63355.625,18,0.8790723730765495,2,9,2022
2022-09-22,1524418.0,72184.0,54729.0,63517.416666666664,19,0.8799376131367985,3,9,2022
2022-09-23,1517307.0,70071.0,54822.0,63221.125,17,0.9022437955787701,4,9,2022
2022-09-24,1321674.0,61036.0,48766.0,55069.75,20,0.9022503112916967,5,9,2022
2022-09-25,1270698.0,59920.0,49274.0,52945.75,20,0.8836073097463284,6,9,2022
2022-09-26,1491900.0,71400.0,48917.0,62162.5,17,0.8706232492997199,0,9,2022
2022-09-27,1519226.0,73027.0,54304.0,63301.083333333336,19,0.8668175241120865,1,9,2022
2022-09-28,1547372.0,72806.0,54569.0,64473.833333333336,17,0.8855565933210633,2,9,2022
2022-09-29,1529267.0,73018.0,54585.0,63719.458333333336,18,0.8726541172496279,3,9,2022
2022-09-30,1516181.0,71844.0,54799.0,63174.208333333336,18,0.8793247638401722,4,9,2022
2022-10-01,1342672.0,61848.0,51690.0,55944.666666666664,19,0.9045509420945975,5,10,2022
2022-10-02,1272309.0,59834.0,49023.0,53012.875,19,0.8859991810676204,6,10,2022
2022-10-03,1412650.0,66998.0,49004.0,58860.416666666664,19,0.8785399066638805,0,10,2022
2022-10-04,1547095.0,72544.0,52534.0,64462.291666666664,10,0.8885957717615056,1,10,2022
2022-10-05,1497510.0,70542.0,54034.0,62396.25,19,0.884526239686995,2,10,2022
2022-10-06,1514989.0,70785.0,54145.0,63124.541666666664,19,0.8917785076875986,3,10,2022
2022-10-07,1487503.0,68983.0,54387.0,61979.291666666664,19,0.898471966523153,4,10,2022
2022-10-08,1320170.0,59871.0,49454.0,55007.083333333336,19,0.9187600563433604,5,10,2022
2022-10-09,1282534.0,58315.0,49461.0,53438.916666666664,19,0.9163837205979022,6,10,2022
2022-10-10,1322607.0,62700.0,48234.0,55108.625,20,0.8789254385964912,0,10,2022
2022-10-11,1449010.0,70344.0,51548.0,60375.416666666664,19,0.8582880795329618,1,10,2022
2022-10-12,1481712.0,69872.0,55125.0,61738.0,19,0.8835871307533776,2,10,2022
2022-10-13,1482102.0,70316.0,55059.0,61754.25,19,0.8782389498833836,3,10,2022
2022-10-14,1484364.0,69004.0,54788.0,61848.5,19,0.8963031128630224,4,10,2022
2022-10-15,1326859.0,60625.0,48432.0,55285.791666666664,19,0.9119305841924398,5,10,2022
2022-10-16,1264875.0,59248.0,47863.0,52703.125,19,0.8895342458817175,6,10,2022
2022-10-17,1427000.0,70021.0,49035.0,59458.333333333336,19,0.849150016899692,0,10,2022
2022-10-18,1479232.0,70701.0,54865.0,61634.666666666664,19,0.8717651329778456,1,10,2022
2022-10-19,1491583.0,70250.0,55663.0,62149.291666666664,19,0.8846874258600237,2,10,2022
2022-10-20,1498465.0,70976.0,55705.0,62436.041666666664,19,0.8796782245641719,3,10,2022
2022-10-21,1514967.0,69240.0,55373.0,63123.625,19,0.911664139225881,4,10,2022
2022-10-22,1333362.0,60433.0,48590.0,55556.75,19,0.9193114688994424,5,10,2022
2022-10-23,1239300.0,58504.0,44905.0,51637.5,19,0.8826319567892794,6,10,2022
2022-10-24,1438486.0,70139.0,48899.0,59936.916666666664,19,0.8545447848795487,0,10,2022
2022-10-25,1493762.0,70495.0,54940.0,62240.083333333336,19,0.8829006785351208,1,10,2022
2022-10-26,1506037.0,70052.0,55325.0,62751.541666666664,19,0.8957851548373589,2,10,2022
2022-10-27,1499662.0,70573.0,55221.0,62485.916666666664,19,0.8854082533924683,3,10,2022
2022-10-28,1491620.0,68956.0,55081.0,62150.833333333336,18,0.9013114643154089,4,10,2022
2022-10-29,1333987.0,59900.0,49470.0,55582.791666666664,19,0.9279264051196439,5,10,2022
2022-10-30,1245399.0,58605.0,45212.0,51891.625,19,0.8854470608309871,6,10,2022
2022-10-31,1443272.0,69769.0,49038.0,60136.333333333336,19,0.8619348612325436,0,10,2022
2022-11-01,1498021.0,69729.0,54558.0,62417.541666666664,19,0.8951446552606042,1,11,2022
2022-11-02,1494979.0,69282.0,54993.0,62290.791666666664,18,0.8990905526206903,2,11,2022
2022-11-03,1532636.0,71242.0,55108.0,63859.833333333336,17,0.8963790086372272,3,11,2022
2022-11-04,1518346.0,70733.0,55954.0,63264.416666666664,18,0.8944116136268314,4,11,2022
2022-11-05,1361206.0,61328.0,48319.0,56716.916666666664,19,0.9248127554569963,5,11,2022
2022-11-06,1271354.0,59724.0,44931.0,52973.083333333336,19,0.8869647601187686,6,11,2022
2022-11-07,1499289.0,71020.0,51032.0,62470.375,17,0.8796166572796396,0,11,2022
2022-11-08,1531058.0,69806.0,56397.0,63794.083333333336,18,0.9138767918708038,1,11,2022
2022-11-09,1539506.0,69966.0,56494.0,64146.083333333336,17,0.9168179306139173,2,11,2022
2022-11-10,1532458.0,69764.0,56385.0,63852.416666666664,9,0.9152631252030655,3,11,2022
2022-11-11,1520102.0,69415.0,55894.0,63337.583333333336,17,0.9124480779850657,4,11,2022
2022-11-12,1372196.0,60675.0,52511.0,57174.833333333336,19,0.9423128691113858,5,11,2022
2022-11-13,1309613.0,60054.0,50261.0,54567.208333333336,19,0.9086357000921393,6,11,2022
2022-11-14,1512566.0,71165.0,50346.0,63023.583333333336,17,0.8855980233729127,0,11,2022
2022-11-15,1561897.0,72431.0,56452.0,65079.041666666664,17,0.8984970753774857,1,11,2022
2022-11-16,1558566.0,71687.0,57185.0,64940.25,17,0.9058860044359507,2,11,2022
2022-11-17,1557891.0,71642.0,57351.0,64912.125,18,0.9060624354428967,3,11,2022
2022-11-18,1541213.0,70458.0,57628.0,64217.208333333336,17,0.9114253645197612,4,11,2022
2022-11-19,1377076.0,60856.0,51189.0,57378.166666666664,19,0.942851430699794,5,11,2022
2022-11-20,1303793.0,60057.0,49713.0,54324.708333333336,19,0.9045524806988916,6,11,2022
2022-11-21,1519466.0,71811.0,51263.0,63311.083333333336,17,0.8816348934471506,0,11,2022
2022-11-22,1605381.0,74117.0,56443.0,66890.875,17,0.9025038115412118,1,11,2022
2022-11-23,1563653.0,71774.0,56730.0,65152.208333333336,9,0.9077410807999183,2,11,2022
2022-11-24,1576129.0,72420.0,57063.0,65672.04166666667,9,0.9068218954248367,3,11,2022
2022-11-25,1554660.0,70886.0,57647.0,64777.5,9,0.9138264255283131,4,11,2022
2022-11-26,1379976.0,61907.0,49860.0,57499.0,19,0.9287964204371073,5,11,2022
2022-11-27,1316392.0,61147.0,46154.0,54849.666666666664,19,0.897013208606582,6,11,2022
2022-11-28,1577455.0,74855.0,52056.0,65727.29166666667,17,0.8780614744060741,0,11,2022
2022-11-29,1627710.0,75720.0,56592.0,67821.25,17,0.8956847596407819,1,11,2022
2022-11-30,1732974.0,82117.0,60206.0,72207.25,17,0.8793215777488218,2,11,2022
2022-12-01,1767908.0,83052.0,63109.0,73662.83333333333,17,0.886948337587696,3,12,2022
2022-12-02,1738892.0,80829.0,64008.0,72453.83333333333,9,0.8963841360567782,4,12,2022
2022-12-03,1560348.0,67989.0,61719.0,65014.5,1,0.9562502757799056,5,12,2022
2022-12-04,1472328.0,67707.0,57354.0,61347.0,19,0.9060658425273606,6,12,2022
2022-12-05,1752771.0,83990.0,58234.0,73032.125,10,0.8695335754256459,0,12,2022
2022-12-06,1803029.0,84058.0,64863.0,75126.20833333333,10,0.8937425150887879,1,12,2022
2022-12-07,1757321.0,82135.0,63180.0,73221.70833333333,9,0.8914799821432194,2,12,2022
2022-12-08,1743180.0,81462.0,63418.0,72632.5,9,0.8916120399695564,3,12,2022
2022-12-09,1739358.0,82223.0,62871.0,72473.25,10,0.8814230811330163,4,12,2022
2022-12-10,1563163.0,67446.0,61970.0,65131.791666666664,18,0.9656879824847532,5,12,2022
2022-12-11,1430263.0,65907.0,51343.0,59594.291666666664,19,0.904217938408161,6,12,2022
2022-12-12,1743205.0,83311.0,57877.0,72633.54166666667,17,0.8718361520887599,0,12,2022
2022-12-13,1802681.0,85195.0,62561.0,75111.70833333333,17,0.8816445605180272,1,12,2022
2022-12-14,1904061.0,90128.0,66237.0,79335.875,10,0.8802578000177526,2,12,2022
2022-12-15,1895719.0,88874.0,67866.0,78988.29166666667,10,0.8887671497475828,3,12,2022
2022-12-16,1892461.0,89583.0,67034.0,78852.54166666667,10,0.8802176938332794,4,12,2022
2022-12-17,1702613.0,74303.0,66336.0,70942.20833333333,18,0.9547690986007742,5,12,2022
2022-12-18,1621763.0,73852.0,63850.0,67573.45833333333,19,0.9149848119662748,6,12,2022
2022-12-19,1915552.0,91710.0,64314.0,79814.66666666667,17,0.8702940428161233,0,12,2022
2022-12-20,1915344.0,90571.0,68877.0,79806.0,10,0.8811429707080632,1,12,2022
2022-12-21,1924585.0,92698.0,66823.0,80191.04166666667,11,0.8650784446985552,2,12,2022
2022-12-22,1964791.0,92999.0,67272.0,81866.29166666667,17,0.8802921716004115,3,12,2022
2022-12-23,1992266.0,94509.0,70139.0,83011.08333333333,11,0.8783405107802784,4,12,2022
2022-12-24,1728398.0,75010.0,68867.0,72016.58333333333,11,0.9600930986979513,5,12,2022
2022-12-25,1584329.0,71213.0,59826.0,66013.70833333333,19,0.9269895711925257,6,12,2022
2022-12-26,1886334.0,89935.0,62943.0,78597.25,10,0.8739339522988825,0,12,2022
2022-12-27,1892305.0,89282.0,68404.0,78846.04166666667,10,0.8831124041426791,1,12,2022
2022-12-28,1877124.0,88939.0,67248.0,78213.5,10,0.8794061098055971,2,12,2022
2022-12-29,1855435.0,86768.0,67589.0,77309.79166666667,9,0.8909942797651976,3,12,2022
2022-12-30,1767727.0,83307.0,65939.0,73655.29166666667,10,0.8841428891529723,4,12,2022
2022-12-31,1545980.0,68466.0,59263.0,64415.833333333336,1,0.9408441172747544,5,12,2022
2023-01-01,1441001.0,66465.0,51433.0,60041.708333333336,19,0.9033582838085208,6,1,2023
2023-01-02,1783897.0,85269.0,59360.0,74329.04166666667,18,0.8717006375900582,0,1,2023
2023-01-03,1875172.0,87110.0,67409.0,78132.16666666667,9,0.896936823173765,1,1,2023
2023-01-04,1875907.0,87191.0,68327.0,78162.79166666667,10,0.8964548137613593,2,1,2023
2023-01-05,1886010.0,89012.0,67878.0,78583.75,10,0.8828444479396036,3,1,2023
2023-01-06,1832844.0,86606.0,67143.0,76368.5,10,0.8817922545782048,4,1,2023
2023-01-07,1612836.0,70729.0,63388.0,67201.5,19,0.9501265393261604,5,1,2023
2023-01-08,1497403.0,68090.0,54696.0,62391.791666666664,19,0.9163135800655994,6,1,2023
2023-01-09,1762205.0,84683.0,59246.0,73425.20833333333,10,0.8670596026750744,0,1,2023
2023-01-10,1789080.0,83973.0,65664.0,74545.0,9,0.8877258166315364,1,1,2023
2023-01-11,1773944.0,83078.0,65346.0,73914.33333333333,9,0.8896980347785615,2,1,2023
2023-01-12,1752180.0,82287.0,65134.0,73007.5,9,0.8872300606414136,3,1,2023
2023-01-13,1743213.0,81907.0,62515.0,72633.875,11,0.8867847070457958,4,1,2023
2023-01-14,1573160.0,69388.0,60458.0,65548.33333333333,11,0.9446638227551353,5,1,2023
2023-01-15,1533736.0,69166.0,57683.0,63905.666666666664,19,0.9239462549036617,6,1,2023
2023-01-16,1792436.0,84582.0,60075.0,74684.83333333333,18,0.8829873180266881,0,1,2023
2023-01-17,1866147.0,86815.0,67229.0,77756.125,10,0.895653112941312,1,1,2023
2023-01-18,1845856.0,85627.0,66955.0,76910.66666666667,10,0.8982057840011524,2,1,2023
2023-01-19,1823938.0,84465.0,66973.0,75997.41666666667,9,0.8997503897077685,3,1,2023
2023-01-20,1734144.0,81244.0,65047.0,72256.0,10,0.8893702919600217,4,1,2023
2023-01-21,1428549.0,68910.0,49564.0,59522.875,1,0.8637770280075461,5,1,2023
2023-01-22,1336452.0,60143.0,51002.0,55685.5,24,0.9258849741449545,6,1,2023
2023-01-23,1328808.0,62575.0,46499.0,55367.0,24,0.8848102277267279,0,1,2023
2023-01-24,1514033.0,72643.0,56668.0,63084.708333333336,19,0.8684210224430893,1,1,2023
2023-01-25,1848739.0,87275.0,62836.0,77030.79166666667,18,0.8826215029122506,2,1,2023
2023-01-26,1961753.0,92613.0,68527.0,81739.70833333333,11,0.8825943262105032,3,1,2023
2023-01-27,1910981.0,89833.0,68396.0,79624.20833333333,10,0.886358112646058,4,1,2023
2023-01-28,1695319.0,74081.0,66372.0,70638.29166666667,19,0.9535277826523221,5,1,2023
2023-01-29,1551932.0,69956.0,57060.0,64663.833333333336,19,0.9243500676615778,6,1,2023
2023-01-30,1782815.0,83568.0,61302.0,74283.95833333333,9,0.8889043453634564,0,1,2023
2023-01-31,1800425.0,84058.0,66690.0,75017.70833333333,9,0.8924517396718139,1,1,2023
2023-02-01,1761359.0,81652.0,63750.0,73389.95833333333,10,0.898813970672284,2,2,2023
2023-02-02,1811893.0,83228.0,65363.0,75495.54166666667,9,0.9070930656349626,3,2,2023
2023-02-03,1785704.0,84290.0,65505.0,74404.33333333333,10,0.882718392850081,4,2,2023
2023-02-04,1575503.0,70005.0,58308.0,65645.95833333333,1,0.9377324238744851,5,2,2023
2023-02-05,1462706.0,67195.0,51913.0,60946.083333333336,20,0.9070032492496962,6,2,2023
2023-02-06,1734026.0,81935.0,59743.0,72251.08333333333,10,0.8818097679054534,0,2,2023
2023-02-07,1750028.0,81585.0,64015.0,72917.83333333333,10,0.8937651937651937,1,2,2023
2023-02-08,1735321.0,81028.0,64426.0,72305.04166666667,9,0.8923463699791019,2,2,2023
2023-02-09,1757917.0,80850.0,64516.0,73246.54166666667,9,0.9059559884559886,3,2,2023
2023-02-10,1743451.0,81340.0,63081.0,72643.79166666667,10,0.8930881690025408,4,2,2023
2023-02-11,1556382.0,67796.0,60326.0,64849.25,1,0.9565350463154169,5,2,2023
2023-02-12,1470096.0,65888.0,57830.0,61254.0,19,0.9296685284118504,6,2,2023
2023-02-13,1708053.0,81235.0,56658.0,71168.875,11,0.8760863544038899,0,2,2023
2023-02-14,1712703.0,79024.0,62775.0,71362.625,9,0.9030500227778903,1,2,2023
2023-02-15,1753793.0,80643.0,63299.0,73074.70833333333,10,0.9061506681712402,2,2,2023
2023-02-16,1758296.0,81126.0,63307.0,73262.33333333333,10,0.9030684778410538,3,2,2023
2023-02-17,1724264.0,79701.0,63715.0,71844.33333333333,10,0.9014232360112587,4,2,2023
2023-02-18,1549086.0,68387.0,60161.0,64545.25,11,0.9438233874859256,5,2,2023
2023-02-19,1407111.0,65618.0,49761.0,58629.625,20,0.8934991160961931,6,2,2023
2023-02-20,1670551.0,78791.0,57643.0,69606.29166666667,19,0.8834294737554629,0,2,2023
2023-02-21,1738116.0,79297.0,64494.0,72421.5,9,0.9132943238710166,1,2,2023
2023-02-22,1718880.0,78537.0,64697.0,71620.0,9,0.9119268624979309,2,2,2023
2023-02-23,1679965.0,76790.0,62811.0,69998.54166666667,9,0.9115580370707992,3,2,2023
2023-02-24,1656265.0,76151.0,61806.0,69011.04166666667,9,0.9062394671989425,4,2,2023
2023-02-25,1485712.0,66816.0,53159.0,61904.666666666664,1,0.9264946519795657,5,2,2023
2023-02-26,1386475.0,64923.0,47615.0,57769.791666666664,20,0.8898201202450081,6,2,2023
2023-02-27,1613274.0,74630.0,57642.0,67219.75,9,0.9007068203135469,0,2,2023
2023-02-28,1629646.0,74655.0,61832.0,67901.91666666667,9,0.9095427857031233,1,2,2023
2023-03-01,1529529.0,69174.0,59008.0,63730.375,20,0.9213053314829271,2,3,2023
2023-03-02,1645939.0,76510.0,59414.0,68580.79166666667,19,0.8963637650851741,3,3,2023
2023-03-03,1635214.0,75363.0,62256.0,68133.91666666667,9,0.9040764920009378,4,3,2023
2023-03-04,1438785.0,64218.0,53256.0,59949.375,1,0.9335291507054096,5,3,2023
2023-03-05,1330278.0,62329.0,46314.0,55428.25,20,0.8892850839897961,6,3,2023
2023-03-06,1546263.0,72424.0,54398.0,64427.625,9,0.8895894316801061,0,3,2023
2023-03-07,1575496.0,72608.0,58739.0,65645.66666666667,9,0.9041106581460262,1,3,2023
2023-03-08,1559878.0,70657.0,58508.0,64994.916666666664,9,0.9198652174118157,2,3,2023
2023-03-09,1557658.0,72032.0,57045.0,64902.416666666664,10,0.9010219994817118,3,3,2023
2023-03-10,1512134.0,68901.0,57064.0,63005.583333333336,9,0.9144364135982546,4,3,2023
2023-03-11,1346244.0,60181.0,48776.0,56093.5,20,0.9320798923248201,5,3,2023
2023-03-12,1350484.0,62216.0,51079.0,56270.166666666664,20,0.9044324075264669,6,3,2023
2023-03-13,1541236.0,72805.0,54148.0,64218.166666666664,19,0.8820570931483643,0,3,2023
2023-03-14,1548525.0,70755.0,58139.0,64521.875,19,0.9119055190445905,1,3,2023
2023-03-15,1549834.0,70533.0,57829.0,64576.416666666664,19,0.9155489865264013,2,3,2023
2023-03-16,1560266.0,72068.0,57704.0,65011.083333333336,19,0.9020797487558048,3,3,2023
2023-03-17,1586052.0,71612.0,58157.0,66085.5,10,0.9228271798022678,4,3,2023
2023-03-18,1360534.0,61605.0,48405.0,56688.916666666664,20,0.9201999296593891,5,3,2023
2023-03-19,1265946.0,60568.0,43159.0,52747.75,20,0.8708847906485273,6,3,2023
2023-03-20,1483474.0,69333.0,52370.0,61811.416666666664,20,0.8915151034379972,0,3,2023
2023-03-21,1508021.0,68985.0,56429.0,62834.208333333336,20,0.9108387088980696,1,3,2023
2023-03-22,1520214.0,68792.0,56318.0,63342.25,19,0.9207793057332248,2,3,2023
2023-03-23,1551132.0,71388.0,55699.0,64630.5,10,0.9053412338208102,3,3,2023
2023-03-24,1523359.0,68133.0,55663.0,63473.291666666664,10,0.931608642899427,4,3,2023
2023-03-25,1363017.0,60553.0,54044.0,56792.375,20,0.9378953148481496,5,3,2023
2023-03-26,1227697.0,59275.0,42199.0,51154.041666666664,20,0.8629952200196822,6,3,2023
2023-03-27,1443430.0,69047.0,51231.0,60142.916666666664,20,0.871043154180003,0,3,2023
2023-03-28,1511254.0,69012.0,56805.0,62968.916666666664,20,0.9124343109410923,1,3,2023
2023-03-29,1482836.0,68140.0,55082.0,61784.833333333336,20,0.9067336855493592,2,3,2023
2023-03-30,1479177.0,67833.0,55604.0,61632.375,20,0.9085898456503472,3,3,2023
2023-03-31,1433507.0,65629.0,53050.0,59729.458333333336,20,0.9101077013718529,4,3,2023
2023-04-01,1283423.0,59002.0,45145.0,53475.958333333336,20,0.9063414517022023,5,4,2023
2023-04-02,1194774.0,58205.0,40717.0,49782.25,21,0.8552916416115454,6,4,2023
2023-04-03,1398650.0,67649.0,49332.0,58277.083333333336,20,0.8614625986094893,0,4,2023
2023-04-04,1489470.0,68535.0,54265.0,62061.25,17,0.9055409644707084,1,4,2023
2023-04-05,1562829.0,72292.0,54928.0,65117.875,11,0.9007618408675926,2,4,2023
2023-04-06,1563285.0,70688.0,55417.0,65136.875,17,0.9214700514938886,3,4,2023
2023-04-07,1473495.0,66780.0,55881.0,61395.625,20,0.9193714435459719,4,4,2023
2023-04-08,1293482.0,59967.0,44370.0,53895.083333333336,20,0.8987456990233518,5,4,2023
2023-04-09,1203669.0,58648.0,39835.0,50152.875,21,0.8551506445232574,6,4,2023
2023-04-10,1405098.0,67150.0,50369.0,58545.75,20,0.8718652271034997,0,4,2023
2023-04-11,1514247.0,69385.0,54539.0,63093.625,17,0.9093265835555235,1,4,2023
2023-04-12,1441183.0,67710.0,52541.0,60049.291666666664,20,0.8868600157534583,2,4,2023
2023-04-13,1463344.0,67686.0,55153.0,60972.666666666664,20,0.9008165154783362,3,4,2023
2023-04-14,1488913.0,67403.0,55033.0,62038.041666666664,10,0.9204047544866945,4,4,2023
2023-04-15,1353519.0,59880.0,53363.0,56396.625,20,0.9418274048096192,5,4,2023
2023-04-16,1233505.0,58530.0,44594.0,51396.041666666664,21,0.8781144996867702,6,4,2023
2023-04-17,1403452.0,67016.0,49560.0,58477.166666666664,20,0.8725851537941188,0,4,2023
2023-04-18,1537442.0,71402.0,54170.0,64060.083333333336,11,0.8971749157353203,1,4,2023
2023-04-19,1474096.0,67904.0,54588.0,61420.666666666664,20,0.9045220703738611,2,4,2023
2023-04-20,1492275.0,69019.0,55174.0,62178.125,20,0.9008841768208754,3,4,2023
2023-04-21,1452295.0,65953.0,54872.0,60512.291666666664,20,0.9175062797244502,4,4,2023
2023-04-22,1271839.0,58620.0,45215.0,52993.291666666664,20,0.9040138462413283,5,4,2023
2023-04-23,1220590.0,57975.0,44615.0,50857.916666666664,21,0.8772387523357769,6,4,2023
2023-04-24,1421370.0,66664.0,48452.0,59223.75,20,0.8883917856714268,0,4,2023
2023-04-25,1525579.0,69358.0,54097.0,63565.791666666664,17,0.9164882445668368,1,4,2023
2023-04-26,1456194.0,66959.0,54767.0,60674.75,20,0.9061477919323765,2,4,2023
2023-04-27,1426769.0,66708.0,52433.0,59448.708333333336,20,0.8911780945813595,3,4,2023
2023-04-28,1435273.0,65812.0,54512.0,59803.041666666664,20,0.9086950961324175,4,4,2023
2023-04-29,1355706.0,59105.0,52913.0,56487.75,12,0.955718636325184,5,4,2023
2023-04-30,1157782.0,56344.0,39457.0,48240.916666666664,21,0.8561855151687254,6,4,2023
2023-05-01,1203864.0,58849.0,43792.0,50161.0,21,0.8523679246886098,0,5,2023
2023-05-02,1380572.0,66341.0,49736.0,57523.833333333336,20,0.8670932505288333,1,5,2023
2023-05-03,1441787.0,66914.0,53229.0,60074.458333333336,20,0.8977860886112523,2,5,2023
2023-05-04,1470504.0,66972.0,53713.0,61271.0,17,0.9148748730812877,3,5,2023
2023-05-05,1397032.0,61504.0,52851.0,58209.666666666664,20,0.9464370881026708,4,5,2023
2023-05-06,1310409.0,57640.0,50064.0,54600.375,20,0.9472653539208883,5,5,2023
2023-05-07,1238926.0,57038.0,48329.0,51621.916666666664,21,0.9050442979534111,6,5,2023
2023-05-08,1354247.0,65456.0,48062.0,56426.958333333336,20,0.8620593732176323,0,5,2023
2023-05-09,1411915.0,66833.0,52721.0,58829.791666666664,20,0.8802506496291752,1,5,2023
2023-05-10,1422041.0,66339.0,53743.0,59251.708333333336,20,0.8931655335976324,2,5,2023
2023-05-11,1434144.0,67295.0,53970.0,59756.0,20,0.8879708745077644,3,5,2023
2023-05-12,1440311.0,65469.0,54006.0,60012.958333333336,20,0.9166622116319684,4,5,2023
2023-05-13,1287226.0,59028.0,48064.0,53634.416666666664,21,0.9086266969347879,5,5,2023
2023-05-14,1187316.0,58026.0,42134.0,49471.5,21,0.8525747078895668,6,5,2023
2023-05-15,1397019.0,67563.0,47936.0,58209.125,20,0.8615532910024718,0,5,2023
2023-05-16,1471514.0,69942.0,53800.0,61313.083333333336,19,0.8766275390085119,1,5,2023
2023-05-17,1484501.0,69974.0,53863.0,61854.208333333336,20,0.8839598755728318,2,5,2023
2023-05-18,1548711.0,70912.0,54642.0,64529.625,11,0.9099958399142599,3,5,2023
2023-05-19,1492752.0,67914.0,53852.0,62198.0,20,0.9158347321612628,4,5,2023
2023-05-20,1301729.0,60092.0,49249.0,54238.708333333336,20,0.9025944939980919,5,5,2023
2023-05-21,1224732.0,58588.0,45087.0,51030.5,21,0.8710060080562573,6,5,2023
2023-05-22,1446775.0,67579.0,47901.0,60282.291666666664,11,0.8920269857006861,0,5,2023
2023-05-23,1441128.0,67974.0,53312.0,60047.0,20,0.8833818813075588,1,5,2023
2023-05-24,1475083.0,67877.0,53736.0,61461.791666666664,17,0.9054877449897117,2,5,2023
2023-05-25,1461298.0,68519.0,53803.0,60887.416666666664,17,0.888620917798956,3,5,2023
2023-05-26,1473063.0,68018.0,53678.0,61377.625,17,0.902373268840601,4,5,2023
2023-05-27,1355721.0,60765.0,52765.0,56488.375,21,0.9296202583724184,5,5,2023
2023-05-28,1294870.0,59003.0,48595.0,53952.916666666664,20,0.9144097192798106,6,5,2023
2023-05-29,1406295.0,65013.0,48467.0,58595.625,20,0.9012908956670205,0,5,2023
2023-05-30,1521984.0,72772.0,51364.0,63416.0,17,0.8714340680481504,1,5,2023
2023-05-31,1476160.0,69289.0,54120.0,61506.666666666664,19,0.8876829896039294,2,5,2023
2023-06-01,1533565.0,71202.0,53813.0,63898.541666666664,17,0.8974262193009559,3,6,2023
2023-06-02,1485834.0,68262.0,54340.0,61909.75,19,0.9069431015792095,4,6,2023
2023-06-03,1287343.0,59502.0,48095.0,53639.291666666664,21,0.9014703987541035,5,6,2023
2023-06-04,1212370.0,59372.0,44331.0,50515.416666666664,21,0.8508289541647016,6,6,2023
2023-06-05,1397150.0,65659.0,48203.0,58214.583333333336,20,0.8866200114734208,0,6,2023
2023-06-06,1347044.0,63781.0,51714.0,56126.833333333336,21,0.8799929968694962,1,6,2023
2023-06-07,1481867.0,69540.0,51383.0,61744.458333333336,20,0.8878984517304189,2,6,2023
2023-06-08,1503841.0,70755.0,53742.0,62660.041666666664,17,0.8855917131887028,3,6,2023
2023-06-09,1499004.0,69747.0,54399.0,62458.5,19,0.8955008817583552,4,6,2023
2023-06-10,1363108.0,61953.0,53345.0,56796.166666666664,21,0.9167621691712534,5,6,2023
2023-06-11,1291619.0,62339.0,49044.0,53817.458333333336,21,0.8633032023826711,6,6,2023
2023-06-12,1497367.0,71512.0,49919.0,62390.291666666664,18,0.8724450674944997,0,6,2023
2023-06-13,1544908.0,72258.0,55146.0,64371.166666666664,19,0.8908517626652642,1,6,2023
2023-06-14,1548127.0,71475.0,55828.0,64505.291666666664,17,0.9024874664801212,2,6,2023
2023-06-15,1546407.0,72139.0,55748.0,64433.625,19,0.8931871109940531,3,6,2023
2023-06-16,1543571.0,72163.0,55730.0,64315.458333333336,18,0.8912525578666814,4,6,2023
2023-06-17,1380620.0,63664.0,53322.0,57525.833333333336,20,0.9035849669096088,5,6,2023
2023-06-18,1305976.0,64094.0,49515.0,54415.666666666664,20,0.8489978261095682,6,6,2023
2023-06-19,1591544.0,79351.0,50686.0,66314.33333333333,17,0.8357088547508328,0,6,2023
2023-06-20,1621152.0,76566.0,56368.0,67548.0,15,0.8822192618133375,1,6,2023
2023-06-21,1622015.0,75890.0,56040.0,67583.95833333333,11,0.8905515658628717,2,6,2023
2023-06-22,1579301.0,73402.0,55523.0,65804.20833333333,19,0.8964906723704167,3,6,2023
2023-06-23,1577724.0,73677.0,55813.0,65738.5,18,0.8922526704398931,4,6,2023
2023-06-24,1428300.0,66496.0,54694.0,59512.5,20,0.8949786453320501,5,6,2023
2023-06-25,1382618.0,66484.0,51256.0,57609.083333333336,20,0.8665104887391453,6,6,2023
2023-06-26,1654997.0,79558.0,51741.0,68958.20833333333,17,0.8667664890184937,0,6,2023
2023-06-27,1655947.0,77801.0,57287.0,68997.79166666667,19,0.88684967631093,1,6,2023
2023-06-28,1671012.0,79205.0,57015.0,69625.5,17,0.8790543526292532,2,6,2023
2023-06-29,1719218.0,82196.0,57889.0,71634.08333333333,11,0.8715032767206838,3,6,2023
2023-06-30,1686693.0,79294.0,56664.0,70278.875,11,0.8863076020884304,4,6,2023
2023-07-01,1487168.0,69581.0,55586.0,61965.333333333336,20,0.8905496232208985,5,7,2023
2023-07-02,1417943.0,69809.0,52094.0,59080.958333333336,20,0.8463229430780177,6,7,2023
2023-07-03,1701289.0,84023.0,52783.0,70887.04166666667,17,0.8436623503881874,0,7,2023
2023-07-04,1755155.0,83089.0,59056.0,73131.45833333333,15,0.8801581236184493,1,7,2023
2023-07-05,1675814.0,77283.0,58685.0,69825.58333333333,19,0.9035050830497435,2,7,2023
2023-07-06,1700058.0,82268.0,57644.0,70835.75,17,0.8610364904944815,3,7,2023
2023-07-07,1713704.0,82068.0,58355.0,71404.33333333333,14,0.8700630371561794,4,7,2023
2023-07-08,1502226.0,69633.0,55913.0,62592.75,20,0.8988949205118263,5,7,2023
2023-07-09,1445748.0,68423.0,53241.0,60239.5,20,0.8803984040454234,6,7,2023
2023-07-10,1688431.0,82203.0,53066.0,70351.29166666667,18,0.8558238953160672,0,7,2023
2023-07-11,1754621.0,83533.0,59266.0,73109.20833333333,11,0.8752134884815981,1,7,2023
2023-07-12,1741315.0,82046.0,58452.0,72554.79166666667,17,0.8843184514378114,2,7,2023
2023-07-13,1783087.0,84575.0,59094.0,74295.29166666667,11,0.8784545275396591,3,7,2023
2023-07-14,1776437.0,84380.0,59923.0,74018.20833333333,11,0.8772008572331516,4,7,2023
2023-07-15,1583026.0,70903.0,58422.0,65959.41666666667,12,0.9302768101020644,5,7,2023
2023-07-16,1451901.0,68041.0,53399.0,60495.875,20,0.8891091400773063,6,7,2023
2023-07-17,1687062.0,82555.0,53650.0,70294.25,17,0.8514838592453516,0,7,2023
2023-07-18,1747170.0,82615.0,58512.0,72798.75,15,0.8811807783090237,1,7,2023
2023-07-19,1708740.0,80874.0,58436.0,71197.5,19,0.8803509162400771,2,7,2023
2023-07-20,1742742.0,83731.0,58435.0,72614.25,17,0.8672325661941217,3,7,2023
2023-07-21,1762262.0,84221.0,59501.0,73427.58333333333,17,0.8718441164713472,4,7,2023
2023-07-22,1590081.0,72220.0,58526.0,66253.375,15,0.9173826502353919,5,7,2023
2023-07-23,1510455.0,70370.0,54599.0,62935.625,20,0.8943530623845388,6,7,2023
2023-07-24,1728447.0,83062.0,54472.0,72018.625,17,0.8670466037417832,0,7,2023
2023-07-25,1781429.0,83943.0,59536.0,74226.20833333333,17,0.8842453609393676,1,7,2023
2023-07-26,1794667.0,86054.0,60412.0,74777.79166666667,17,0.8689635771337378,2,7,2023
2023-07-27,1799442.0,87033.0,59995.0,74976.75,18,0.8614749577746372,3,7,2023
2023-07-28,1808947.0,85321.0,60552.0,75372.79166666667,17,0.8834025816231252,4,7,2023
2023-07-29,1611562.0,76405.0,59029.0,67148.41666666667,20,0.878848461051851,5,7,2023
2023-07-30,1529408.0,74605.0,54938.0,63725.333333333336,20,0.8541697384000179,6,7,2023
2023-07-31,1659435.0,80734.0,54645.0,69143.125,19,0.85643130527411,0,7,2023
2023-08-01,1701215.0,82962.0,57053.0,70883.95833333333,20,0.8544147722250347,1,8,2023
2023-08-02,1713635.0,82699.0,57766.0,71401.45833333333,19,0.8633896218011503,2,8,2023
2023-08-03,1753821.0,85990.0,57720.0,73075.875,19,0.8498182928247471,3,8,2023
2023-08-04,1788905.0,86089.0,59513.0,74537.70833333333,19,0.8658215141694448,4,8,2023
2023-08-05,1666882.0,80221.0,59544.0,69453.41666666667,20,0.8657760021274563,5,8,2023
2023-08-06,1643443.0,79971.0,58373.0,68476.79166666667,20,0.8562702938148413,6,8,2023
2023-08-07,1882497.0,93615.0,58738.0,78437.375,17,0.8378718688244405,0,8,2023
2023-08-08,1917612.0,93299.0,63056.0,79900.5,18,0.8563918155607241,1,8,2023
2023-08-09,1879151.0,89935.0,63420.0,78297.95833333333,15,0.870606085876837,2,8,2023
2023-08-10,1721031.0,81651.0,60015.0,71709.625,11,0.8782455205692521,3,8,2023
2023-08-11,1700803.0,80549.0,58093.0,70866.79166666667,17,0.8797972869516278,4,8,2023
2023-08-12,1523356.0,69688.0,57671.0,63473.166666666664,20,0.9108191749894768,5,8,2023
2023-08-13,1455887.0,72148.0,53473.0,60661.958333333336,20,0.8407988902441278,6,8,2023
2023-08-14,1688844.0,82760.0,54397.0,70368.5,18,0.8502718704688256,0,8,2023
2023-08-15,1656570.0,80630.0,58670.0,69023.75,20,0.8560554384224234,1,8,2023
2023-08-16,1779805.0,86140.0,58612.0,74158.54166666667,17,0.8609071472796224,2,8,2023
2023-08-17,1818335.0,86794.0,60708.0,75763.95833333333,18,0.8729170027114009,3,8,2023
2023-08-18,1836518.0,88570.0,61600.0,76521.58333333333,17,0.8639672951714275,4,8,2023
2023-08-19,1659468.0,77513.0,60635.0,69144.5,20,0.8920374646833434,5,8,2023
2023-08-20,1560696.0,76867.0,56431.0,65029.0,20,0.8459937294287536,6,8,2023
2023-08-21,1837502.0,91334.0,56413.0,76562.58333333333,18,0.8382703410924007,0,8,2023
2023-08-22,1881957.0,90322.0,62724.0,78414.875,17,0.8681702685945838,1,8,2023
2023-08-23,1857725.0,87971.0,62519.0,77405.20833333333,17,0.87989460541921,2,8,2023
2023-08-24,1814349.0,86561.0,60509.0,75597.875,16,0.8733479858134726,3,8,2023
2023-08-25,1752103.0,82632.0,60306.0,73004.29166666667,18,0.8834869259689547,4,8,2023
2023-08-26,1534341.0,71966.0,58061.0,63930.875,20,0.8883483172609288,5,8,2023
2023-08-27,1451662.0,71334.0,53423.0,60485.916666666664,20,0.8479254866776945,6,8,2023
2023-08-28,1687425.0,81578.0,53375.0,70309.375,17,0.8618668636151904,0,8,2023
2023-08-29,1767081.0,83947.0,59329.0,73628.375,15,0.8770816705778646,1,8,2023
2023-08-30,1724370.0,81190.0,58687.0,71848.75,11,0.8849458061337603,2,8,2023
2023-08-31,1659174.0,77880.0,57600.0,69132.25,19,0.8876765536723163,3,8,2023
2023-09-01,1626862.0,76397.0,57011.0,67785.91666666667,18,0.8872850591864428,4,9,2023
2023-09-02,1476571.0,68954.0,55651.0,61523.791666666664,20,0.8922439839119799,5,9,2023
2023-09-03,1427850.0,70303.0,52608.0,59493.75,20,0.8462476707964098,6,9,2023
2023-09-04,1720862.0,85567.0,53143.0,71702.58333333333,17,0.8379700507594439,0,9,2023
2023-09-05,1769833.0,85682.0,59806.0,73743.04166666667,18,0.8606596679193608,1,9,2023
2023-09-06,1753182.0,84181.0,60026.0,73049.25,18,0.8677641035388033,2,9,2023
2023-09-07,1684977.0,81665.0,58665.0,70207.375,18,0.8596996877487295,3,9,2023
2023-09-08,1647987.0,78754.0,57758.0,68666.125,18,0.871906506336186,4,9,2023
2023-09-09,1470633.0,69152.0,56349.0,61276.375,20,0.8861113922952337,5,9,2023
2023-09-10,1393457.0,68207.0,52458.0,58060.708333333336,20,0.8512426632652563,6,9,2023
2023-09-11,1655700.0,81913.0,52561.0,68987.5,18,0.8422045340788398,0,9,2023
2023-09-12,1725458.0,82478.0,58656.0,71894.08333333333,17,0.8716758812450996,1,9,2023
2023-09-13,1732670.0,81364.0,59370.0,72194.58333333333,11,0.8873037625157727,2,9,2023
2023-09-14,1695448.0,80149.0,57846.0,70643.66666666667,17,0.8814042179773506,3,9,2023
2023-09-15,1674432.0,78139.0,57790.0,69768.0,17,0.8928703976247456,4,9,2023
2023-09-16,1521828.0,69043.0,56509.0,63409.5,15,0.9184059209478151,5,9,2023
2023-09-17,1411457.0,67762.0,52669.0,58810.708333333336,20,0.8679010113829777,6,9,2023
2023-09-18,1630666.0,79866.0,52223.0,67944.41666666667,18,0.8507301813871568,0,9,2023
2023-09-19,1679115.0,79704.0,57469.0,69963.125,17,0.8777868739335541,1,9,2023
2023-09-20,1694162.0,79940.0,58108.0,70590.08333333333,11,0.8830383204069718,2,9,2023
2023-09-21,1610165.0,74465.0,56414.0,67090.20833333333,17,0.9009629803710915,3,9,2023
2023-09-22,1541045.0,71935.0,55794.0,64210.208333333336,19,0.8926142814114595,4,9,2023
2023-09-23,1383017.0,63395.0,54251.0,57625.708333333336,20,0.908994531640245,5,9,2023
2023-09-24,1274286.0,61853.0,46855.0,53095.25,20,0.8584102630430214,6,9,2023
2023-09-25,1526807.0,74249.0,49562.0,63616.958333333336,17,0.8568055910966254,0,9,2023
2023-09-26,1612184.0,74562.0,55946.0,67174.33333333333,17,0.9009191455880117,1,9,2023
2023-09-27,1541545.0,71537.0,55729.0,64231.041666666664,11,0.8978716142229429,2,9,2023
2023-09-28,1217045.0,56740.0,45710.0,50710.208333333336,19,0.8937294383738692,3,9,2023
2023-09-29,1101412.0,52425.0,40279.0,45892.166666666664,20,0.875387060880623,4,9,2023
2023-09-30,1113176.0,54122.0,41323.0,46382.333333333336,20,0.8569959227917175,5,9,2023
2023-10-01,1089150.0,54323.0,38422.0,45381.25,20,0.8353966091710694,6,10,2023
2023-10-02,1153445.0,57484.0,42044.0,48060.208333333336,19,0.8360623535824462,0,10,2023
2023-10-03,1298345.0,61368.0,46623.0,54097.708333333336,19,0.8815295974014687,1,10,2023
2023-10-04,1440065.0,70315.0,48948.0,60002.708333333336,19,0.853341510820356,2,10,2023
2023-10-05,1431540.0,68749.0,53229.0,59647.5,19,0.8676126198199247,3,10,2023
2023-10-06,1453063.0,68442.0,53308.0,60544.291666666664,19,0.8846072830523167,4,10,2023
2023-10-07,1343482.0,60894.0,52683.0,55978.416666666664,19,0.9192763928575338,5,10,2023
2023-10-08,1263729.0,58651.0,49298.0,52655.375,19,0.8977745477485465,6,10,2023
2023-10-09,1334640.0,63732.0,48149.0,55610.0,19,0.8725600953994853,0,10,2023
2023-10-10,1453284.0,70604.0,51029.0,60553.5,19,0.8576497082318282,1,10,2023
2023-10-11,1484184.0,70443.0,54610.0,61841.0,19,0.8778870860128046,2,10,2023
2023-10-12,1483666.0,70840.0,54795.0,61819.416666666664,19,0.872662572934312,3,10,2023
2023-10-13,1500067.0,69448.0,54915.0,62502.791666666664,19,0.8999941203010405,4,10,2023
2023-10-14,1344512.0,60838.0,52410.0,56021.333333333336,19,0.9208279912773815,5,10,2023
2023-10-15,1247098.0,59651.0,46369.0,51962.416666666664,19,0.8711072180963716,6,10,2023
2023-10-16,1417184.0,69274.0,48982.0,59049.333333333336,19,0.8524025367862883,0,10,2023
2023-10-17,1453365.0,69960.0,53856.0,60556.875,19,0.8655928387650086,1,10,2023
2023-10-18,1466927.0,69700.0,54053.0,61121.958333333336,19,0.8769291009086562,2,10,2023
2023-10-19,1529034.0,70985.0,54175.0,63709.75,19,0.8975100373318307,3,10,2023
2023-10-20,1442212.0,67722.0,54116.0,60092.166666666664,19,0.8873359715700462,4,10,2023
2023-10-21,1309629.0,59888.0,49013.0,54567.875,19,0.9111654254608603,5,10,2023
2023-10-22,1227948.0,58718.0,43731.0,51164.5,19,0.8713597193364897,6,10,2023
2023-10-23,1425070.0,69638.0,48506.0,59377.916666666664,19,0.8526654508553758,0,10,2023
2023-10-24,1488930.0,70197.0,54196.0,62038.75,19,0.8837806458965483,1,10,2023
2023-10-25,1478328.0,69653.0,54378.0,61597.0,19,0.8843409472671673,2,10,2023
2023-10-26,1498258.0,70646.0,54586.0,62427.416666666664,19,0.8836652700318017,3,10,2023
2023-10-27,1472467.0,68296.0,54465.0,61352.791666666664,19,0.8983365302018663,4,10,2023
2023-10-28,1308400.0,59753.0,47144.0,54516.666666666664,19,0.9123670220184202,5,10,2023
2023-10-29,1220201.0,58684.0,43318.0,50841.708333333336,19,0.8663640572103697,6,10,2023
2023-10-30,1419810.0,69602.0,48291.0,59158.75,19,0.8499576161604552,0,10,2023
2023-10-31,1474376.0,69878.0,53842.0,61432.333333333336,19,0.8791369720560597,1,10,2023
2023-11-01,1498650.0,69845.0,53926.0,62443.75,18,0.89403321640776,2,11,2023
2023-11-02,1490154.0,70489.0,54566.0,62089.75,19,0.8808431102725248,3,11,2023
2023-11-03,1488770.0,69323.0,53947.0,62032.083333333336,18,0.894826873235915,4,11,2023
2023-11-04,1364392.0,61037.0,53102.0,56849.666666666664,19,0.9313968030320406,5,11,2023
2023-11-05,1290486.0,60309.0,49106.0,53770.25,19,0.8915792004510106,6,11,2023
2023-11-06,1491858.0,69757.0,49742.0,62160.75,10,0.8911041185830813,0,11,2023
2023-11-07,1485469.0,70456.0,54145.0,61894.541666666664,19,0.87848503557776,1,11,2023
2023-11-08,1488488.0,68456.0,55225.0,62020.333333333336,19,0.9059882747068677,2,11,2023
2023-11-09,1526841.0,69833.0,55320.0,63618.375,18,0.91100733177724,3,11,2023
2023-11-10,1519908.0,70206.0,55156.0,63329.5,19,0.902052531122696,4,11,2023
2023-11-11,1407963.0,63124.0,55556.0,58665.125,19,0.9293632374374248,5,11,2023
2023-11-12,1331413.0,63156.0,49004.0,55475.541666666664,19,0.8783890947283973,6,11,2023
2023-11-13,1567409.0,75186.0,52833.0,65308.708333333336,18,0.8686285789021005,0,11,2023
2023-11-14,1616090.0,74305.0,58799.0,67337.08333333333,18,0.906225467106296,1,11,2023
2023-11-15,1605856.0,73401.0,58670.0,66910.66666666667,9,0.9115770448177364,2,11,2023
2023-11-16,1687359.0,78815.0,58538.0,70306.625,15,0.8920462475417116,3,11,2023
2023-11-17,1661448.0,76618.0,58979.0,69227.0,17,0.9035344174998042,4,11,2023
2023-11-18,1494982.0,66148.0,57610.0,62290.916666666664,19,0.9416900989699865,5,11,2023
2023-11-19,1361323.0,62598.0,50807.0,56721.791666666664,19,0.9061278581850325,6,11,2023
2023-11-20,1571020.0,75162.0,53123.0,65459.166666666664,18,0.8709077281959855,0,11,2023
2023-11-21,1606362.0,74025.0,59487.0,66931.75,9,0.9041776426882809,1,11,2023
2023-11-22,1594494.0,73266.0,58548.0,66437.25,18,0.9067951027761854,2,11,2023
2023-11-23,1569872.0,72557.0,57125.0,65411.333333333336,18,0.9015165088597011,3,11,2023
2023-11-24,1642688.0,76598.0,58319.0,68445.33333333333,18,0.8935655413109131,4,11,2023
2023-11-25,1467257.0,66540.0,52870.0,61135.708333333336,19,0.9187813094880273,5,11,2023
2023-11-26,1387728.0,63720.0,52666.0,57822.0,19,0.9074387947269303,6,11,2023
2023-11-27,1654820.0,79861.0,53235.0,68950.83333333333,11,0.8633855490581551,0,11,2023
2023-11-28,1673346.0,78894.0,58891.0,69722.75,18,0.8837522498542348,1,11,2023
2023-11-29,1731297.0,81146.0,60136.0,72137.375,17,0.888982513001257,2,11,2023
2023-11-30,1747336.0,82716.0,61617.0,72805.66666666667,18,0.8801884359333947,3,11,2023
2023-12-01,1750579.0,81228.0,62158.0,72940.79166666667,10,0.8979759647740517,4,12,2023
2023-12-02,1541610.0,66924.0,61522.0,64233.75,1,0.9598014165321858,5,12,2023
2023-12-03,1393550.0,65368.0,49616.0,58064.583333333336,19,0.8882722942928243,6,12,2023
2023-12-04,1672614.0,79599.0,56322.0,69692.25,18,0.8755417781630422,0,12,2023
2023-12-05,1687443.0,78441.0,61005.0,70310.125,9,0.8963440675157125,1,12,2023
2023-12-06,1715790.0,79102.0,60846.0,71491.25,10,0.9037856185684306,2,12,2023
2023-12-07,1664246.0,77237.0,60404.0,69343.58333333333,9,0.8978026507157623,3,12,2023
2023-12-08,1606388.0,75245.0,60270.0,66932.83333333333,9,0.8895319733315613,4,12,2023
2023-12-09,1419310.0,62483.0,55008.0,59137.916666666664,19,0.9464641049032003,5,12,2023
2023-12-10,1332214.0,61067.0,50310.0,55508.916666666664,19,0.9089838483414392,6,12,2023
2023-12-11,1605431.0,76893.0,51456.0,66892.95833333333,15,0.8699486082391548,0,12,2023
2023-12-12,1661771.0,76995.0,57602.0,69240.45833333333,10,0.8992851267398315,1,12,2023
2023-12-13,1633693.0,75581.0,59245.0,68070.54166666667,9,0.9006303391945948,2,12,2023
2023-12-14,1675707.0,77896.0,58206.0,69821.125,15,0.8963377451987266,3,12,2023
2023-12-15,1677931.0,78513.0,58389.0,69913.79166666667,11,0.8904740828482757,4,12,2023
2023-12-16,1569310.0,70383.0,58577.0,65387.916666666664,19,0.929029974094123,5,12,2023
2023-12-17,1532006.0,70703.0,59850.0,63833.583333333336,19,0.902841227859261,6,12,2023
2023-12-18,1852565.0,88869.0,60324.0,77190.20833333333,11,0.8685841894623921,0,12,2023
2023-12-19,1875846.0,88580.0,65399.0,78160.25,10,0.8823690449311357,1,12,2023
2023-12-20,1904981.0,89230.0,64906.0,79374.20833333333,17,0.8895462101684785,2,12,2023
2023-12-21,1949754.0,91556.0,67921.0,81239.75,10,0.8873230591113636,3,12,2023
2023-12-22,1937999.0,91391.0,68695.0,80749.95833333333,10,0.8835657595751587,4,12,2023
2023-12-23,1675547.0,73369.0,66108.0,69814.45833333333,19,0.9515525403553725,5,12,2023
2023-12-24,1523978.0,68643.0,58164.0,63499.083333333336,19,0.92506276435082,6,12,2023
2023-12-25,1556375.0,71050.0,58781.0,64848.958333333336,19,0.9127228477597936,0,12,2023
2023-12-26,1762097.0,84106.0,59912.0,73420.70833333333,10,0.872954466189491,1,12,2023
2023-12-27,1743689.0,82383.0,62728.0,72653.70833333333,10,0.8819017070673966,2,12,2023
2023-12-28,1732156.0,81745.0,62071.0,72173.16666666667,10,0.8829061920198994,3,12,2023
2023-12-29,1664443.0,78244.0,61386.0,69351.79166666667,9,0.8863528406863999,4,12,2023
2023-12-30,1511358.0,66025.0,59103.0,62973.25,18,0.9537788716395305,5,12,2023
2023-12-31,1420457.0,63589.0,54552.0,59185.708333333336,19,0.930753877767119,6,12,2023
2024-01-01,1367700.0,63132.0,50820.0,56987.5,19,0.9026721789266933,0,1,2024
2024-01-02,1682514.0,80460.0,54013.0,70104.75,10,0.8712994034302759,1,1,2024
2024-01-03,1766042.0,83422.0,61194.0,73585.08333333333,10,0.8820824642580294,2,1,2024
2024-01-04,1747362.0,81728.0,63179.0,72806.75,9,0.8908421838292874,3,1,2024
2024-01-05,1719286.0,80632.0,62320.0,71636.91666666667,10,0.8884427605251844,4,1,2024
2024-01-06,1512728.0,67965.0,54820.0,63030.333333333336,19,0.9273940018146596,5,1,2024
2024-01-07,1476307.0,69798.0,53402.0,61512.791666666664,19,0.8812973389877455,6,1,2024
2024-01-08,1772497.0,84150.0,60279.0,73854.04166666667,10,0.8776475539710834,0,1,2024
2024-01-09,1858210.0,88214.0,64513.0,77425.41666666667,11,0.8776998737917641,1,1,2024
2024-01-10,1801723.0,85081.0,64105.0,75071.79166666667,10,0.8823567149735743,2,1,2024
2024-01-11,1785778.0,84185.0,64253.0,74407.41666666667,10,0.8838559917641703,3,1,2024
2024-01-12,1715241.0,80506.0,62857.0,71468.375,9,0.8877397336844459,4,1,2024
2024-01-13,1525374.0,68211.0,55138.0,63557.25,19,0.9317742006421251,5,1,2024
2024-01-14,1472300.0,66854.0,56090.0,61345.833333333336,19,0.9176090186575723,6,1,2024
2024-01-15,1723773.0,81436.0,58201.0,71823.875,18,0.8819671275602927,0,1,2024
2024-01-16,1785254.0,83487.0,64922.0,74385.58333333333,9,0.8909840254570571,1,1,2024
2024-01-17,1827136.0,86162.0,63339.0,76130.66666666667,11,0.8835758996618773,2,1,2024
2024-01-18,1766225.0,82978.0,62408.0,73592.70833333333,11,0.8868942169410365,3,1,2024
2024-01-19,1729810.0,81003.0,61529.0,72075.41666666667,10,0.8897870037735228,4,1,2024
2024-01-20,1575336.0,69500.0,60364.0,65639.0,11,0.9444460431654677,5,1,2024
2024-01-21,1462966.0,66867.0,56718.0,60956.916666666664,19,0.9116143488816107,6,1,2024
2024-01-22,1813767.0,86746.0,57916.0,75573.625,18,0.8712058769280427,0,1,2024
2024-01-23,1922721.0,89231.0,67259.0,80113.375,17,0.8978199840862481,1,1,2024
2024-01-24,1895340.0,88055.0,68210.0,78972.5,10,0.8968542388280052,2,1,2024
2024-01-25,1855553.0,86788.0,67204.0,77314.70833333333,10,0.8908456046150773,3,1,2024
2024-01-26,1797676.0,84354.0,66358.0,74903.16666666667,9,0.8879622385028175,4,1,2024
2024-01-27,1550379.0,69125.0,56575.0,64599.125,19,0.9345262206148283,5,1,2024
2024-01-28,1456849.0,67741.0,54077.0,60702.041666666664,19,0.8960901325145283,6,1,2024
2024-01-29,1718029.0,82039.0,58843.0,71584.54166666667,10,0.8725672139673408,0,1,2024
2024-01-30,1743677.0,82692.0,63963.0,72653.20833333333,9,0.8786002071945693,1,1,2024
2024-01-31,1685794.0,80671.0,62178.0,70241.41666666667,10,0.870714589712123,2,1,2024
2024-02-01,1735890.0,81677.0,60780.0,72328.75,10,0.885546114573258,3,2,2024
2024-02-02,1692058.0,79921.0,60981.0,70502.41666666667,10,0.8821513327744481,4,2,2024
2024-02-03,1540323.0,66832.0,60362.0,64180.125,19,0.9603202807038544,5,2,2024
2024-02-04,1408088.0,64807.0,52851.0,58670.333333333336,19,0.9053085829205694,6,2,2024
2024-02-05,1716712.0,82573.0,55012.0,71529.66666666667,11,0.8662597539954546,0,2,2024
2024-02-06,1772986.0,83641.0,61581.0,73874.41666666667,10,0.8832321070607319,1,2,2024
2024-02-07,1718188.0,79115.0,62275.0,71591.16666666667,9,0.9049000400261223,2,2,2024
2024-02-08,1608728.0,77521.0,62152.0,67030.33333333333,9,0.8646732283295279,3,2,2024
2024-02-09,1300414.0,62755.0,44245.0,54183.916666666664,1,0.8634199134199134,4,2,2024
2024-02-10,1203635.0,57179.0,39258.0,50151.458333333336,24,0.877095757766546,5,2,2024
2024-02-11,1247091.0,58509.0,45529.0,51962.125,20,0.888104821480456,6,2,2024
2024-02-12,1270429.0,61340.0,43546.0,52934.541666666664,20,0.8629693783284426,0,2,2024
2024-02-13,1517889.0,71718.0,52221.0,63245.375,9,0.8818619453972504,1,2,2024
2024-02-14,1604997.0,75951.0,56876.0,66874.875,10,0.88050025674448,2,2,2024
2024-02-15,1677870.0,78957.0,57295.0,69911.25,15,0.8854344769938067,3,2,2024
2024-02-16,1621395.0,75965.0,60488.0,67558.125,9,0.889332258276838,4,2,2024
2024-02-17,1423231.0,64340.0,49923.0,59301.291666666664,1,0.9216862242254689,5,2,2024
2024-02-18,1400193.0,63128.0,54875.0,58341.375,20,0.9241758807502217,6,2,2024
2024-02-19,1613872.0,76849.0,52551.0,67244.66666666667,11,0.8750233141181625,0,2,2024
2024-02-20,1703899.0,79989.0,58296.0,70995.79166666667,15,0.8875694366308702,1,2,2024
2024-02-21,1739928.0,81790.0,59338.0,72497.0,11,0.8863797530260423,2,2,2024
2024-02-22,1776686.0,84093.0,61257.0,74028.58333333333,11,0.8803180209212815,3,2,2024
2024-02-23,1721770.0,81368.0,61698.0,71740.41666666667,10,0.8816785058827386,4,2,2024
2024-02-24,1514518.0,66189.0,59468.0,63104.916666666664,19,0.9534048960804161,5,2,2024
2024-02-25,1420772.0,63998.0,56039.0,59198.833333333336,20,0.9250106774170026,6,2,2024
2024-02-26,1608019.0,74935.0,55375.0,67000.79166666667,9,0.8941187918418185,0,2,2024
2024-02-27,1650653.0,75933.0,60078.0,68777.20833333333,9,0.9057617680499036,1,2,2024
2024-02-28,1620127.0,74394.0,59569.0,67505.29166666667,9,0.9074023666783164,2,2,2024
2024-02-29,1685415.0,79171.0,59276.0,70225.625,11,0.8870119740814187,3,2,2024
2024-03-01,1501206.0,70870.0,52479.0,62550.25,20,0.882605474813038,4,3,2024
2024-03-02,1445986.0,66510.0,51878.0,60249.416666666664,20,0.9058700446048213,5,3,2024
2024-03-03,1384473.0,64502.0,51710.0,57686.375,20,0.8943346717931226,6,3,2024
2024-03-04,1611936.0,76456.0,55216.0,67164.0,9,0.8784660458302814,0,3,2024
2024-03-05,1720330.0,81691.0,58851.0,71680.41666666667,11,0.8774579411032631,1,3,2024
2024-03-06,1647517.0,75397.0,59781.0,68646.54166666667,9,0.9104678126008551,2,3,2024
2024-03-07,1672391.0,77363.0,59584.0,69682.95833333333,10,0.90072719947951,3,3,2024
2024-03-08,1623221.0,74464.0,60961.0,67634.20833333333,19,0.9082806232989542,4,3,2024
2024-03-09,1425938.0,65322.0,49837.0,59414.083333333336,20,0.9095570149923967,5,3,2024
2024-03-10,1321965.0,63464.0,44464.0,55081.875,20,0.8679231532837515,6,3,2024
2024-03-11,1627438.0,74908.0,54387.0,67809.91666666667,10,0.9052426532101601,0,3,2024
2024-03-12,1680007.0,78213.0,59252.0,70000.29166666667,10,0.8949956102779163,1,3,2024
2024-03-13,1588138.0,73868.0,58881.0,66172.41666666667,9,0.8958197956715583,2,3,2024
2024-03-14,1577691.0,73172.0,58671.0,65737.125,9,0.8983918028754169,3,3,2024
2024-03-15,1530682.0,70500.0,56447.0,63778.416666666664,9,0.9046583924349881,4,3,2024
2024-03-16,1363691.0,62121.0,46776.0,56820.458333333336,20,0.914673915959713,5,3,2024
2024-03-17,1281184.0,61659.0,44521.0,53382.666666666664,20,0.8657725014461257,6,3,2024
2024-03-18,1496429.0,71342.0,52671.0,62351.208333333336,19,0.8739761757917263,0,3,2024
2024-03-19,1599910.0,73424.0,57255.0,66662.91666666667,9,0.9079172568460813,1,3,2024
2024-03-20,1578733.0,72438.0,58822.0,65780.54166666667,20,0.9080943933662812,2,3,2024
2024-03-21,1560268.0,72439.0,57686.0,65011.166666666664,20,0.8974608521192543,3,3,2024
2024-03-22,1549450.0,70498.0,57741.0,64560.416666666664,17,0.9157765704937255,4,3,2024
2024-03-23,1325428.0,60972.0,45673.0,55226.166666666664,20,0.905762754488399,5,3,2024
2024-03-24,1281520.0,59839.0,49589.0,53396.666666666664,20,0.8923388871248962,6,3,2024
2024-03-25,1548362.0,72997.0,50063.0,64515.083333333336,17,0.8838045855765763,0,3,2024
2024-03-26,1580896.0,74182.0,56579.0,65870.66666666667,10,0.8879602419275117,1,3,2024
2024-03-27,1522441.0,69829.0,56929.0,63435.041666666664,20,0.9084340555738541,2,3,2024
2024-03-28,1617830.0,75842.0,55935.0,67409.58333333333,11,0.88881600344576,3,3,2024
2024-03-29,1551990.0,69967.0,56758.0,64666.25,14,0.924239284233996,4,3,2024
2024-03-30,1338790.0,60199.0,49849.0,55782.916666666664,20,0.9266419154249517,5,3,2024
2024-03-31,1210859.0,58369.0,41212.0,50452.458333333336,20,0.8643707847201997,6,3,2024
2024-04-01,1393119.0,67349.0,49356.0,58046.625,20,0.8618780531262528,0,4,2024
2024-04-02,1459634.0,67742.0,54525.0,60818.083333333336,20,0.8977898989302551,1,4,2024
2024-04-03,1541403.0,71199.0,54041.0,64225.125,11,0.9020509417267096,2,4,2024
2024-04-04,1509818.0,68151.0,54562.0,62909.083333333336,20,0.9230837894283772,3,4,2024
2024-04-05,1435098.0,65933.0,54001.0,59795.75,20,0.9069168701560675,4,4,2024
2024-04-06,1290396.0,58937.0,49250.0,53766.5,20,0.9122707297622885,5,4,2024
2024-04-07,1171329.0,57502.0,39887.0,48805.375,20,0.8487596083614483,6,4,2024
2024-04-08,1415858.0,67383.0,47710.0,58994.083333333336,20,0.8755039599503337,0,4,2024
2024-04-09,1412525.0,66950.0,52097.0,58855.208333333336,20,0.8790919840677123,1,4,2024
2024-04-10,1310377.0,62161.0,47150.0,54599.041666666664,20,0.8783488307245164,2,4,2024
2024-04-11,1426244.0,66663.0,51065.0,59426.833333333336,20,0.8914515298341409,3,4,2024
2024-04-12,1380674.0,64816.0,50683.0,57528.083333333336,20,0.8875599131901588,4,4,2024
2024-04-13,1234887.0,58314.0,42792.0,51453.625,20,0.8823545803752101,5,4,2024
2024-04-14,1176785.0,58115.0,41123.0,49032.708333333336,20,0.843718632596289,6,4,2024
2024-04-15,1463030.0,68634.0,47475.0,60959.583333333336,11,0.888183456207322,0,4,2024
2024-04-16,1435783.0,67321.0,52963.0,59824.291666666664,20,0.8886423503314963,1,4,2024
2024-04-17,1404996.0,66182.0,51914.0,58541.5,20,0.8845532017769182,2,4,2024
2024-04-18,1397393.0,66740.0,51582.0,58224.708333333336,20,0.8724109729297773,3,4,2024
2024-04-19,1381865.0,65136.0,51450.0,57577.708333333336,20,0.8839613782444936,4,4,2024
2024-04-20,1349120.0,59338.0,51789.0,56213.333333333336,20,0.9473412203534554,5,4,2024
2024-04-21,1278783.0,58279.0,49654.0,53282.625,20,0.9142680039122154,6,4,2024
2024-04-22,1408179.0,66730.0,47494.0,58674.125,20,0.8792765622658475,0,4,2024
2024-04-23,1421587.0,66991.0,52333.0,59232.791666666664,20,0.8841902892428336,1,4,2024
2024-04-24,1442166.0,66215.0,52834.0,60090.25,20,0.9075020765687533,2,4,2024
2024-04-25,1399026.0,66552.0,50690.0,58292.75,20,0.8758977942060344,3,4,2024
2024-04-26,1405505.0,65026.0,52981.0,58562.708333333336,20,0.9006045017890281,4,4,2024
2024-04-27,1222453.0,57999.0,42001.0,50935.541666666664,20,0.8782141358759059,5,4,2024
2024-04-28,1167194.0,58003.0,40712.0,48633.083333333336,20,0.8384580682608371,6,4,2024
2024-04-29,1437642.0,67228.0,47463.0,59901.75,19,0.8910238293568156,0,4,2024
2024-04-30,1434864.0,66065.0,52696.0,59786.0,20,0.9049572390827215,1,4,2024
2024-05-01,1302368.0,60711.0,48440.0,54265.333333333336,20,0.8938303327787935,2,5,2024
2024-05-02,1370974.0,66858.0,50114.0,57123.916666666664,20,0.8544066030492486,3,5,2024
2024-05-03,1378278.0,65403.0,51256.0,57428.25,20,0.8780675198385395,4,5,2024
2024-05-04,1229908.0,57871.0,43756.0,51246.166666666664,20,0.8855241254975146,5,5,2024
2024-05-05,1256932.0,57151.0,47620.0,52372.166666666664,20,0.9163823321843304,6,5,2024
2024-05-06,1289163.0,60134.0,47091.0,53715.125,20,0.8932571423820135,0,5,2024
2024-05-07,1456558.0,67765.0,48682.0,60689.916666666664,17,0.8955938414619149,1,5,2024
2024-05-08,1393569.0,65047.0,52495.0,58065.375,20,0.8926679939120943,2,5,2024
2024-05-09,1385074.0,66481.0,50808.0,57711.416666666664,20,0.8680888775239041,3,5,2024
2024-05-10,1380373.0,65342.0,50962.0,57515.541666666664,20,0.8802231591727627,4,5,2024
2024-05-11,1310811.0,60042.0,50459.0,54617.125,20,0.9096486626028447,5,5,2024
2024-05-12,1166397.0,57019.0,41100.0,48599.875,21,0.8523452708746208,6,5,2024
2024-05-13,1334055.0,66062.0,47033.0,55585.625,20,0.8414160182858527,0,5,2024
2024-05-14,1383455.0,66155.0,51340.0,57643.958333333336,20,0.8713469629405689,1,5,2024
2024-05-15,1327090.0,61854.0,49299.0,55295.416666666664,20,0.8939667065455211,2,5,2024
2024-05-16,1346119.0,65411.0,49045.0,56088.291666666664,20,0.8574749150244861,3,5,2024
2024-05-17,1370943.0,64407.0,51523.0,57122.625,20,0.8869008803390935,4,5,2024
2024-05-18,1232011.0,58755.0,43852.0,51333.791666666664,21,0.8736923098743369,5,5,2024
2024-05-19,1173577.0,58903.0,41707.0,48899.041666666664,21,0.8301621592561782,6,5,2024
2024-05-20,1414674.0,68764.0,47640.0,58944.75,20,0.8572036239892967,0,5,2024
2024-05-21,1459821.0,69074.0,53368.0,60825.875,20,0.8805900193994846,1,5,2024
2024-05-22,1454512.0,68837.0,53755.0,60604.666666666664,20,0.8804083075477819,2,5,2024
2024-05-23,1461132.0,69899.0,53570.0,60880.5,20,0.8709781255811957,3,5,2024
2024-05-24,1455370.0,67481.0,53668.0,60640.416666666664,20,0.8986294907702415,4,5,2024
2024-05-25,1298124.0,59700.0,49840.0,54088.5,20,0.9060050251256282,5,5,2024
2024-05-26,1241126.0,59436.0,45364.0,51713.583333333336,20,0.8700717298158244,6,5,2024
2024-05-27,1390442.0,67126.0,48125.0,57935.083333333336,20,0.8630796313400669,0,5,2024
2024-05-28,1442609.0,68694.0,52834.0,60108.708333333336,20,0.8750212294135344,1,5,2024
2024-05-29,1442730.0,68823.0,52733.0,60113.75,20,0.8734543684524069,2,5,2024
2024-05-30,1487678.0,69571.0,52770.0,61986.583333333336,17,0.8909830724487694,3,5,2024
2024-05-31,1422517.0,66428.0,52799.0,59271.541666666664,20,0.8922674424439493,4,5,2024
2024-06-01,1273959.0,59085.0,47482.0,53081.625,21,0.8983942625031734,5,6,2024
2024-06-02,1188873.0,58661.0,42660.0,49536.375,21,0.8444515947563117,6,6,2024
2024-06-03,1397893.0,68493.0,47602.0,58245.541666666664,19,0.8503867791842475,0,6,2024
2024-06-04,1446937.0,69279.0,52707.0,60289.041666666664,20,0.8702354489335392,1,6,2024
2024-06-05,1479510.0,69421.0,53518.0,61646.25,17,0.8880057907549589,2,6,2024
2024-06-06,1388335.0,65329.0,53152.0,57847.291666666664,20,0.8854764601733788,3,6,2024
2024-06-07,1439832.0,67558.0,51737.0,59993.0,19,0.8880221439355813,4,6,2024
2024-06-08,1351814.0,60509.0,51511.0,56325.583333333336,21,0.9308629019374529,5,6,2024
2024-06-09,1239956.0,60934.0,46586.0,51664.833333333336,21,0.8478818612487828,6,6,2024
2024-06-10,1476293.0,72134.0,48548.0,61512.208333333336,20,0.8527491659041968,0,6,2024
2024-06-11,1555456.0,74244.0,54530.0,64810.666666666664,17,0.8729414722626295,1,6,2024
2024-06-12,1555252.0,74251.0,54792.0,64802.166666666664,18,0.8727446992857559,2,6,2024
2024-06-13,1582401.0,76144.0,55150.0,65933.375,19,0.8659037481613785,3,6,2024
2024-06-14,1592342.0,75619.0,55399.0,66347.58333333333,17,0.8773930273255839,4,6,2024
2024-06-15,1435874.0,66114.0,54939.0,59828.083333333336,20,0.904923062185518,5,6,2024
2024-06-16,1300800.0,63577.0,48483.0,54200.0,21,0.8525095553423407,6,6,2024
2024-06-17,1535984.0,73958.0,50069.0,63999.333333333336,17,0.8653469987470367,0,6,2024
2024-06-18,1576419.0,76826.0,54713.0,65684.125,19,0.8549726004217322,1,6,2024
2024-06-19,1644315.0,80077.0,55976.0,68513.125,18,0.8555905565892828,2,6,2024
2024-06-20,1671446.0,79731.0,56358.0,69643.58333333333,17,0.8734818744695705,3,6,2024
2024-06-21,1631700.0,77749.0,56308.0,67987.5,17,0.8744485459620059,4,6,2024
2024-06-22,1531921.0,68355.0,56557.0,63830.041666666664,12,0.933802087143101,5,6,2024
2024-06-23,1410284.0,66868.0,52417.0,58761.833333333336,21,0.8787736037167754,6,6,2024
2024-06-24,1594570.0,76628.0,51758.0,66440.41666666667,17,0.8670514259365594,0,6,2024
2024-06-25,1561824.0,73022.0,55409.0,65076.0,19,0.8911834789515488,1,6,2024
2024-06-26,1566228.0,74719.0,55181.0,65259.5,19,0.8733990015926337,2,6,2024
2024-06-27,1618978.0,76144.0,55539.0,67457.41666666667,17,0.885919004342649,3,6,2024
2024-06-28,1573943.0,74741.0,55028.0,65580.95833333333,19,0.8774428805251914,4,6,2024
2024-06-29,1478461.0,68360.0,54178.0,61602.541666666664,19,0.9011489418763409,5,6,2024
2024-06-30,1418301.0,65856.0,52652.0,59095.875,20,0.897349899781341,6,6,2024
2024-07-01,1599201.0,78373.0,51237.0,66633.375,19,0.8502082987763643,0,7,2024
2024-07-02,1698307.0,79801.0,57407.0,70762.79166666667,11,0.8867406632331258,1,7,2024
2024-07-03,1677711.0,77555.0,58219.0,69904.625,20,0.9013554896525047,2,7,2024
2024-07-04,1698506.0,81970.0,57967.0,70771.08333333333,19,0.8633778618193647,3,7,2024
2024-07-05,1667692.0,77102.0,58554.0,69487.16666666667,19,0.9012368896613145,4,7,2024
2024-07-06,1540452.0,72015.0,56507.0,64185.5,20,0.8912795945289176,5,7,2024
2024-07-07,1474392.0,70129.0,53115.0,61433.0,20,0.8759999429622553,6,7,2024
2024-07-08,1719622.0,83021.0,53722.0,71650.91666666667,11,0.8630456952658565,0,7,2024
2024-07-09,1743614.0,82246.0,58335.0,72650.58333333333,11,0.8833327254010326,1,7,2024
2024-07-10,1715953.0,80964.0,58210.0,71498.04166666667,17,0.8830843543632562,2,7,2024
2024-07-11,1699081.0,79983.0,57946.0,70795.04166666667,17,0.8851261101317364,3,7,2024
2024-07-12,1670825.0,78463.0,57583.0,69617.70833333333,19,0.8872679904328579,4,7,2024
2024-07-13,1522796.0,71353.0,56465.0,63449.833333333336,20,0.8892384809795431,5,7,2024
2024-07-14,1453828.0,69336.0,53525.0,60576.166666666664,20,0.8736611091881081,6,7,2024
2024-07-15,1694887.0,82759.0,52868.0,70620.29166666667,17,0.8533246132344117,0,7,2024
2024-07-16,1766358.0,83678.0,58785.0,73598.25,15,0.8795412175243195,1,7,2024
2024-07-17,1771562.0,84204.0,58884.0,73815.08333333333,17,0.8766220527924247,2,7,2024
2024-07-18,1788656.0,84567.0,60012.0,74527.33333333333,11,0.8812815085474633,3,7,2024
2024-07-19,1755500.0,82174.0,59351.0,73145.83333333333,11,0.8901335377775613,4,7,2024
2024-07-20,1584933.0,74657.0,57695.0,66038.875,20,0.88456373816253,5,7,2024
2024-07-21,1500419.0,74740.0,54416.0,62517.458333333336,20,0.8364658594237803,6,7,2024
2024-07-22,1787083.0,86921.0,55778.0,74461.79166666667,19,0.8566605500013422,0,7,2024
2024-07-23,1850509.0,87645.0,61405.0,77104.54166666667,17,0.8797369121646035,1,7,2024
2024-07-24,1837413.0,87552.0,60773.0,76558.875,17,0.8744389048793859,2,7,2024
2024-07-25,1859560.0,90254.0,61420.0,77481.66666666667,17,0.858484573167579,3,7,2024
2024-07-26,1852712.0,88660.0,61176.0,77196.33333333333,16,0.8707008045717722,4,7,2024
2024-07-27,1659937.0,77483.0,59873.0,69164.04166666667,20,0.8926350511294951,5,7,2024
2024-07-28,1549568.0,76431.0,56134.0,64565.333333333336,20,0.8447532196796239,6,7,2024
2024-07-29,1708358.0,82616.0,55417.0,71181.58333333333,19,0.8615956150543881,0,7,2024
2024-07-30,1732197.0,84530.0,57604.0,72174.875,19,0.8538373950076896,1,7,2024
2024-07-31,1719892.0,84794.0,57247.0,71662.16666666667,19,0.845132517237855,2,7,2024
2024-08-01,1733127.0,85215.0,57694.0,72213.625,20,0.847428563046412,3,8,2024
2024-08-02,1758443.0,85301.0,58741.0,73268.45833333333,19,0.858940203905386,4,8,2024
2024-08-03,1659761.0,80942.0,58843.0,69156.70833333333,20,0.8543983140190918,5,8,2024
2024-08-04,1641937.0,81926.0,57775.0,68414.04166666667,20,0.8350711821237052,6,8,2024
2024-08-05,1867798.0,93841.0,58790.0,77824.91666666667,17,0.8293274439388612,0,8,2024
2024-08-06,1872492.0,91799.0,61396.0,78020.5,19,0.8499057723940348,1,8,2024
2024-08-07,1903427.0,92326.0,62717.0,79309.45833333333,19,0.8590154272180461,2,8,2024
2024-08-08,1906974.0,90615.0,63549.0,79457.25,18,0.8768664128455553,3,8,2024
2024-08-09,1868965.0,89962.0,62285.0,77873.54166666667,18,0.8656270610554087,4,8,2024
2024-08-10,1703168.0,81106.0,61345.0,70965.33333333333,20,0.8749702036018707,5,8,2024
2024-08-11,1619592.0,81183.0,58397.0,67483.0,20,0.8312454577928877,6,8,2024
2024-08-12,1895021.0,94489.0,58896.0,78959.20833333333,19,0.8356444489129246,0,8,2024
2024-08-13,1945949.0,94639.0,64278.0,81081.20833333333,18,0.8567420231969202,1,8,2024
2024-08-14,1932243.0,93508.0,64166.0,80510.125,17,0.8609971874064252,2,8,2024
2024-08-15,1782745.0,85140.0,63451.0,74281.04166666667,20,0.8724576188238979,3,8,2024
2024-08-16,1856084.0,90358.0,61180.0,77336.83333333333,17,0.8558935936312593,4,8,2024
2024-08-17,1702149.0,80794.0,61080.0,70922.875,20,0.8778235388766492,5,8,2024
2024-08-18,1610782.0,80336.0,57961.0,67115.91666666667,20,0.8354401098718716,6,8,2024
2024-08-19,1901146.0,95611.0,58007.0,79214.41666666667,18,0.8285073544536369,0,8,2024
2024-08-20,1996866.0,97115.0,64535.0,83202.75,17,0.8567445811666581,1,8,2024
2024-08-21,1965009.0,92623.0,64698.0,81875.375,17,0.8839637563024303,2,8,2024
2024-08-22,1950356.0,93224.0,63878.0,81264.83333333333,17,0.8717157956463285,3,8,2024
2024-08-23,1880378.0,90221.0,63124.0,78349.08333333333,17,0.8684129341653642,4,8,2024
2024-08-24,1691591.0,80368.0,61758.0,70482.95833333333,20,0.8770027664410378,5,8,2024
2024-08-25,1602520.0,78726.0,57675.0,66771.66666666667,20,0.8481526645157467,6,8,2024
2024-08-26,1860856.0,92012.0,57710.0,77535.66666666667,17,0.8426690721500095,0,8,2024
2024-08-27,1857833.0,87744.0,62596.0,77409.70833333333,17,0.8822222412168733,1,8,2024
2024-08-28,1793975.0,87061.0,60124.0,74748.95833333333,19,0.8585814352388937,2,8,2024
2024-08-29,1817005.0,89132.0,60377.0,75708.54166666667,18,0.8493979902466754,3,8,2024
2024-08-30,1809520.0,88156.0,60848.0,75396.66666666667,18,0.8552641529409986,4,8,2024
2024-08-31,1586094.0,76281.0,59172.0,66087.25,20,0.8663658053774859,5,8,2024
2024-09-01,1487290.0,73547.0,55230.0,61970.416666666664,20,0.8425961176753187,6,9,2024
2024-09-02,1733992.0,84912.0,54509.0,72249.66666666667,17,0.8508769863702029,0,9,2024
2024-09-03,1747443.0,84302.0,59631.0,72810.125,18,0.86368205973761,1,9,2024
2024-09-04,1733195.0,85207.0,58825.0,72216.45833333333,18,0.8475413796206102,2,9,2024
2024-09-05,1793537.0,87371.0,60154.0,74730.70833333333,17,0.8553262333421081,3,9,2024
2024-09-06,1793719.0,84423.0,61283.0,74738.29166666667,11,0.8852835325286553,4,9,2024
2024-09-07,1593023.0,74180.0,58351.0,66375.95833333333,20,0.8947958793924687,5,9,2024
2024-09-08,1489870.0,74309.0,54789.0,62077.916666666664,20,0.8354023963001341,6,9,2024
2024-09-09,1787931.0,90240.0,54788.0,74497.125,18,0.8255443816489362,0,9,2024
2024-09-10,1869669.0,93085.0,61485.0,77902.875,18,0.8369004136004727,1,9,2024
2024-09-11,1916688.0,93246.0,62559.0,79862.0,17,0.8564656928983548,2,9,2024
2024-09-12,1875677.0,89018.0,62524.0,78153.20833333333,17,0.8779483737371467,3,9,2024
2024-09-13,1817387.0,85664.0,61362.0,75724.45833333333,19,0.8839706099800771,4,9,2024
2024-09-14,1603317.0,76464.0,59364.0,66804.875,20,0.8736774822138522,5,9,2024
2024-09-15,1496610.0,72823.0,54807.0,62358.75,19,0.8563057001222142,6,9,2024
2024-09-16,1400805.0,68399.0,50613.0,58366.875,20,0.8533293615403734,0,9,2024
2024-09-17,1362877.0,68290.0,49480.0,56786.541666666664,20,0.8315498852931127,1,9,2024
2024-09-18,1474374.0,74274.0,50767.0,61432.25,20,0.8271030239383903,2,9,2024
2024-09-19,1752301.0,88237.0,52612.0,73012.54166666667,17,0.8274594746723786,3,9,2024
2024-09-20,1812977.0,87933.0,59028.0,75540.70833333333,11,0.859071205728604,4,9,2024
2024-09-21,1515698.0,67880.0,56684.0,63154.083333333336,11,0.9303783637792182,5,9,2024
2024-09-22,1334072.0,63076.0,50732.0,55586.333333333336,20,0.8812596444500814,6,9,2024
2024-09-23,1471016.0,72500.0,49581.0,61292.333333333336,19,0.8454114942528737,0,9,2024
2024-09-24,1504593.0,73547.0,53300.0,62691.375,19,0.8523988062055556,1,9,2024
2024-09-25,1559779.0,75063.0,54283.0,64990.791666666664,19,0.8658166029424172,2,9,2024
2024-09-26,1598200.0,76973.0,55206.0,66591.66666666667,17,0.8651301971687042,3,9,2024
2024-09-27,1572953.0,74594.0,55386.0,65539.70833333333,17,0.8786190354898964,4,9,2024
2024-09-28,1389453.0,64871.0,54004.0,57893.875,19,0.8924461623838079,5,9,2024
2024-09-29,1282373.0,63092.0,47865.0,53432.208333333336,19,0.8468935575561614,6,9,2024
2024-09-30,1489804.0,74029.0,49179.0,62075.166666666664,18,0.8385249924579106,0,9,2024
2024-10-01,1456784.0,66345.0,53654.0,60699.333333333336,19,0.9149044137965685,1,10,2024
2024-10-02,1398848.0,67385.0,51375.0,58285.333333333336,19,0.8649600554030323,2,10,2024
2024-10-03,1397668.0,64581.0,52492.0,58236.166666666664,19,0.901753869817232,3,10,2024
2024-10-04,1366918.0,66048.0,50532.0,56954.916666666664,19,0.8623261365471576,4,10,2024
2024-10-05,1270454.0,60131.0,46219.0,52935.583333333336,19,0.880337651682715,5,10,2024
2024-10-06,1281922.0,60269.0,48748.0,53413.416666666664,19,0.8862502557976184,6,10,2024
2024-10-07,1464407.0,70285.0,48410.0,61016.958333333336,19,0.868136278485215,0,10,2024
2024-10-08,1477131.0,70133.0,53725.0,61547.125,19,0.8775772460895727,1,10,2024
2024-10-09,1387093.0,65676.0,52839.0,57795.541666666664,19,0.8800100747101934,2,10,2024
2024-10-10,1473919.0,71339.0,52348.0,61413.291666666664,19,0.860865608806777,3,10,2024
2024-10-11,1448949.0,68580.0,53917.0,60372.875,19,0.8803277194517352,4,10,2024
2024-10-12,1282046.0,60197.0,45992.0,53418.583333333336,19,0.8873961050107703,5,10,2024
2024-10-13,1236532.0,59682.0,44737.0,51522.166666666664,19,0.8632781519832892,6,10,2024
2024-10-14,1496423.0,71337.0,48314.0,62350.958333333336,17,0.8740339281625711,0,10,2024
2024-10-15,1554942.0,72272.0,53811.0,64789.25,19,0.8964640524684525,1,10,2024
2024-10-16,1494451.0,70903.0,54139.0,62268.791666666664,19,0.8782250633494586,2,10,2024
2024-10-17,1496637.0,71412.0,53553.0,62359.875,19,0.873240841875315,3,10,2024
2024-10-18,1555295.0,71869.0,54422.0,64803.958333333336,17,0.9016955618324081,4,10,2024
2024-10-19,1383543.0,61197.0,53883.0,57647.625,19,0.942000833374185,5,10,2024
2024-10-20,1231342.0,59093.0,44795.0,51305.916666666664,19,0.8682232526131126,6,10,2024
2024-10-21,1458315.0,70223.0,48367.0,60763.125,19,0.8652880822522535,0,10,2024
2024-10-22,1562796.0,72124.0,54436.0,65116.5,17,0.902840940602296,1,10,2024
2024-10-23,1484306.0,69492.0,54619.0,61846.083333333336,19,0.8899741457050212,2,10,2024
2024-10-24,1448218.0,69778.0,52757.0,60342.416666666664,19,0.8647771026206923,3,10,2024
2024-10-25,1457552.0,68375.0,53896.0,60731.333333333336,19,0.8882096282754418,4,10,2024
2024-10-26,1292845.0,59839.0,46447.0,53868.541666666664,19,0.9002246305363837,5,10,2024
2024-10-27,1267650.0,59386.0,48601.0,52818.75,19,0.8894141716902974,6,10,2024
2024-10-28,1449549.0,69316.0,48020.0,60397.875,19,0.8713410323734779,0,10,2024
2024-10-29,1464317.0,69236.0,52854.0,61013.208333333336,19,0.8812353159242784,1,10,2024
2024-10-30,1439038.0,68664.0,52948.0,59959.916666666664,19,0.8732365820031845,2,10,2024
2024-10-31,1446600.0,68949.0,52758.0,60275.0,19,0.874196870150401,3,10,2024
2024-11-01,1503193.0,68839.0,52414.0,62633.041666666664,16,0.9098482207275914,4,11,2024
2024-11-02,1308134.0,59538.0,48467.0,54505.583333333336,19,0.9154755506287302,5,11,2024
2024-11-03,1214247.0,59190.0,41905.0,50593.625,19,0.8547664301402264,6,11,2024
2024-11-04,1426916.0,68524.0,48062.0,59454.833333333336,19,0.8676497772070126,0,11,2024
2024-11-05,1439936.0,68166.0,53026.0,59997.333333333336,19,0.8801650871891168,1,11,2024
2024-11-06,1443434.0,68529.0,52569.0,60143.083333333336,19,0.8776296652998488,2,11,2024
2024-11-07,1472786.0,69485.0,54225.0,61366.083333333336,19,0.8831558369911972,3,11,2024
2024-11-08,1467426.0,67692.0,54550.0,61142.75,18,0.9032492761330734,4,11,2024
2024-11-09,1298360.0,59156.0,46541.0,54098.333333333336,19,0.9145028962967973,5,11,2024
2024-11-10,1259010.0,59260.0,48137.0,52458.75,19,0.8852303408707392,6,11,2024
2024-11-11,1417885.0,67759.0,48685.0,59078.541666666664,19,0.8718921717656203,0,11,2024
2024-11-12,1459604.0,67979.0,53375.0,60816.833333333336,18,0.8946414824185901,1,11,2024
2024-11-13,1465378.0,67459.0,53950.0,61057.416666666664,18,0.9051040879151286,2,11,2024
2024-11-14,1507886.0,69516.0,54043.0,62828.583333333336,17,0.903800324146,3,11,2024
2024-11-15,1491892.0,67652.0,53973.0,62162.166666666664,9,0.918851869370701,4,11,2024
2024-11-16,1321338.0,60205.0,48209.0,55055.75,19,0.9144713894194835,5,11,2024
2024-11-17,1292600.0,60350.0,49390.0,53858.333333333336,19,0.8924330295498482,6,11,2024
2024-11-18,1480168.0,72217.0,50583.0,61673.666666666664,18,0.8540048280414122,0,11,2024
2024-11-19,1564865.0,72232.0,56636.0,65202.708333333336,18,0.9026845211725182,1,11,2024
2024-11-20,1567135.0,72295.0,56220.0,65297.291666666664,17,0.9032061922216843,2,11,2024
2024-11-21,1557239.0,71709.0,56232.0,64884.958333333336,18,0.9048370265006253,3,11,2024
2024-11-22,1517589.0,70524.0,55702.0,63232.875,18,0.8966149821337417,4,11,2024
2024-11-23,1368667.0,62101.0,49155.0,57027.791666666664,19,0.9183071394448827,5,11,2024
2024-11-24,1285498.0,61350.0,44767.0,53562.416666666664,19,0.8730630263515349,6,11,2024
2024-11-25,1511795.0,71647.0,51237.0,62991.458333333336,18,0.8791918479954964,0,11,2024
2024-11-26,1597248.0,74829.0,55572.0,66552.0,18,0.8893878041935613,1,11,2024
2024-11-27,1687896.0,79064.0,57584.0,70329.0,11,0.8895198826267328,2,11,2024
2024-11-28,1671893.0,77085.0,58963.0,69662.20833333333,17,0.9037064063479708,3,11,2024
2024-11-29,1659115.0,76785.0,58452.0,69129.79166666667,17,0.9003033361550651,4,11,2024
2024-11-30,1433812.0,63782.0,56218.0,59742.166666666664,19,0.9366618586225999,5,11,2024
2024-12-01,1352067.0,62792.0,51974.0,56336.125,19,0.8971863453943177,6,12,2024
2024-12-02,1565455.0,74384.0,52145.0,65227.291666666664,18,0.8768994900336989,0,12,2024
2024-12-03,1639873.0,77669.0,57884.0,68328.04166666667,18,0.8797337633633325,1,12,2024
2024-12-04,1639496.0,76065.0,59207.0,68312.33333333333,9,0.898078397861478,2,12,2024
2024-12-05,1654493.0,76375.0,59026.0,68937.20833333333,9,0.9026148390616475,3,12,2024
2024-12-06,1631787.0,75454.0,58736.0,67991.125,18,0.9010937127256342,4,12,2024
2024-12-07,1478917.0,65961.0,56792.0,61621.541666666664,19,0.9342117564419379,5,12,2024
2024-12-08,1389973.0,65834.0,49262.0,57915.541666666664,19,0.8797208382699921,6,12,2024
2024-12-09,1668903.0,79009.0,55604.0,69537.625,18,0.8801228341075067,0,12,2024
2024-12-10,1677953.0,78819.0,60472.0,69914.70833333333,9,0.8870286140820529,1,12,2024
2024-12-11,1687762.0,79778.0,60193.0,70323.41666666667,10,0.8814888398639559,2,12,2024
2024-12-12,1694272.0,79296.0,60601.0,70594.66666666667,9,0.8902676889965027,3,12,2024
2024-12-13,1725977.0,81020.0,60463.0,71915.70833333333,10,0.8876290833539043,4,12,2024
2024-12-14,1519089.0,68123.0,57571.0,63295.375,19,0.9291336993379622,5,12,2024
2024-12-15,1456505.0,66671.0,56393.0,60687.708333333336,19,0.9102564583302085,6,12,2024
2024-12-16,1701580.0,81607.0,56206.0,70899.16666666667,17,0.8687878082354047,0,12,2024
2024-12-17,1732118.0,81060.0,61351.0,72171.58333333333,9,0.8903476848425035,1,12,2024
2024-12-18,1769543.0,82457.0,61811.0,73730.95833333333,18,0.8941746405197052,2,12,2024
2024-12-19,1757933.0,83314.0,63226.0,73247.20833333333,9,0.8791704675484712,3,12,2024
2024-12-20,1764264.0,82424.0,62195.0,73511.0,10,0.8918640201882947,4,12,2024
2024-12-21,1572818.0,69530.0,60324.0,65534.083333333336,18,0.9425296035284529,5,12,2024
2024-12-22,1462698.0,68638.0,52815.0,60945.75,19,0.8879301553075556,6,12,2024
2024-12-23,1728212.0,82905.0,58235.0,72008.83333333333,10,0.8685704521239169,0,12,2024
2024-12-24,1729205.0,82612.0,62202.0,72050.20833333333,9,0.872151846382285,1,12,2024
2024-12-25,1537625.0,69280.0,58775.0,64067.708333333336,19,0.9247648431485759,2,12,2024
2024-12-26,1696149.0,80251.0,57466.0,70672.875,10,0.8806479046990069,3,12,2024
2024-12-27,1723760.0,81190.0,61735.0,71823.33333333333,9,0.8846327544443076,4,12,2024
2024-12-28,1538241.0,68926.0,59357.0,64093.375,19,0.9298867626149784,5,12,2024
2024-12-29,1428690.0,66449.0,52342.0,59528.75,19,0.8958562205601288,6,12,2024
2024-12-30,1637602.0,79015.0,55057.0,68233.41666666667,10,0.8635501697989834,0,12,2024
2024-12-31,1568381.0,74743.0,57788.0,65349.208333333336,9,0.8743187767862319,1,12,2024
2025-01-01,1380673.0,64403.0,47670.0,57528.041666666664,19,0.893250961394138,2,1,2025
2025-01-02,1637768.0,77832.0,55597.0,68240.33333333333,9,0.8767644841881659,3,1,2025
2025-01-03,1706670.0,80523.0,60993.0,71111.25,9,0.8831172460042472,4,1,2025
2025-01-04,1514454.0,68094.0,54974.0,63102.25,19,0.9266932475695362,5,1,2025
2025-01-05,1507172.0,67984.0,57795.0,62798.833333333336,19,0.9237296030438535,6,1,2025
2025-01-06,1746942.0,83402.0,57064.0,72789.25,11,0.8727518524735618,0,1,2025
2025-01-07,1808173.0,84067.0,63142.0,75340.54166666667,10,0.8961963870087748,1,1,2025
2025-01-08,1832016.0,85705.0,64000.0,76334.0,10,0.8906598214806604,2,1,2025
2025-01-09,1913367.0,90705.0,65678.0,79723.625,17,0.8789330797640703,3,1,2025
2025-01-10,1881816.0,89452.0,67831.0,78409.0,10,0.8765483164155078,4,1,2025
2025-01-11,1635936.0,72458.0,62478.0,68164.0,19,0.940738082751387,5,1,2025
2025-01-12,1519524.0,70172.0,55176.0,63313.5,19,0.9022615858177051,6,1,2025
2025-01-13,1779030.0,85286.0,59786.0,74126.25,10,0.8691490983279788,0,1,2025
2025-01-14,1777061.0,83831.0,63302.0,74044.20833333333,10,0.8832556969776494,1,1,2025
2025-01-15,1790607.0,83464.0,63209.0,74608.625,9,0.8939018618805713,2,1,2025
2025-01-16,1813246.0,85908.0,64450.0,75551.91666666667,10,0.8794514674613153,3,1,2025
2025-01-17,1742821.0,82514.0,64058.0,72617.54166666667,9,0.880063282190497,4,1,2025
2025-01-18,1551391.0,68811.0,56615.0,64641.291666666664,19,0.9394034626246772,5,1,2025
2025-01-19,1446975.0,66566.0,53250.0,60290.625,19,0.9057270228044347,6,1,2025
2025-01-20,1711829.0,82082.0,56884.0,71326.20833333333,10,0.8689628460969924,0,1,2025
2025-01-21,1730987.0,81666.0,62584.0,72124.45833333333,10,0.8831638421538135,1,1,2025
2025-01-22,1727097.0,80777.0,62315.0,71962.375,10,0.8908770442081285,2,1,2025
2025-01-23,1701857.0,80756.0,62332.0,70910.70833333333,9,0.8780859420146284,3,1,2025
2025-01-24,1656111.0,79724.0,62553.0,69004.625,9,0.86554393908986,4,1,2025
2025-01-25,1467398.0,65421.0,53396.0,61141.583333333336,19,0.9345864987287467,5,1,2025
2025-01-26,1405543.0,64019.0,53824.0,58564.291666666664,19,0.9147954773843182,6,1,2025
2025-01-27,1409109.0,64099.0,53728.0,58712.875,19,0.9159717780308585,0,1,2025
2025-01-28,1376359.0,61947.0,54251.0,57348.291666666664,19,0.9257638249901797,1,1,2025
2025-01-29,1300744.0,59700.0,47827.0,54197.666666666664,24,0.9078336125069792,2,1,2025
2025-01-30,1336970.0,63215.0,49013.0,55707.083333333336,20,0.8812320388093544,3,1,2025
2025-01-31,1556414.0,71507.0,53332.0,64850.583333333336,11,0.9069123768768559,4,1,2025
2025-02-01,1480033.0,66483.0,55753.0,61668.041666666664,11,0.9275760971476417,5,2,2025
2025-02-02,1397861.0,65573.0,49340.0,58244.208333333336,19,0.888234613840046,6,2,2025
2025-02-03,1702579.0,82182.0,55642.0,70940.79166666667,18,0.8632156879446432,0,2,2025
2025-02-04,1849582.0,86322.0,64912.0,77065.91666666667,10,0.892772603353336,1,2,2025
2025-02-05,1863163.0,86996.0,66049.0,77631.79166666667,10,0.8923604725121462,2,2,2025
2025-02-06,1854713.0,86315.0,66827.0,77279.70833333333,9,0.8953218830253529,3,2,2025
2025-02-07,1906846.0,90638.0,65473.0,79451.91666666667,11,0.8765850599822003,4,2,2025
2025-02-08,1655501.0,73299.0,63606.0,68979.20833333333,19,0.9410661582468155,5,2,2025
2025-02-09,1507123.0,70270.0,54359.0,62796.791666666664,20,0.8936500877567477,6,2,2025
2025-02-10,1788829.0,84699.0,60340.0,74534.54166666667,10,0.8799931718989206,0,2,2025
2025-02-11,1752928.0,83362.0,65254.0,73038.66666666667,9,0.8761626000655774,1,2,2025
2025-02-12,1838669.0,89324.0,61820.0,76611.20833333333,11,0.8576777611093696,2,2,2025
2025-02-13,1726330.0,81305.0,64128.0,71930.41666666667,9,0.8846985630240043,3,2,2025
2025-02-14,1666399.0,78786.0,62772.0,69433.29166666667,9,0.8812897172932586,4,2,2025
2025-02-15,1528654.0,66243.0,61074.0,63693.916666666664,19,0.9615192045448827,5,2,2025
2025-02-16,1383613.0,64423.0,48757.0,57650.541666666664,20,0.8948751481096295,6,2,2025
2025-02-17,1631215.0,78114.0,55625.0,67967.29166666667,19,0.8701038439545622,0,2,2025
2025-02-18,1704337.0,79075.0,62485.0,71014.04166666667,19,0.8980593318579408,1,2,2025
2025-02-19,1720643.0,79643.0,63567.0,71693.45833333333,9,0.900185306095116,2,2,2025
2025-02-20,1720892.0,79895.0,63753.0,71703.83333333333,9,0.8974758537246802,3,2,2025
2025-02-21,1698393.0,80061.0,63306.0,70766.375,9,0.8839057093965851,4,2,2025
2025-02-22,1491235.0,67988.0,51475.0,62134.791666666664,20,0.9139082141946617,5,2,2025
2025-02-23,1426718.0,68283.0,50693.0,59446.583333333336,20,0.8705912647852809,6,2,2025
2025-02-24,1665424.0,78296.0,57817.0,69392.66666666667,19,0.8862862300330371,0,2,2025
2025-02-25,1692897.0,77625.0,62771.0,70537.375,9,0.9086940418679549,1,2,2025
2025-02-26,1618814.0,75917.0,60423.0,67450.58333333333,9,0.8884779869243165,2,2,2025
2025-02-27,1612838.0,75932.0,60694.0,67201.58333333333,9,0.8850232225324413,3,2,2025
2025-02-28,1562527.0,73438.0,58281.0,65105.291666666664,10,0.8865341058670806,4,2,2025
2025-03-01,1440988.0,63248.0,57098.0,60041.166666666664,20,0.949297474491947,5,3,2025
2025-03-02,1347994.0,61922.0,52061.0,56166.416666666664,20,0.9070510750083438,6,3,2025
2025-03-03,1461294.0,67656.0,52878.0,60887.25,19,0.8999534409365023,0,3,2025
2025-03-04,1722281.0,85127.0,55999.0,71761.70833333333,11,0.8429958571702671,1,3,2025
2025-03-05,1698325.0,80532.0,59580.0,70763.54166666667,10,0.8787009097832746,2,3,2025
2025-03-06,1621528.0,75167.0,59582.0,67563.66666666667,9,0.8988474552219281,3,3,2025
2025-03-07,1599278.0,74255.0,60042.0,66636.58333333333,9,0.8974019706865979,4,3,2025
2025-03-08,1417424.0,63786.0,52606.0,59059.333333333336,20,0.9258980549545878,5,3,2025
2025-03-09,1287151.0,62382.0,42374.0,53631.291666666664,20,0.8597238252487363,6,3,2025
2025-03-10,1537492.0,72266.0,53146.0,64062.166666666664,19,0.8864772737755883,0,3,2025
2025-03-11,1534342.0,71531.0,55397.0,63930.916666666664,9,0.8937511941209638,1,3,2025
2025-03-12,1568689.0,71900.0,57295.0,65362.041666666664,10,0.9090687297171998,2,3,2025
2025-03-13,1538260.0,71956.0,57489.0,64094.166666666664,9,0.8907411010432301,3,3,2025
2025-03-14,1483162.0,68297.0,52965.0,61798.416666666664,20,0.9048481875729045,4,3,2025
2025-03-15,1375717.0,61990.0,50483.0,57321.541666666664,20,0.9246901381943324,5,3,2025
2025-03-16,1352802.0,64455.0,51249.0,56366.75,20,0.8745132262819021,6,3,2025
2025-03-17,1552776.0,74273.0,54228.0,64699.0,19,0.8710971685538487,0,3,2025
2025-03-18,1704076.0,79892.0,59521.0,71003.16666666667,10,0.8887393814983562,1,3,2025
2025-03-19,1607973.0,74254.0,60539.0,66998.875,20,0.902293142456972,2,3,2025
2025-03-20,1561142.0,71832.0,57405.0,65047.583333333336,20,0.9055516111667966,3,3,2025
2025-03-21,1481269.0,68159.0,53348.0,61719.541666666664,20,0.9055229928060369,4,3,2025
2025-03-22,1294399.0,60131.0,43360.0,53933.291666666664,20,0.8969298975015659,5,3,2025
2025-03-23,1218499.0,59671.0,41038.0,50770.791666666664,20,0.850845329668795,6,3,2025
2025-03-24,1407724.0,68066.0,49137.0,58655.166666666664,20,0.8617395860880126,0,3,2025
2025-03-25,1454011.0,68612.0,53942.0,60583.791666666664,20,0.8829911920169455,1,3,2025
2025-03-26,1423205.0,67221.0,51085.0,59300.208333333336,20,0.8821678989204763,2,3,2025
2025-03-27,1517429.0,69183.0,53756.0,63226.208333333336,10,0.9138980433536177,3,3,2025
2025-03-28,1457980.0,67840.0,53673.0,60749.166666666664,20,0.8954771029874213,4,3,2025
2025-03-29,1335045.0,62150.0,50138.0,55626.875,20,0.8950422365245374,5,3,2025
2025-03-30,1253111.0,61624.0,42797.0,52212.958333333336,20,0.8472828497555066,6,3,2025
2025-03-31,1447144.0,69168.0,51717.0,60297.666666666664,20,0.8717566890276813,0,3,2025
2025-04-01,1457666.0,69182.0,51759.0,60736.083333333336,20,0.8779174255345803,1,4,2025
2025-04-02,1482572.0,69045.0,53910.0,61773.833333333336,20,0.8946894537379004,2,4,2025
2025-04-03,1459539.0,68704.0,52944.0,60814.125,20,0.8851613443176526,3,4,2025
2025-04-04,1424175.0,66311.0,51602.0,59340.625,20,0.8948835788933963,4,4,2025
2025-04-05,1373023.0,60778.0,53317.0,57209.291666666664,20,0.9412828929327498,5,4,2025
2025-04-06,1184875.0,58920.0,39070.0,49369.791666666664,20,0.8379122821905408,6,4,2025
2025-04-07,1375871.0,67482.0,49387.0,57327.958333333336,20,0.8495296276537941,0,4,2025
2025-04-08,1403838.0,67166.0,49463.0,58493.25,20,0.8708758895869935,1,4,2025
2025-04-09,1449175.0,67503.0,54023.0,60382.291666666664,20,0.894512713015224,2,4,2025
2025-04-10,1419299.0,67051.0,52062.0,59137.458333333336,20,0.8819772760038379,3,4,2025
2025-04-11,1372189.0,64924.0,48390.0,57174.541666666664,20,0.8806380023822725,4,4,2025
2025-04-12,1301390.0,58924.0,48825.0,54224.583333333336,20,0.9202461362659246,5,4,2025
2025-04-13,1224536.0,59804.0,44463.0,51022.333333333336,20,0.8531592089715293,6,4,2025
2025-04-14,1513237.0,71667.0,49765.0,63051.541666666664,17,0.8797848614657606,0,4,2025
2025-04-15,1448223.0,68752.0,52750.0,60342.625,20,0.8776853764254131,1,4,2025
2025-04-16,1433824.0,67535.0,51762.0,59742.666666666664,20,0.8846178524715579,2,4,2025
2025-04-17,1442828.0,67939.0,53880.0,60117.833333333336,20,0.8848795733427536,3,4,2025
2025-04-18,1414485.0,66383.0,52466.0,58936.875,20,0.887830845246524,4,4,2025
2025-04-19,1306424.0,60286.0,48956.0,54434.333333333336,20,0.9029348992026894,5,4,2025
2025-04-20,1218731.0,58683.0,44829.0,50780.458333333336,20,0.8653350771660163,6,4,2025
2025-04-21,1373759.0,67710.0,47573.0,57239.958333333336,20,0.8453693447545907,0,4,2025
2025-04-22,1520036.0,69713.0,52828.0,63334.833333333336,11,0.9085082170231282,1,4,2025
2025-04-23,1424710.0,67083.0,53453.0,59362.916666666664,20,0.8849174405835557,2,4,2025
2025-04-24,1388362.0,66740.0,50196.0,57848.416666666664,20,0.8667727999200878,3,4,2025
2025-04-25,1349976.0,64865.0,46964.0,56249.0,20,0.8671702767285902,4,4,2025
2025-04-26,1207875.0,57963.0,40200.0,50328.125,20,0.8682801959870953,5,4,2025
2025-04-27,1162576.0,57477.0,39913.0,48440.666666666664,20,0.8427834902076772,6,4,2025
2025-04-28,1321472.0,66068.0,47219.0,55061.333333333336,20,0.8334039676293112,0,4,2025
2025-04-29,1361230.0,66232.0,48102.0,56717.916666666664,20,0.8563521661231227,1,4,2025
2025-04-30,1357978.0,65333.0,48687.0,56582.416666666664,20,0.8660618166419216,2,4,2025
2025-05-01,1352272.0,61111.0,51425.0,56344.666666666664,20,0.9220053127369322,3,5,2025
2025-05-02,1268081.0,61909.0,43207.0,52836.708333333336,20,0.8534576286700373,4,5,2025
2025-05-03,1279228.0,57168.0,49931.0,53301.166666666664,21,0.9323601781882638,5,5,2025
2025-05-04,1102877.0,55754.0,35811.0,45953.208333333336,21,0.8242136588107282,6,5,2025
2025-05-05,1213692.0,57374.0,45216.0,50570.5,20,0.8814184125213511,0,5,2025
2025-05-06,1260174.0,59717.0,47031.0,52507.25,21,0.8792680476246295,1,5,2025
2025-05-07,1340157.0,65492.0,48897.0,55839.875,20,0.8526213125267208,2,5,2025
2025-05-08,1380180.0,66515.0,49669.0,57507.5,20,0.8645794181763512,3,5,2025
2025-05-09,1511050.0,69578.0,52848.0,62960.416666666664,11,0.9048897160980003,4,5,2025
2025-05-10,1355748.0,59775.0,52719.0,56489.5,20,0.9450355499790882,5,5,2025
2025-05-11,1209261.0,58905.0,43312.0,50385.875,21,0.8553751803751803,6,5,2025
2025-05-12,1362527.0,67736.0,48576.0,56771.958333333336,20,0.8381356787134365,0,5,2025
2025-05-13,1435472.0,68714.0,53794.0,59811.333333333336,20,0.8704388237234528,1,5,2025
2025-05-14,1430336.0,68653.0,52865.0,59597.333333333336,20,0.8680951063075661,2,5,2025
2025-05-15,1533677.0,69998.0,54647.0,63903.208333333336,10,0.9129290598779013,3,5,2025
2025-05-16,1564110.0,72857.0,54888.0,65171.25,16,0.8945091068806017,4,5,2025
2025-05-17,1319152.0,61203.0,48078.0,54964.666666666664,20,0.8980714452995223,5,5,2025
2025-05-18,1171458.0,58594.0,39040.0,48810.75,21,0.8330332457248183,6,5,2025
2025-05-19,1404463.0,68353.0,47813.0,58519.291666666664,20,0.856133478657362,0,5,2025
2025-05-20,1521199.0,72893.0,54102.0,63383.291666666664,20,0.8695387988787218,1,5,2025
2025-05-21,1575968.0,74239.0,55586.0,65665.33333333333,17,0.8845126326234638,2,5,2025
2025-05-22,1554649.0,71622.0,55357.0,64777.041666666664,19,0.9044293885491422,3,5,2025
2025-05-23,1481219.0,67177.0,54289.0,61717.458333333336,17,0.9187290044707762,4,5,2025
2025-05-24,1324509.0,58828.0,51901.0,55187.875,20,0.938122577684096,5,5,2025
2025-05-25,1149981.0,58337.0,38982.0,47915.875,21,0.8213633714452234,6,5,2025
2025-05-26,1371614.0,68026.0,47510.0,57150.583333333336,20,0.8401285292878213,0,5,2025
2025-05-27,1435717.0,69448.0,53082.0,59821.541666666664,20,0.8613860970318319,1,5,2025
2025-05-28,1451802.0,68575.0,53605.0,60491.75,20,0.8821254101348888,2,5,2025
2025-05-29,1450368.0,69244.0,53138.0,60432.0,20,0.8727398763791808,3,5,2025
2025-05-30,1420641.0,67178.0,52877.0,59193.375,20,0.881142263836375,4,5,2025
2025-05-31,1270961.0,59788.0,47854.0,52956.708333333336,21,0.8857414252581344,5,5,2025
2025-06-01,1194511.0,60283.0,41689.0,49771.291666666664,21,0.8256273189235218,6,6,2025
2025-06-02,1463102.0,69209.0,48346.0,60962.583333333336,17,0.88084762579048,0,6,2025
2025-06-03,1295623.0,62134.0,47014.0,53984.291666666664,21,0.8688365736419137,1,6,2025
2025-06-04,1400408.0,68127.0,50602.0,58350.333333333336,20,0.8564935096706642,2,6,2025
2025-06-05,1427290.0,68191.0,53222.0,59470.416666666664,20,0.8721153329129455,3,6,2025
2025-06-06,1339514.0,63003.0,51398.0,55813.083333333336,20,0.8858797729208663,4,6,2025
2025-06-07,1261888.0,61690.0,47088.0,52578.666666666664,20,0.8523045334197871,5,6,2025
2025-06-08,1280791.0,63953.0,48403.0,53366.291666666664,21,0.8344611146727544,6,6,2025
2025-06-09,1521922.0,74569.0,50211.0,63413.416666666664,19,0.8503991828597227,0,6,2025
2025-06-10,1568997.0,73235.0,55924.0,65374.875,19,0.8926725609339796,1,6,2025
2025-06-11,1492956.0,70733.0,54733.0,62206.5,20,0.8794551340958251,2,6,2025
2025-06-12,1539817.0,73440.0,54671.0,64159.041666666664,18,0.8736252950254175,3,6,2025
2025-06-13,1571670.0,73842.0,54799.0,65486.25,17,0.8868428536605184,4,6,2025
2025-06-14,1415270.0,66062.0,54104.0,58969.583333333336,20,0.8926399947524043,5,6,2025
2025-06-15,1350280.0,68191.0,48755.0,56261.666666666664,20,0.8250600030307029,6,6,2025
2025-06-16,1614140.0,79094.0,52408.0,67255.83333333333,11,0.850327879906609,0,6,2025
2025-06-17,1617624.0,76928.0,56422.0,67401.0,20,0.8761569259567388,1,6,2025
2025-06-18,1589788.0,76769.0,56441.0,66241.16666666667,19,0.8628634822215565,2,6,2025
2025-06-19,1656083.0,80132.0,56593.0,69003.45833333333,20,0.8611223772442137,3,6,2025
2025-06-20,1720754.0,81637.0,58257.0,71698.08333333333,11,0.8782547537676951,4,6,2025
2025-06-21,1500976.0,67111.0,56340.0,62540.666666666664,12,0.9318988938723408,5,6,2025
2025-06-22,1278698.0,63748.0,46208.0,53279.083333333336,21,0.8357765472380834,6,6,2025
2025-06-23,1524058.0,77000.0,49902.0,63502.416666666664,19,0.8247067099567099,0,6,2025
2025-06-24,1645247.0,77050.0,56417.0,68551.95833333333,15,0.8897074410555915,1,6,2025
2025-06-25,1593598.0,73192.0,55828.0,66399.91666666667,11,0.9072018344445659,2,6,2025
2025-06-26,1582636.0,74223.0,55608.0,65943.16666666667,19,0.8884465282549435,3,6,2025
2025-06-27,1597714.0,76223.0,55988.0,66571.41666666667,20,0.8733770209341888,4,6,2025
2025-06-28,1504676.0,71638.0,55988.0,62694.833333333336,20,0.8751616925840103,5,6,2025
2025-06-29,1426750.0,72284.0,52863.0,59447.916666666664,20,0.8224215132901702,6,6,2025
2025-06-30,1715288.0,85599.0,53674.0,71470.33333333333,19,0.8349435546365417,0,6,2025
2025-07-01,1830159.0,89209.0,59952.0,76256.625,19,0.8548086515934491,1,7,2025
2025-07-02,1844337.0,89069.0,61360.0,76847.375,19,0.8627847511479864,2,7,2025
2025-07-03,1839522.0,89103.0,61835.0,76646.75,19,0.8602039213045577,3,7,2025
2025-07-04,1800191.0,84920.0,61208.0,75007.95833333333,17,0.8832778889935625,4,7,2025
2025-07-05,1613242.0,77901.0,59427.0,67218.41666666667,20,0.8628697534905415,5,7,2025
2025-07-06,1556692.0,78705.0,56306.0,64862.166666666664,20,0.8241174851237744,6,7,2025
2025-07-07,1859122.0,93374.0,57421.0,77463.41666666667,19,0.829603708384204,0,7,2025
2025-07-08,1932050.0,95675.0,63002.0,80502.08333333333,18,0.8414118979182997,1,7,2025
2025-07-09,1890817.0,92685.0,63356.0,78784.04166666667,19,0.8500193307079535,2,7,2025
2025-07-10,1850524.0,90717.0,62552.0,77105.16666666667,19,0.8499527835650063,3,7,2025
2025-07-11,1785762.0,87206.0,60706.0,74406.75,19,0.8532297089649795,4,7,2025
2025-07-12,1577656.0,77144.0,58662.0,65735.66666666667,20,0.8521163883991842,5,7,2025
2025-07-13,1526776.0,71975.0,55133.0,63615.666666666664,20,0.883857821002663,6,7,2025
2025-07-14,1665469.0,80116.0,53987.0,69394.54166666667,17,0.866175815900278,0,7,2025
2025-07-15,1706437.0,78825.0,58143.0,71101.54166666667,17,0.9020176551432498,1,7,2025
2025-07-16,1734390.0,82918.0,58611.0,72266.25,11,0.8715387491256422,2,7,2025
2025-07-17,1746333.0,82505.0,58903.0,72763.875,15,0.8819329131567784,3,7,2025
2025-07-18,1703470.0,81588.0,58155.0,70977.91666666667,17,0.8699553447402396,4,7,2025
2025-07-19,1559776.0,70401.0,57422.0,64990.666666666664,20,0.9231497658650681,5,7,2025
2025-07-20,1468337.0,73579.0,53706.0,61180.708333333336,20,0.8314968718429625,6,7,2025
2025-07-21,1763593.0,86584.0,54676.0,73483.04166666667,19,0.8486907704271768,0,7,2025
2025-07-22,1821066.0,88890.0,60647.0,75877.75,19,0.8536140173247835,1,7,2025
2025-07-23,1831401.0,89515.0,61094.0,76308.375,19,0.8524646707255767,2,7,2025
2025-07-24,1844192.0,91379.0,61063.0,76841.33333333333,19,0.8409080131467113,3,7,2025
2025-07-25,1851401.0,90528.0,61546.0,77141.70833333333,19,0.8521309245021798,4,7,2025
2025-07-26,1681661.0,82821.0,60582.0,70069.20833333333,20,0.8460319041466938,5,7,2025
2025-07-27,1613088.0,82696.0,57894.0,67212.0,20,0.812759988391216,6,7,2025
2025-07-28,1820487.0,90985.0,58078.0,75853.625,19,0.8336937407264934,0,7,2025
2025-07-29,1837718.0,90991.0,60596.0,76571.58333333333,19,0.8415291988584951,1,7,2025
2025-07-30,1802010.0,87806.0,60619.0,75083.75,18,0.8551095597111815,2,7,2025
2025-07-31,1770528.0,86203.0,60446.0,73772.0,20,0.8557938818834612,3,7,2025
2025-08-01,1745968.0,85678.0,59455.0,72748.66666666667,20,0.8490938941929862,4,8,2025
2025-08-02,1636382.0,80532.0,58812.0,68182.58333333333,20,0.8466520554976075,5,8,2025
2025-08-03,1615408.0,76329.0,57538.0,67308.66666666667,19,0.8818229855843346,6,8,2025
2025-08-04,1757819.0,86074.0,55538.0,73242.45833333333,19,0.8509243015699669,0,8,2025
2025-08-05,1804983.0,87891.0,60237.0,75207.625,19,0.8556919934919389,1,8,2025
2025-08-06,1863223.0,87801.0,61912.0,77634.29166666667,15,0.8842073742516221,2,8,2025
2025-08-07,1810851.0,87053.0,60852.0,75452.125,19,0.8667377919198649,3,8,2025
2025-08-08,1764940.0,84820.0,60046.0,73539.16666666667,17,0.8670026723257094,4,8,2025
2025-08-09,1605960.0,72350.0,59345.0,66915.0,12,0.9248790601243952,5,8,2025
2025-08-10,1439367.0,73104.0,53606.0,59973.625,20,0.8203877352812432,6,8,2025
2025-08-11,1731485.0,85071.0,54209.0,72145.20833333333,15,0.8480587783537672,0,8,2025
2025-08-12,1762273.0,85223.0,58746.0,73428.04166666667,17,0.8615988837129257,1,8,2025
2025-08-13,1786112.0,85279.0,60041.0,74421.33333333333,19,0.8726806521339758,2,8,2025
2025-08-14,1782151.0,84685.0,60450.0,74256.29166666667,19,0.8768529452283955,3,8,2025
2025-08-15,1642473.0,80573.0,59654.0,68436.375,20,0.8493710672309582,4,8,2025
2025-08-16,1584867.0,78156.0,57791.0,66036.125,20,0.8449271329136598,5,8,2025
2025-08-17,1539822.0,78493.0,55944.0,64159.25,20,0.8173881747416967,6,8,2025
2025-08-18,1843429.0,91911.0,57046.0,76809.54166666667,18,0.8356947663137891,0,8,2025
2025-08-19,1914284.0,93346.0,63343.0,79761.83333333333,19,0.854475106949771,1,8,2025
2025-08-20,1918379.0,93164.0,63645.0,79932.45833333333,19,0.8579758096832825,2,8,2025
2025-08-21,1938321.0,94599.0,64526.0,80763.375,19,0.8537444898994704,3,8,2025
2025-08-22,1929232.0,93253.0,64200.0,80384.66666666667,18,0.8620062267880569,4,8,2025
2025-08-23,1728059.0,83469.0,62914.0,72002.45833333333,20,0.8626251462618856,5,8,2025
2025-08-24,1646322.0,83069.0,59102.0,68596.75,20,0.8257803753506121,6,8,2025
2025-08-25,1920860.0,95951.0,59554.0,80035.83333333333,18,0.8341323522770302,0,8,2025
2025-08-26,1937626.0,91434.0,64464.0,80734.41666666667,19,0.8829802553390059,1,8,2025
2025-08-27,1842837.0,88503.0,62635.0,76784.875,18,0.8675962961707513,2,8,2025
2025-08-28,1867924.0,91396.0,61917.0,77830.16666666667,18,0.8515708200212994,3,8,2025
2025-08-29,1905411.0,91742.0,63195.0,79392.125,19,0.8653847201935864,4,8,2025
2025-08-30,1690140.0,81144.0,62128.0,70422.5,20,0.8678706990042394,5,8,2025
2025-08-31,1589605.0,78152.0,57205.0,66233.54166666667,20,0.8474964385641656,6,8,2025
2025-09-01,1827070.0,89532.0,56984.0,76127.91666666667,17,0.8502872343594097,0,9,2025
2025-09-02,1823122.0,87098.0,61261.0,75963.41666666667,19,0.8721602868799131,1,9,2025
2025-09-03,1801604.0,88533.0,60488.0,75066.83333333333,18,0.8478966411771128,2,9,2025
2025-09-04,1827440.0,88135.0,61768.0,76143.33333333333,18,0.8639397893383256,3,9,2025
2025-09-05,1805316.0,88196.0,60803.0,75221.5,17,0.8528901537484693,4,9,2025
2025-09-06,1644577.0,77341.0,60428.0,68524.04166666667,20,0.8859989095908596,5,9,2025
2025-09-07,1544682.0,73125.0,56579.0,64361.75,20,0.8801606837606838,6,9,2025
2025-09-08,1712863.0,83765.0,54227.0,71369.29166666667,17,0.8520180465190315,0,9,2025
2025-09-09,1716587.0,80100.0,58538.0,71524.45833333333,15,0.8929395547232625,1,9,2025
2025-09-10,1659750.0,80012.0,57589.0,69156.25,19,0.8643234764785283,2,9,2025
2025-09-11,1658107.0,81243.0,57836.0,69087.79166666667,18,0.8503845459506255,3,9,2025
2025-09-12,1697817.0,80265.0,58263.0,70742.375,17,0.8813601818974647,4,9,2025
2025-09-13,1527545.0,70110.0,57242.0,63647.708333333336,19,0.9078263918604099,5,9,2025
2025-09-14,1412661.0,69712.0,52587.0,58860.875,20,0.8443435133119118,6,9,2025
2025-09-15,1680887.0,82311.0,53091.0,70036.95833333333,17,0.8508821218711148,0,9,2025
2025-09-16,1753596.0,84004.0,59114.0,73066.5,19,0.8697978667682491,1,9,2025
2025-09-17,1765721.0,84378.0,59975.0,73571.70833333333,15,0.8719299856992738,2,9,2025
2025-09-18,1661124.0,77178.0,58514.0,69213.5,19,0.8968034932234574,3,9,2025
2025-09-19,1610722.0,75214.0,56483.0,67113.41666666667,17,0.8922995275702219,4,9,2025
2025-09-20,1432425.0,65418.0,55210.0,59684.375,20,0.9123540157143294,5,9,2025
2025-09-21,1284367.0,64083.0,46353.0,53515.291666666664,20,0.8350934205119402,6,9,2025
2025-09-22,1513372.0,73830.0,49838.0,63057.166666666664,19,0.8540859632489051,0,9,2025
2025-09-23,1540810.0,74796.0,55004.0,64200.416666666664,19,0.8583402410111057,1,9,2025
2025-09-24,1647121.0,79128.0,55688.0,68630.04166666667,17,0.8673294114177873,2,9,2025
2025-09-25,1676226.0,77812.0,57246.0,69842.75,19,0.8975832776435512,3,9,2025
2025-09-26,1577776.0,74644.0,57036.0,65740.66666666667,19,0.8807227193969599,4,9,2025
2025-09-27,1406672.0,66185.0,53795.0,58611.333333333336,19,0.8855682304651105,5,9,2025
2025-09-28,1373826.0,64199.0,50949.0,57242.75,20,0.8916455084970171,6,9,2025
2025-09-29,1505179.0,73653.0,50216.0,62715.791666666664,19,0.8515035594838861,0,9,2025
2025-09-30,1538716.0,73444.0,54762.0,64113.166666666664,19,0.8729530889748198,1,9,2025
2025-10-01,1513083.0,73111.0,54851.0,63045.125,19,0.8623206494234794,2,10,2025
2025-10-02,1528637.0,70696.0,54592.0,63693.208333333336,17,0.9009450086756441,3,10,2025
2025-10-03,1412556.0,63924.0,52700.0,58856.5,19,0.9207261748326138,4,10,2025
2025-10-04,1297430.0,60603.0,49372.0,54059.583333333336,19,0.8920281724227074,5,10,2025
2025-10-05,1210139.0,56927.0,46492.0,50422.458333333336,19,0.8857388995262939,6,10,2025
2025-10-06,1151387.0,53033.0,43848.0,47974.458333333336,20,0.9046152081408432,0,10,2025
2025-10-07,1179622.0,56492.0,43593.0,49150.916666666664,19,0.8700509216644244,1,10,2025
2025-10-08,1197733.0,59071.0,44458.0,49905.541666666664,19,0.8448399665938728,2,10,2025
2025-10-09,1244697.0,61180.0,45661.0,51862.375,19,0.8477014547237659,3,10,2025
2025-10-10,1362702.0,66232.0,47346.0,56779.25,19,0.8572782038893586,4,10,2025
2025-10-11,1319362.0,64027.0,49650.0,54973.416666666664,19,0.8585974146323686,5,10,2025
2025-10-12,1323941.0,62650.0,49336.0,55164.208333333336,19,0.8805140994945465,6,10,2025
2025-10-13,1533896.0,73176.0,49383.0,63912.333333333336,17,0.8734056703472906,0,10,2025
2025-10-14,1553275.0,72660.0,54413.0,64719.791666666664,19,0.8907210523901276,1,10,2025
2025-10-15,1547877.0,73212.0,54650.0,64494.875,17,0.8809331120581325,2,10,2025
2025-10-16,1554110.0,72937.0,54940.0,64754.583333333336,19,0.8878152835095128,3,10,2025
2025-10-17,1504981.0,71620.0,54208.0,62707.541666666664,17,0.875559084985572,4,10,2025
2025-10-18,1382793.0,61543.0,53163.0,57616.375,19,0.9361970492176201,5,10,2025
2025-10-19,1252485.0,60162.0,48018.0,52186.875,19,0.8674391642565075,6,10,2025
2025-10-20,1402245.0,69493.0,48020.0,58426.875,19,0.8407591412084671,0,10,2025
2025-10-21,1492872.0,70431.0,52864.0,62203.0,19,0.8831764421916486,1,10,2025
2025-10-22,1472305.0,69634.0,54060.0,61346.041666666664,19,0.88097828168232,2,10,2025
2025-10-23,1457327.0,69621.0,53669.0,60721.958333333336,19,0.8721787726883172,3,10,2025
2025-10-24,1452741.0,68362.0,53762.0,60530.875,19,0.885446227436295,4,10,2025
2025-10-25,1311594.0,60537.0,47595.0,54649.75,19,0.9027495581214794,5,10,2025
2025-10-26,1256909.0,60017.0,45712.0,52371.208333333336,19,0.8726062337893153,6,10,2025
2025-10-27,1409462.0,70932.0,48667.0,58727.583333333336,19,0.8279420195868343,0,10,2025
2025-10-28,1470826.0,71448.0,51868.0,61284.416666666664,19,0.8577485257343336,1,10,2025
2025-10-29,1478461.0,70693.0,53135.0,61602.541666666664,19,0.8714093568905926,2,10,2025
2025-10-30,1505551.0,71052.0,54829.0,62731.291666666664,19,0.8828926936140666,3,10,2025
2025-10-31,1466291.0,68971.0,53811.0,61095.458333333336,19,0.8858137236423038,4,10,2025
2025-11-01,1289967.0,60385.0,44224.0,53748.625,19,0.8900989484143413,5,11,2025
2025-11-02,1228684.0,60384.0,41305.0,51195.166666666664,19,0.8478266869810988,6,11,2025
2025-11-03,1451077.0,71072.0,49694.0,60461.541666666664,19,0.8507083192630946,0,11,2025
2025-11-04,1486032.0,70465.0,54483.0,61918.0,19,0.8787057404385156,1,11,2025
2025-11-05,1480012.0,69436.0,54057.0,61667.166666666664,19,0.8881151948076886,2,11,2025
2025-11-06,1482522.0,70055.0,54439.0,61771.75,19,0.881760759403326,3,11,2025
2025-11-07,1462083.0,67814.0,54071.0,60920.125,19,0.8983414191759813,4,11,2025
2025-11-08,1344129.0,59993.0,52872.0,56005.375,19,0.9335318287133499,5,11,2025
2025-11-09,1224251.0,59258.0,41748.0,51010.458333333336,19,0.8608197767952569,6,11,2025
2025-11-10,1426546.0,70285.0,48643.0,59439.416666666664,19,0.8456913518768822,0,11,2025
2025-11-11,1498960.0,70873.0,54478.0,62456.666666666664,19,0.8812476777710364,1,11,2025
2025-11-12,1521365.0,70050.0,55327.0,63390.208333333336,18,0.9049280275993339,2,11,2025
2025-11-13,1500575.0,69937.0,55049.0,62523.958333333336,19,0.8940040083694373,3,11,2025
2025-11-14,1471633.0,68713.0,53032.0,61318.041666666664,18,0.8923790500584556,4,11,2025
2025-11-15,1308523.0,60524.0,43953.0,54521.791666666664,19,0.9008292853523671,5,11,2025
2025-11-16,1244501.0,60424.0,42100.0,51854.208333333336,19,0.8581723873516043,6,11,2025
2025-11-17,1519431.0,74529.0,49793.0,63309.625,18,0.849462960726697,0,11,2025
2025-11-18,1602188.0,76163.0,56918.0,66757.83333333333,18,0.8765126548761647,1,11,2025
2025-11-19,1604417.0,75238.0,57800.0,66850.70833333333,18,0.8885231974977182,2,11,2025
2025-11-20,1590713.0,73692.0,57329.0,66279.70833333333,18,0.8994152463406249,3,11,2025
2025-11-21,1540674.0,72132.0,56670.0,64194.75,18,0.8899621527200133,4,11,2025
2025-11-22,1352122.0,62085.0,46927.0,56338.416666666664,19,0.9074400687229872,5,11,2025
2025-11-23,1284926.0,61211.0,46154.0,53538.583333333336,19,0.8746562437034738,6,11,2025
2025-11-24,1497061.0,71960.0,50197.0,62377.541666666664,18,0.8668363211043172,0,11,2025
2025-11-25,1609200.0,75196.0,55383.0,67050.0,18,0.8916697696685993,1,11,2025
2025-11-26,1568730.0,73232.0,56261.0,65363.75,18,0.8925572154249508,2,11,2025
2025-11-27,1637031.0,75945.0,56360.0,68209.625,17,0.8981450391730857,3,11,2025
2025-11-28,1565882.0,73549.0,57119.0,65245.083333333336,18,0.8870968107429514,4,11,2025
2025-11-29,1379372.0,62479.0,48922.0,57473.833333333336,19,0.9198904165132819,5,11,2025
2025-11-30,1273202.0,60401.0,44061.0,53050.083333333336,19,0.8782980966098796,6,11,2025
2025-12-01,1513522.0,74406.0,50030.0,63063.416666666664,18,0.8475582166312752,0,12,2025
2025-12-02,1632840.0,78345.0,57191.0,68035.0,18,0.8684025783393963,1,12,2025
2025-12-03,1720951.0,82657.0,60080.0,71706.29166666667,18,0.867516261982248,2,12,2025
2025-12-04,1743906.0,82146.0,62403.0,72662.75,18,0.8845561561122879,3,12,2025
2025-12-05,1722099.0,80983.0,61958.0,71754.125,9,0.8860393539384809,4,12,2025
2025-12-06,1495570.0,66892.0,55770.0,62315.416666666664,19,0.9315825011461261,5,12,2025
2025-12-07,1361744.0,63867.0,48865.0,56739.333333333336,19,0.8883982860214718,6,12,2025
2025-12-08,1607540.0,78886.0,52773.0,66980.83333333333,18,0.8490839101150183,0,12,2025
2025-12-09,1681464.0,79694.0,60394.0,70061.0,9,0.8791251537129521,1,12,2025
2025-12-10,1677917.0,78779.0,60188.0,69913.20833333333,9,0.8874599618341604,2,12,2025
2025-12-11,1678345.0,78517.0,58798.0,69931.04166666667,10,0.8906484158420046,3,12,2025
2025-12-12,1662695.0,78812.0,60560.0,69278.95833333333,9,0.87904073406757,4,12,2025
2025-12-13,1517838.0,67247.0,58181.0,63243.25,18,0.9404620280458608,5,12,2025
2025-12-14,1434887.0,66818.0,55011.0,59786.958333333336,19,0.8947732397457772,6,12,2025
2025-12-15,1695421.0,81217.0,55820.0,70642.54166666667,10,0.8697999392573805,0,12,2025
2025-12-16,1749568.0,82243.0,59994.0,72898.66666666667,10,0.8863814144263544,1,12,2025
2025-12-17,1663996.0,77799.0,58813.0,69333.16666666667,9,0.8911832628525646,2,12,2025
2025-12-18,1670104.0,79780.0,60153.0,69587.66666666667,9,0.8722445057240746,3,12,2025
2025-12-19,1673946.0,81098.0,60410.0,69747.75,10,0.8600427877382919,4,12,2025
2025-12-20,1477654.0,64243.0,57087.0,61568.916666666664,11,0.9583754909743734,5,12,2025
2025-12-21,1392050.0,66522.0,49574.0,58002.083333333336,19,0.8719233236122386,6,12,2025
2025-12-22,1675293.0,81177.0,56284.0,69803.875,9,0.8598971999457975,0,12,2025
2025-12-23,1758733.0,82812.0,60732.0,73280.54166666667,10,0.8849024497254827,1,12,2025
2025-12-24,1719402.0,82180.0,59318.0,71641.75,11,0.8717662448284255,2,12,2025
2025-12-25,1532210.0,72089.0,55977.0,63842.083333333336,19,0.8856009007384391,3,12,2025
2025-12-26,1737065.0,82377.0,60896.0,72377.70833333333,18,0.8786154913790661,4,12,2025
2025-12-27,1551603.0,69190.0,60022.0,64650.125,19,0.9343853880618587,5,12,2025
2025-12-28,1421660.0,65599.0,52333.0,59235.833333333336,19,0.9029990294567499,6,12,2025
2025-12-29,1652350.0,79283.0,54793.0,68847.91666666667,10,0.8683818304890919,0,12,2025
2025-12-30,1672669.0,79693.0,59559.0,69694.54166666667,9,0.8745378096779726,1,12,2025
2025-12-31,1672206.0,79488.0,60555.0,69675.25,9,0.876550548510467,2,12,2025
