tm,avgTa,minTa,maxTa,sumRn,avgRhm,avgWs,sumGsr,sumSsHr
2013-01-01,-4.7,-8.7,0.0,3.1,73.5,3.2,5.76,4.6
2013-01-02,-11.7,-15.1,-4.8,,40.8,4.2,9.62,9.1
2013-01-03,-13.2,-16.4,-9.3,,42.8,2.8,9.78,9.1
2013-01-04,-10.7,-14.8,-5.8,,44.3,1.8,9.54,9.2
2013-01-05,-7.0,-12.1,-1.2,,59.4,2.3,8.09,7.5
2013-01-06,-6.3,-9.4,-2.0,,59.4,1.9,7.97,8.2
2013-01-07,-5.1,-8.8,0.1,,53.6,1.7,7.8,5.8
2013-01-08,-4.6,-6.8,-0.7,,53.4,2.2,8.55,8.0
2013-01-09,-9.0,-10.7,-6.4,,38.5,3.0,10.07,9.3
2013-01-10,-8.3,-12.3,-3.6,,41.3,2.3,9.74,9.1
2013-01-11,-3.2,-7.9,1.4,0.0,50.5,2.3,7.52,6.1
2013-01-12,0.0,-2.7,4.2,0.1,70.0,2.5,5.67,3.2
2013-01-13,-0.5,-3.0,3.3,,65.6,1.6,5.77,0.6
2013-01-14,-2.1,-4.3,1.8,,61.6,2.2,5.89,4.5
2013-01-15,-2.1,-5.5,2.0,,57.0,2.0,6.87,4.1
2013-01-16,-2.6,-5.8,0.4,0.3,64.1,2.4,5.16,4.0
2013-01-17,-5.8,-8.2,-2.5,,62.9,2.8,7.97,7.3
2013-01-18,-4.4,-9.2,0.2,,51.9,2.0,9.79,9.3
2013-01-19,0.5,-2.5,4.6,,59.9,2.0,7.74,6.5
2013-01-20,1.6,-2.0,4.1,,55.8,3.1,5.52,0.4
2013-01-21,2.2,1.1,4.0,16.5,83.6,4.3,0.97,0.0
2013-01-22,3.8,2.0,6.0,0.5,74.3,2.2,4.16,0.0
2013-01-23,1.8,1.0,3.8,1.5,80.4,3.1,0.89,0.0
2013-01-24,-0.9,-6.7,2.4,0.1,57.6,4.3,3.52,2.4
2013-01-25,-9.1,-10.8,-6.5,,37.5,4.7,11.26,9.5
2013-01-26,-9.2,-11.9,-5.1,,37.0,3.5,11.27,9.6
2013-01-27,-7.3,-10.7,-3.9,,44.9,2.6,10.9,9.5
2013-01-28,-3.5,-8.9,0.2,,56.0,2.1,6.04,3.7
2013-01-29,2.2,-0.3,3.7,0.0,63.5,2.7,1.8,0.0
2013-01-30,5.4,3.5,8.5,,68.8,2.1,4.65,0.7
2013-01-31,7.4,3.7,11.5,0.0,59.5,2.9,7.45,6.4
2013-02-01,7.3,3.7,9.3,46.5,85.8,3.7,0.64,0.0
2013-02-02,-1.1,-4.5,3.7,,52.1,4.1,12.19,9.4
2013-02-03,-3.2,-5.8,-1.1,7.5,62.3,2.7,2.7,0.2
2013-02-04,-0.8,-3.3,2.5,7.4,77.1,2.6,8.18,6.1
2013-02-05,-0.6,-4.0,2.7,4.5,77.0,2.4,3.16,0.0
2013-02-06,-1.5,-3.1,0.2,2.1,75.0,3.3,9.35,5.8
2013-02-07,-11.1,-13.8,-2.6,0.0,42.5,5.5,13.63,9.8
2013-02-08,-11.5,-15.8,-6.1,,39.3,2.7,12.85,9.3
2013-02-09,-7.2,-12.3,-2.6,,55.5,1.8,12.25,8.9
2013-02-10,-4.0,-8.4,-0.5,1.2,56.6,2.9,11.62,8.6
2013-02-11,-5.8,-10.4,-0.9,,41.8,2.1,13.63,9.7
2013-02-12,-3.8,-4.8,-1.9,0.0,55.6,2.3,5.78,0.2
2013-02-13,-1.3,-6.3,2.9,,59.6,2.0,13.01,9.3
2013-02-14,1.1,-2.6,5.2,,60.1,2.3,11.31,7.4
2013-02-15,-1.2,-5.2,1.5,,48.4,3.9,14.35,9.7
2013-02-16,-2.6,-7.0,2.6,,38.8,2.1,13.9,9.6
2013-02-17,2.3,-2.1,5.8,0.0,44.5,2.5,7.57,3.6
2013-02-18,0.5,-2.5,3.1,,49.8,3.5,10.1,5.7
2013-02-19,-2.9,-7.1,0.6,,27.5,4.0,14.59,9.6
2013-02-20,-4.8,-8.7,0.0,,35.3,2.6,14.55,9.5
2013-02-21,-1.7,-5.3,2.5,0.0,49.0,2.5,13.68,9.0
2013-02-22,0.5,-3.1,4.3,3.9,57.1,3.1,11.62,7.4
2013-02-23,-0.9,-4.4,2.4,,45.9,3.7,14.41,9.7
2013-02-24,1.4,-2.4,5.3,,42.4,2.2,13.03,8.8
2013-02-25,3.3,-0.7,8.6,,39.4,1.7,10.64,6.2
2013-02-26,4.8,2.5,7.5,0.0,56.4,2.6,3.14,0.0
2013-02-27,3.4,0.8,8.8,,69.5,3.0,13.21,7.0
2013-02-28,6.7,-1.1,13.9,1.0,57.3,2.9,11.39,6.7
2013-03-01,0.8,-2.4,7.7,3.0,56.1,4.8,15.28,9.1
2013-03-02,-0.8,-4.4,3.1,,42.6,3.2,14.67,9.7
2013-03-03,0.4,-3.5,4.8,,50.3,2.9,16.46,10.4
2013-03-04,3.1,-0.7,8.9,,58.6,2.8,10.62,5.8
2013-03-05,3.7,-0.7,9.1,,51.8,3.0,15.92,10.7
2013-03-06,7.9,0.9,14.3,,43.1,2.2,11.78,6.9
2013-03-07,8.0,4.3,11.7,0.5,74.1,3.7,4.79,2.2
2013-03-08,8.5,3.8,14.1,,66.0,2.7,11.61,6.1
2013-03-09,13.2,6.2,23.8,,48.8,4.3,13.95,9.4
2013-03-10,1.2,-1.5,7.9,,32.5,5.0,18.27,11.2
2013-03-11,4.2,-2.6,12.1,,33.4,2.2,17.9,11.2
2013-03-12,7.5,1.6,11.7,3.5,60.4,2.1,6.16,3.0
2013-03-13,5.2,1.8,8.4,11.5,64.5,3.6,9.72,5.7
2013-03-14,4.1,0.9,9.8,,48.9,2.9,15.69,9.3
2013-03-15,4.6,0.0,10.5,,43.4,2.4,16.66,10.7
2013-03-16,6.3,1.6,12.7,,53.6,2.3,15.76,10.8
2013-03-17,8.2,3.4,15.9,7.5,57.5,2.9,13.17,7.2
2013-03-18,8.3,5.3,14.2,1.0,73.0,3.3,16.12,9.3
2013-03-19,8.0,5.2,11.4,,61.1,2.2,8.28,3.2
2013-03-20,2.8,-2.5,8.5,0.1,51.9,4.3,11.32,5.6
2013-03-21,1.5,-4.0,7.2,,34.3,2.5,18.56,11.2
2013-03-22,3.4,0.9,6.9,,61.6,2.3,4.67,0.7
2013-03-23,5.4,-1.2,12.1,,39.0,2.3,18.45,11.2
2013-03-24,5.1,1.8,10.2,,47.4,3.9,18.62,11.0
2013-03-25,2.8,-0.7,7.8,,40.3,3.8,19.9,11.5
2013-03-26,4.4,-0.9,10.4,,39.9,2.5,18.86,11.5
2013-03-27,7.5,1.4,14.9,,30.1,2.8,19.85,11.4
2013-03-28,7.3,4.4,12.0,,42.1,2.7,10.62,4.0
2013-03-29,5.4,0.6,10.4,,28.6,3.4,20.29,11.7
2013-03-30,4.9,2.3,10.2,0.2,43.1,2.3,9.76,3.4
2013-03-31,6.3,1.0,13.2,,46.4,2.7,19.6,11.2
2013-04-01,9.2,3.3,13.4,0.5,44.5,2.2,10.14,0.9
2013-04-02,7.2,5.8,9.5,8.5,86.1,2.7,3.26,0.6
2013-04-03,7.9,3.9,14.1,,64.0,2.6,17.39,8.7
2013-04-04,12.6,5.6,19.8,,44.5,1.9,18.18,10.7
2013-04-05,14.6,10.1,19.9,,42.1,2.6,10.99,2.1
2013-04-06,7.5,2.5,13.0,14.0,84.4,2.9,2.48,0.0
2013-04-07,5.1,2.0,9.6,1.0,57.3,4.4,19.62,10.6
2013-04-08,8.0,2.5,13.8,1.0,55.1,4.0,15.6,7.5
2013-04-09,6.2,3.2,10.7,0.5,50.8,5.1,17.86,10.2
2013-04-10,5.0,1.3,8.1,1.5,49.3,4.1,12.56,8.6
2013-04-11,5.5,3.7,9.6,0.5,54.5,4.9,15.41,10.1
2013-04-12,6.9,2.2,11.9,,42.6,3.7,18.42,11.6
2013-04-13,11.4,3.4,17.5,,38.6,4.5,19.53,10.0
2013-04-14,8.3,4.2,12.2,3.5,40.4,4.7,20.65,9.9
2013-04-15,7.5,2.6,12.5,,31.5,2.0,9.58,2.2
2013-04-16,13.2,8.6,19.1,,54.5,4.4,11.55,2.7
2013-04-17,14.8,10.3,20.6,,62.3,2.9,19.62,9.4
2013-04-18,12.3,9.0,16.3,,37.4,4.0,16.75,7.8
2013-04-19,9.8,5.1,15.0,,27.0,3.2,20.53,10.2
2013-04-20,6.6,4.0,10.1,9.5,70.8,2.3,3.73,0.1
2013-04-21,9.0,4.2,15.3,,58.8,3.3,21.76,10.1
2013-04-22,11.4,5.6,17.2,,43.8,2.5,21.53,10.7
2013-04-23,11.2,9.7,14.8,5.5,59.3,2.7,4.96,0.0
2013-04-24,12.3,8.3,18.0,0.1,67.0,3.7,21.46,11.8
2013-04-25,9.3,7.9,13.8,4.5,78.9,3.3,7.66,2.7
2013-04-26,11.7,6.9,16.3,0.1,55.0,3.6,19.71,11.7
2013-04-27,12.8,8.2,18.5,,51.4,2.8,21.5,11.6
2013-04-28,16.0,10.3,21.6,,51.0,3.8,10.61,3.3
2013-04-29,13.5,9.0,17.7,21.0,67.6,4.5,14.17,6.7
2013-04-30,13.4,7.7,19.5,,48.8,3.5,22.65,10.7
2013-05-01,13.2,8.7,18.6,1.0,52.4,3.3,20.16,10.5
2013-05-02,12.4,9.0,17.1,1.0,67.1,2.5,14.27,8.9
2013-05-03,12.6,9.0,18.2,0.0,64.8,3.2,14.75,6.2
2013-05-04,13.9,9.3,19.6,,58.1,3.1,21.12,11.2
2013-05-05,14.3,9.2,20.6,,51.8,3.4,23.39,12.5
2013-05-06,14.6,7.9,21.3,,54.0,3.0,20.57,10.8
2013-05-07,18.7,11.9,26.7,,41.4,2.7,20.1,10.9
2013-05-08,19.4,12.7,26.2,,33.6,2.7,22.89,11.7
2013-05-09,18.1,14.7,23.0,2.5,55.3,2.1,10.55,4.0
2013-05-10,14.0,10.4,16.1,22.0,89.3,3.6,3.54,0.0
2013-05-11,17.9,11.0,24.8,,55.5,3.5,22.71,11.2
2013-05-12,19.1,16.4,22.5,1.0,61.3,4.0,12.43,5.2
2013-05-13,21.6,17.7,26.8,,45.0,3.5,20.7,10.4
2013-05-14,20.2,17.0,25.3,,46.9,2.9,15.56,4.4
2013-05-15,19.4,15.6,24.4,,57.0,3.3,21.21,11.2
2013-05-16,22.0,15.3,28.3,,33.3,4.2,25.49,13.2
2013-05-17,20.2,15.7,26.6,,36.6,3.0,23.62,12.6
2013-05-18,17.7,13.7,22.3,14.5,62.8,2.2,9.95,0.6
2013-05-19,16.6,13.6,21.5,19.5,80.9,3.1,9.04,1.3
2013-05-20,14.4,12.1,18.5,,76.0,3.2,8.68,4.3
2013-05-21,17.7,10.2,24.6,,43.3,2.0,25.13,12.8
2013-05-22,19.7,13.9,25.9,,49.4,2.0,14.8,5.3
2013-05-23,22.1,15.4,30.2,,59.3,2.1,22.85,11.5
2013-05-24,21.3,15.7,27.5,,58.9,2.6,20.78,10.5
2013-05-25,24.7,18.2,31.8,,49.6,2.0,20.6,10.1
2013-05-26,23.9,20.8,28.4,,45.9,2.5,15.51,4.0
2013-05-27,19.7,17.7,22.6,56.5,80.4,3.5,2.89,0.0
2013-05-28,18.9,17.6,20.9,11.5,89.1,2.8,2.11,0.0
2013-05-29,16.1,14.9,18.1,2.5,87.8,3.0,2.35,0.0
2013-05-30,19.2,14.3,25.0,,57.9,2.7,23.53,11.7
2013-05-31,21.3,13.9,27.8,,46.6,2.2,21.92,11.1
2013-06-01,21.7,17.4,27.9,,44.3,2.2,20.67,9.3
2013-06-02,23.5,16.3,30.8,,48.6,2.0,23.98,12.6
2013-06-03,21.3,18.4,26.7,,59.0,2.9,21.29,10.9
2013-06-04,22.8,17.5,28.4,0.2,54.3,2.0,20.25,9.6
2013-06-05,24.8,19.1,30.4,,51.8,2.0,21.11,10.6
2013-06-06,25.0,21.7,30.0,,55.9,2.1,19.5,9.6
2013-06-07,25.7,20.7,31.1,,50.9,2.2,21.77,11.8
2013-06-08,26.4,21.0,31.2,,48.5,1.9,15.11,6.6
2013-06-09,27.4,22.3,32.4,,38.3,2.2,25.54,12.5
2013-06-10,27.5,21.6,32.2,,35.5,2.3,24.93,12.8
2013-06-11,23.7,20.5,26.7,7.0,57.9,2.6,7.09,0.0
2013-06-12,20.5,19.6,22.5,6.5,85.4,2.2,4.41,0.0
2013-06-13,23.0,18.8,27.5,,70.5,1.9,15.42,4.5
2013-06-14,24.6,20.9,29.7,,62.3,2.3,16.69,7.8
2013-06-15,24.6,21.3,29.1,,58.4,2.6,21.07,10.6
2013-06-16,22.5,19.8,27.5,,69.8,2.8,20.12,8.0
2013-06-17,22.3,19.9,25.8,0.5,76.8,2.2,7.97,1.1
2013-06-18,21.7,20.5,23.1,12.0,90.1,1.9,2.15,0.0
2013-06-19,24.3,20.6,29.6,0.1,71.1,1.6,16.34,6.8
2013-06-20,25.8,20.9,31.1,,58.5,1.8,18.28,7.6
2013-06-21,26.6,22.9,31.8,,57.5,1.9,15.49,5.2
2013-06-22,25.1,22.7,29.6,,63.9,2.5,12.8,4.4
2013-06-23,22.9,20.6,26.2,0.3,69.6,3.2,15.9,7.0
2013-06-24,23.5,19.6,29.4,,66.6,2.3,16.37,6.7
2013-06-25,25.1,21.0,29.8,,58.6,2.1,13.06,3.9
2013-06-26,24.5,21.1,29.7,0.0,59.8,2.6,18.09,9.2
2013-06-27,25.1,20.4,31.8,,63.1,2.5,18.06,7.5
2013-06-28,25.5,21.5,30.6,1.5,61.1,2.3,19.12,10.1
2013-06-29,27.2,21.8,32.6,,54.8,1.8,18.62,8.9
2013-06-30,27.7,23.4,31.9,0.2,60.4,2.0,16.23,8.4
2013-07-01,27.1,23.9,31.3,,58.4,2.7,16.01,5.9
2013-07-02,24.3,21.5,27.9,51.5,82.5,4.6,2.54,0.0
2013-07-03,25.2,20.5,30.7,,69.1,3.8,23.67,11.8
2013-07-04,24.9,23.1,27.6,32.5,84.3,3.5,3.1,0.0
2013-07-05,25.6,22.1,30.2,1.0,73.4,2.7,18.66,7.2
2013-07-06,25.2,21.6,30.6,,73.0,2.7,19.19,8.7
2013-07-07,24.9,22.4,29.5,3.0,78.8,1.8,8.91,2.8
2013-07-08,24.3,22.3,26.3,68.0,88.6,3.5,1.59,0.0
2013-07-09,24.5,23.5,26.2,6.5,87.3,3.2,3.74,0.0
2013-07-10,25.3,24.6,26.1,1.0,82.8,3.9,2.5,0.0
2013-07-11,24.6,23.8,25.1,14.0,86.0,4.1,1.24,0.0
2013-07-12,23.6,23.2,24.3,74.0,88.4,4.9,1.2,0.0
2013-07-13,24.2,22.2,25.6,165.0,90.1,1.7,3.09,0.0
2013-07-14,24.1,23.1,25.4,23.0,90.9,3.7,2.49,0.0
2013-07-15,26.5,23.6,29.1,3.5,80.1,3.5,8.38,1.8
2013-07-16,26.9,25.2,28.8,1.5,70.4,4.5,4.44,0.3
2013-07-17,24.2,23.5,25.7,18.5,89.1,3.7,3.98,0.0
2013-07-18,25.1,23.8,27.7,26.5,85.6,1.9,3.73,1.8
2013-07-19,26.8,23.3,30.5,,72.0,3.2,13.11,6.8
2013-07-20,27.0,25.3,30.3,1.0,72.4,4.2,10.78,4.2
2013-07-21,26.8,25.6,28.4,0.5,78.8,4.8,5.85,0.5
2013-07-22,26.4,24.1,29.4,84.5,81.0,3.1,5.22,0.9
2013-07-23,25.7,24.7,26.4,56.5,87.3,3.8,1.23,0.0
2013-07-24,24.7,23.2,27.6,11.5,79.0,4.6,9.64,5.6
2013-07-25,26.0,22.9,30.2,0.0,71.8,3.7,18.68,9.5
2013-07-26,26.5,23.1,31.1,,70.9,2.9,20.64,10.0
2013-07-27,26.2,23.1,31.2,0.2,67.8,2.2,16.04,6.8
2013-07-28,25.3,23.9,26.7,11.0,85.5,2.1,1.43,0.0
2013-07-29,26.5,24.4,29.6,3.5,82.3,3.4,11.91,5.3
2013-07-30,26.3,24.0,29.9,9.5,73.9,2.2,12.18,5.2
2013-07-31,26.4,24.7,29.0,8.5,75.4,3.3,13.31,5.9
2013-08-01,28.0,24.5,32.1,,67.3,1.7,12.73,6.0
2013-08-02,27.4,25.2,29.3,7.5,80.4,2.0,5.49,0.9
2013-08-03,28.9,26.7,32.6,0.1,72.3,3.7,16.52,8.9
2013-08-04,28.3,26.4,31.3,4.5,76.4,2.4,11.08,4.7
2013-08-05,27.7,26.4,30.1,7.0,78.9,3.2,10.13,4.5
2013-08-06,26.4,23.0,27.6,45.0,80.8,2.4,4.71,2.8
2013-08-07,28.7,25.0,32.1,,73.8,2.3,11.01,1.3
2013-08-08,29.3,27.3,32.8,,73.5,3.7,9.72,5.0
2013-08-09,29.2,27.9,30.8,0.0,79.9,4.1,4.98,0.1
2013-08-10,28.0,25.8,29.4,2.0,82.4,2.4,6.17,2.6
2013-08-11,28.7,24.2,33.2,,71.8,2.1,17.83,9.6
2013-08-12,29.3,27.1,32.6,,69.8,2.8,17.21,10.7
2013-08-13,29.0,26.6,32.9,,65.6,2.9,18.12,11.5
2013-08-14,28.6,26.2,32.0,,67.1,2.5,14.52,9.9
2013-08-15,28.7,25.8,32.4,0.0,71.5,3.1,14.9,7.9
2013-08-16,28.7,26.1,31.7,4.5,71.8,3.7,13.2,7.2
2013-08-17,28.7,27.1,31.6,,69.6,4.8,15.0,6.9
2013-08-18,28.3,26.0,31.5,13.0,72.8,4.1,10.53,2.8
2013-08-19,28.2,25.7,32.3,6.0,68.9,2.6,19.44,9.7
2013-08-20,27.4,23.0,32.3,,62.0,1.7,18.37,10.6
2013-08-21,28.8,24.2,33.9,,54.9,2.4,18.53,11.6
2013-08-22,29.3,26.3,32.3,0.0,58.6,2.3,13.83,8.8
2013-08-23,25.7,23.7,28.7,35.0,78.9,2.4,7.05,1.0
2013-08-24,26.6,21.9,31.5,,60.4,1.8,20.97,10.9
2013-08-25,27.1,22.0,32.1,,52.3,1.6,20.39,12.0
2013-08-26,27.0,22.8,31.6,,52.3,2.4,19.53,12.1
2013-08-27,25.6,22.5,29.3,,61.6,2.6,18.9,11.5
2013-08-28,26.4,22.7,30.8,,59.4,2.7,17.96,9.7
2013-08-29,25.5,24.5,26.7,21.5,79.1,4.2,2.21,0.0
2013-08-30,25.1,22.3,28.3,,69.6,3.3,16.96,10.7
2013-08-31,24.0,21.1,27.9,2.5,65.8,2.1,12.58,6.0
2013-09-01,23.5,19.8,28.2,,54.6,2.0,17.02,10.0
2013-09-02,22.4,17.3,26.9,,49.9,2.1,17.95,10.8
2013-09-03,21.7,16.4,26.8,,43.5,2.0,22.07,12.1
2013-09-04,22.0,16.4,27.5,,46.5,2.2,20.16,12.1
2013-09-05,21.2,17.9,24.1,0.0,52.9,2.7,9.42,1.2
2013-09-06,20.8,19.0,23.1,0.0,59.6,2.3,5.83,0.0
2013-09-07,21.9,17.9,26.9,,61.8,2.1,15.69,8.9
2013-09-08,22.9,18.4,27.9,,63.4,1.7,18.1,10.6
2013-09-09,23.0,19.8,26.5,,67.0,1.8,9.75,2.7
2013-09-10,22.0,19.1,25.2,11.5,76.3,1.7,5.23,0.2
2013-09-11,20.1,19.1,20.9,36.5,90.6,2.3,1.52,0.0
2013-09-12,23.0,20.3,26.3,0.5,80.4,1.6,7.29,0.5
2013-09-13,22.9,20.9,25.2,50.0,87.5,2.4,3.02,0.2
2013-09-14,23.1,21.5,25.3,11.5,81.1,1.9,6.14,2.4
2013-09-15,23.4,20.3,28.2,,59.5,2.0,15.15,9.0
2013-09-16,20.9,15.2,27.0,,49.3,2.1,20.04,11.8
2013-09-17,22.6,17.0,29.3,,48.4,1.5,16.73,9.6
2013-09-18,24.4,17.5,31.1,,54.0,1.6,16.75,10.9
2013-09-19,24.7,20.5,30.2,,56.0,2.7,17.27,10.7
2013-09-20,23.4,20.1,28.0,,71.5,1.9,12.66,7.6
2013-09-21,23.8,19.9,27.8,,66.9,1.7,11.15,6.0
2013-09-22,23.1,20.4,27.2,0.0,54.9,4.2,12.33,6.5
2013-09-23,23.8,18.6,29.0,,55.6,2.5,15.72,10.0
2013-09-24,22.0,20.0,23.9,4.5,81.8,2.9,1.44,0.0
2013-09-25,19.5,15.3,24.2,,57.3,3.4,16.81,9.5
2013-09-26,17.3,12.7,22.5,,36.9,2.6,18.54,11.3
2013-09-27,17.9,10.9,24.0,,50.9,1.8,16.2,10.8
2013-09-28,17.4,15.2,19.9,4.0,70.6,2.2,3.67,0.0
2013-09-29,17.2,14.7,19.7,19.0,86.1,2.7,3.7,0.0
2013-09-30,20.7,18.0,25.5,1.0,71.8,2.5,11.47,5.6
2013-10-01,21.6,17.2,27.2,,66.8,2.3,13.26,6.1
2013-10-02,19.4,15.0,22.8,,58.6,3.2,12.39,7.1
2013-10-03,16.3,11.0,21.3,,49.1,2.4,17.12,11.2
2013-10-04,17.4,10.7,25.1,,54.6,1.7,16.82,11.0
2013-10-05,20.0,12.6,28.1,,48.0,1.9,17.44,10.9
2013-10-06,20.8,15.4,25.7,0.0,53.5,4.0,10.95,6.6
2013-10-07,22.8,19.8,26.9,,65.9,2.5,7.38,1.4
2013-10-08,20.0,18.0,21.8,3.0,83.4,2.3,2.66,0.0
2013-10-09,20.5,15.5,26.4,,63.9,1.9,15.28,10.6
2013-10-10,21.1,15.9,26.4,,71.0,2.2,10.99,7.0
2013-10-11,18.1,14.1,20.7,6.5,57.5,5.0,13.86,9.8
2013-10-12,16.4,11.0,21.5,,53.8,2.7,15.26,10.8
2013-10-13,17.3,12.2,23.4,,62.0,1.5,12.45,9.6
2013-10-14,18.3,13.3,24.4,,63.6,2.4,12.93,10.1
2013-10-15,12.0,7.7,17.4,3.5,79.4,2.9,1.3,0.0
2013-10-16,11.2,6.1,16.8,,53.1,1.8,15.21,10.5
2013-10-17,12.4,6.8,18.9,,55.5,1.8,13.66,10.3
2013-10-18,13.6,8.1,20.2,,54.8,1.8,14.04,10.0
2013-10-19,14.6,9.8,19.5,,59.1,2.2,9.78,5.6
2013-10-20,16.7,11.7,22.9,,60.1,2.3,12.57,8.5
2013-10-21,16.2,12.0,22.2,,50.3,2.8,13.13,9.1
2013-10-22,15.9,11.3,21.7,,46.1,3.8,13.8,9.8
2013-10-23,16.2,12.2,22.1,,49.1,2.9,13.2,9.5
2013-10-24,13.1,7.8,18.5,,50.8,3.2,11.63,9.2
2013-10-25,9.3,5.3,14.5,,41.9,3.8,13.46,9.9
2013-10-26,10.0,4.3,15.7,,50.5,1.9,12.91,9.8
2013-10-27,11.4,5.1,18.0,,56.3,2.0,12.21,9.6
2013-10-28,11.6,6.7,16.7,,65.5,1.4,8.18,5.7
2013-10-29,12.7,9.5,16.5,0.5,71.3,2.6,5.64,2.0
2013-10-30,10.5,6.4,16.2,,58.9,2.0,11.54,8.6
2013-10-31,11.7,5.5,18.8,,54.9,1.7,11.74,9.6
2013-11-01,14.8,8.6,20.7,,50.8,1.5,10.16,8.1
2013-11-02,11.6,8.6,14.9,7.5,79.8,1.6,1.94,0.0
2013-11-03,11.9,7.8,16.7,0.0,80.3,1.7,8.3,4.5
2013-11-04,12.6,9.2,17.6,,70.3,1.8,9.32,7.7
2013-11-05,12.3,7.5,18.5,,64.3,1.8,10.82,9.2
2013-11-06,12.2,9.0,15.9,1.0,77.5,2.3,2.83,0.0
2013-11-07,12.2,7.5,15.8,0.1,52.9,4.0,11.87,9.4
2013-11-08,9.0,4.0,14.5,,43.4,1.6,10.39,8.4
2013-11-09,11.6,9.2,15.5,5.5,62.1,2.4,3.63,0.4
2013-11-10,5.5,2.1,10.4,0.0,45.3,4.3,12.02,9.3
2013-11-11,2.6,-1.4,7.5,,32.9,2.8,11.63,9.7
2013-11-12,3.4,-1.1,8.5,,36.1,2.7,11.29,9.7
2013-11-13,4.8,-0.9,11.4,,43.5,1.7,10.7,8.9
2013-11-14,6.7,3.1,9.9,1.0,55.1,1.9,4.3,0.9
2013-11-15,8.2,5.8,12.4,2.0,78.3,1.8,5.88,3.5
2013-11-16,7.0,2.4,12.0,2.0,72.0,2.6,8.24,5.6
2013-11-17,5.2,2.2,7.6,1.0,58.1,4.2,5.59,5.8
2013-11-18,1.1,-1.5,4.2,0.0,53.6,5.2,8.62,8.4
2013-11-19,1.1,-1.7,3.8,0.0,53.9,4.4,6.68,7.3
2013-11-20,1.5,-1.9,5.9,,38.8,3.2,10.5,9.3
2013-11-21,2.6,-1.4,7.3,,48.8,2.4,10.22,9.3
2013-11-22,4.6,-0.7,10.5,,57.9,1.9,7.88,7.6
2013-11-23,7.1,2.2,12.5,,64.6,1.7,8.03,8.2
2013-11-24,7.3,4.4,10.6,14.0,74.3,3.5,4.27,2.2
2013-11-25,4.7,-0.1,10.2,9.5,64.6,6.1,2.06,0.7
2013-11-26,2.1,-2.4,5.8,1.5,60.9,2.5,6.87,5.0
2013-11-27,0.0,-4.3,4.7,1.7,66.8,3.4,3.01,2.3
2013-11-28,-3.8,-6.4,-0.9,,48.9,2.9,9.58,8.9
2013-11-29,-0.7,-5.4,4.8,0.0,52.9,1.8,9.68,9.2
2013-11-30,5.3,-1.1,10.6,,56.9,2.4,7.63,8.5
2013-12-01,4.5,1.4,8.6,,66.9,2.1,7.19,6.1
2013-12-02,3.9,0.1,6.6,0.0,64.3,1.4,2.07,0.0
2013-12-03,6.7,4.5,9.9,,62.6,1.6,6.51,6.9
2013-12-04,5.5,2.1,9.6,,72.8,1.8,6.56,6.9
2013-12-05,5.5,2.1,9.0,,73.4,2.4,3.15,0.3
2013-12-06,3.0,-0.7,7.0,0.0,42.6,2.7,9.35,9.0
2013-12-07,6.2,3.8,11.0,0.1,60.8,1.9,6.48,5.6
2013-12-08,4.2,2.5,6.5,0.0,75.3,2.8,1.98,0.3
2013-12-09,3.8,1.9,5.2,14.0,83.1,3.1,0.52,0.0
2013-12-10,0.3,-2.2,3.5,,56.1,3.2,8.77,8.7
2013-12-11,-1.7,-4.3,0.2,2.6,64.1,3.9,7.63,8.3
2013-12-12,-3.2,-6.3,0.3,4.1,69.9,2.7,2.71,1.8
2013-12-13,-6.8,-8.9,-4.3,,47.5,2.4,9.38,8.6
2013-12-14,-4.9,-8.5,-1.4,1.1,65.4,1.5,4.96,4.7
2013-12-15,-4.4,-8.0,0.7,,48.1,1.9,9.04,9.0
2013-12-16,-3.6,-7.3,0.5,,52.6,1.8,5.31,1.8
2013-12-17,-0.3,-5.5,4.7,,52.4,1.5,7.28,5.0
2013-12-18,2.2,-0.9,6.5,0.8,65.1,2.4,6.83,5.3
2013-12-19,-3.5,-6.5,-0.9,0.3,60.6,4.0,5.94,5.7
2013-12-20,-4.0,-8.1,-0.1,0.0,56.3,2.6,7.55,8.1
2013-12-21,-3.1,-6.3,0.9,,56.4,1.8,7.98,8.3
2013-12-22,-2.1,-6.8,3.1,,57.5,1.9,8.06,7.5
2013-12-23,-1.1,-3.7,2.3,,57.1,2.2,8.64,8.5
2013-12-24,-1.6,-5.9,4.0,,58.0,1.7,8.38,8.6
2013-12-25,-0.5,-4.4,3.7,,60.4,1.8,7.28,7.8
2013-12-26,-0.5,-4.0,2.7,1.6,67.8,2.6,2.57,0.9
2013-12-27,-6.8,-9.3,-3.7,,49.5,3.4,8.85,8.6
2013-12-28,-6.5,-9.8,-2.7,,44.1,2.5,9.43,9.0
2013-12-29,-2.9,-8.0,1.6,0.1,59.8,2.1,8.31,8.0
2013-12-30,2.2,-1.9,6.3,,55.4,2.9,6.26,7.2
2013-12-31,3.8,0.5,8.0,,58.8,3.6,7.45,7.9
2014-01-01,4.0,0.3,7.9,0.0,51.3,3.7,6.17,6.4
2014-01-02,1.5,-1.3,6.2,,35.4,2.0,9.18,9.0
2014-01-03,2.3,-1.1,7.3,,54.4,2.5,4.69,2.7
2014-01-04,-0.1,-3.7,5.6,,47.1,2.4,8.14,8.7
2014-01-05,-0.8,-4.3,3.8,,48.4,1.9,7.08,8.0
2014-01-06,0.8,-3.7,6.4,,50.4,1.6,7.9,8.1
2014-01-07,3.0,0.3,5.5,0.0,56.0,1.7,3.36,0.0
2014-01-08,0.5,-5.7,4.0,0.0,56.6,3.3,5.59,3.5
2014-01-09,-7.8,-10.4,-4.3,,26.3,3.6,10.06,9.3
2014-01-10,-4.7,-9.3,-0.9,0.0,48.6,2.0,6.91,4.4
2014-01-11,-1.7,-5.4,2.4,,44.1,1.9,7.57,6.4
2014-01-12,-2.4,-7.7,2.5,0.0,43.5,3.4,7.08,6.4
2014-01-13,-6.2,-10.5,-1.6,,26.0,2.9,10.16,9.3
2014-01-14,-4.3,-8.9,1.1,,33.8,2.2,9.24,9.1
2014-01-15,-2.9,-7.6,2.2,,42.0,1.7,9.09,9.0
2014-01-16,0.1,-4.0,3.6,,59.9,1.9,4.14,1.1
2014-01-17,-0.1,-3.7,3.8,,55.9,1.6,6.69,6.2
2014-01-18,-2.2,-4.9,0.8,,42.4,3.1,9.57,8.4
2014-01-19,-2.6,-7.4,2.4,0.0,44.8,1.9,8.33,6.2
2014-01-20,-1.5,-4.2,1.9,5.3,83.3,3.2,2.55,0.0
2014-01-21,-5.5,-7.2,-3.1,0.7,62.6,2.4,5.38,3.1
2014-01-22,-3.9,-9.5,1.6,,60.0,1.6,9.6,9.0
2014-01-23,-0.8,-5.2,4.1,,65.6,2.1,7.56,5.8
2014-01-24,3.0,-1.1,5.7,,64.4,2.6,3.09,0.0
2014-01-25,4.2,-0.4,6.3,3.0,74.4,2.4,1.43,0.0
2014-01-26,-2.1,-5.3,2.3,,42.1,2.7,11.5,9.5
2014-01-27,0.2,-5.4,6.0,,48.0,2.6,9.88,8.7
2014-01-28,1.5,-3.0,4.6,0.5,52.8,2.9,10.74,8.1
2014-01-29,2.2,-5.3,8.2,,40.1,2.2,10.45,7.9
2014-01-30,4.0,-1.0,6.5,3.5,66.1,3.0,1.93,0.9
2014-01-31,1.3,-4.3,7.0,,26.1,2.2,10.25,9.2
2014-02-01,4.9,3.7,6.0,11.0,63.8,3.4,0.49,0.0
2014-02-02,4.9,2.8,6.5,0.5,91.6,2.0,1.84,0.0
2014-02-03,-3.5,-8.2,2.8,,38.5,4.3,8.03,4.6
2014-02-04,-7.4,-10.5,-3.7,,25.9,3.4,12.8,9.7
2014-02-05,-4.8,-8.9,0.3,,27.5,2.0,10.96,7.2
2014-02-06,-1.3,-5.2,4.5,,29.8,1.7,9.68,6.7
2014-02-07,2.4,-2.0,7.6,0.0,47.3,4.8,9.0,5.2
2014-02-08,0.2,-1.5,2.5,4.3,79.4,4.3,4.73,0.9
2014-02-09,-1.6,-3.4,0.7,0.2,76.5,2.7,4.89,1.6
2014-02-10,-0.1,-2.9,4.4,0.2,55.0,2.5,10.12,6.0
2014-02-11,0.2,-3.8,5.2,,42.1,3.2,13.48,9.7
2014-02-12,1.2,-2.0,5.1,0.0,49.3,2.5,8.68,5.1
2014-02-13,1.9,-2.1,6.5,,46.1,2.2,10.77,6.5
2014-02-14,2.7,-0.7,7.6,,47.3,3.1,10.28,6.8
2014-02-15,2.7,-1.9,8.5,,54.6,2.7,13.19,9.8
2014-02-16,2.8,-1.1,8.1,,53.3,1.7,8.75,2.9
2014-02-17,4.2,0.9,8.5,,45.5,2.0,8.25,3.2
2014-02-18,2.5,0.3,5.4,,45.9,3.5,8.72,3.1
2014-02-19,2.1,-1.9,6.7,,48.6,2.6,11.18,8.1
2014-02-20,1.2,-1.2,5.5,,61.5,2.8,11.19,7.8
2014-02-21,0.9,-4.0,6.9,,49.1,2.6,14.18,10.1
2014-02-22,2.2,-2.1,7.4,,49.3,2.1,12.29,9.4
2014-02-23,3.1,-1.8,8.5,,50.6,2.1,10.62,7.3
2014-02-24,4.1,-0.3,9.3,,58.0,2.3,10.25,6.3
2014-02-25,5.7,0.6,12.3,,59.9,2.0,11.77,8.0
2014-02-26,8.4,1.4,16.4,,44.9,1.9,12.87,8.2
2014-02-27,7.7,3.8,13.1,,55.4,2.8,9.59,5.4
2014-02-28,6.7,1.3,12.3,,58.8,2.3,9.8,4.3
2014-03-01,6.0,3.3,9.4,,61.1,2.6,7.94,1.0
2014-03-02,4.5,-0.2,10.1,,46.4,3.0,16.06,10.5
2014-03-03,5.2,-1.0,11.9,,34.4,2.0,14.41,10.4
2014-03-04,6.3,2.2,12.3,,48.0,2.9,11.23,6.3
2014-03-05,1.4,-1.4,5.3,0.0,44.8,4.4,16.73,10.7
2014-03-06,0.3,-3.0,5.0,0.0,43.4,3.6,12.73,9.6
2014-03-07,-0.6,-4.6,4.3,,45.9,3.8,16.53,10.6
2014-03-08,2.0,-2.2,7.0,,55.0,2.5,11.88,7.4
2014-03-09,1.4,-1.6,4.8,2.2,56.4,3.6,16.03,9.9
2014-03-10,1.5,-3.6,7.7,,50.4,3.0,17.39,11.1
2014-03-11,4.5,-0.9,9.4,,65.0,2.8,10.41,4.3
2014-03-12,6.9,4.0,9.5,0.2,75.8,1.5,3.81,0.9
2014-03-13,5.2,1.6,8.3,0.0,54.5,4.0,7.0,0.8
2014-03-14,3.4,-1.5,8.5,,54.6,3.6,15.46,10.5
2014-03-15,6.8,0.1,13.4,,66.8,4.0,12.89,7.0
2014-03-16,11.3,5.7,18.5,,68.3,2.3,14.4,7.3
2014-03-17,12.6,6.9,19.4,0.5,79.0,3.5,9.26,5.4
2014-03-18,10.5,7.7,16.0,0.4,75.3,3.5,12.35,7.1
2014-03-19,9.6,7.4,12.3,,65.5,2.9,6.59,0.1
2014-03-20,6.3,2.8,10.3,0.4,71.3,3.2,8.03,4.1
2014-03-21,5.9,1.2,12.0,,52.5,3.4,19.0,11.4
2014-03-22,8.6,2.3,15.5,,63.5,2.5,16.08,9.9
2014-03-23,9.6,4.6,15.5,,63.6,3.0,15.45,10.1
2014-03-24,10.9,4.6,15.3,0.0,60.5,3.5,14.77,7.7
2014-03-25,14.6,11.9,18.2,0.0,75.9,2.7,7.76,0.7
2014-03-26,15.4,11.8,21.9,0.0,64.6,2.8,12.46,6.4
2014-03-27,13.5,7.7,20.4,,68.9,2.8,14.14,7.9
2014-03-28,16.6,11.3,23.8,,57.3,2.6,14.67,7.0
2014-03-29,15.0,13.2,18.0,3.5,73.4,2.5,3.49,0.0
2014-03-30,14.9,10.2,20.6,0.0,63.5,3.1,18.5,10.7
2014-03-31,14.5,8.8,20.2,,49.3,2.3,14.6,7.9
2014-04-01,15.6,9.5,23.0,,33.8,2.4,17.51,10.4
2014-04-02,15.5,9.9,21.9,,30.0,2.7,17.06,10.1
2014-04-03,10.2,5.5,13.6,0.5,63.0,3.1,4.78,0.0
2014-04-04,6.6,2.3,11.7,,52.6,3.4,18.75,10.0
2014-04-05,6.2,3.5,11.0,0.0,60.5,3.0,16.45,8.2
2014-04-06,7.4,2.3,12.8,,50.6,4.0,21.58,12.1
2014-04-07,10.3,4.9,16.7,,64.9,3.4,17.59,9.3
2014-04-08,11.9,5.7,19.7,,60.9,2.6,20.03,11.5
2014-04-09,10.3,7.0,15.3,,85.3,3.0,14.69,6.5
2014-04-10,12.5,7.2,20.0,,71.5,2.4,14.68,7.7
2014-04-11,13.6,10.1,18.7,,69.5,2.8,16.1,7.5
2014-04-12,14.3,11.1,17.2,,68.8,1.7,6.29,0.0
2014-04-13,17.2,13.2,24.3,,54.9,2.2,15.96,7.2
2014-04-14,16.3,12.1,22.4,,53.3,2.7,18.66,10.6
2014-04-15,12.9,9.3,16.8,,80.1,3.2,15.62,6.7
2014-04-16,14.0,10.0,19.4,,81.0,1.8,5.67,1.7
2014-04-17,14.7,8.4,20.9,3.0,67.4,1.9,11.6,4.4
2014-04-18,15.9,12.0,23.0,,59.9,2.6,17.54,8.2
2014-04-19,14.0,11.4,18.4,,56.0,4.5,11.47,1.3
2014-04-20,14.6,10.0,21.6,,54.4,3.4,21.22,11.3
2014-04-21,15.1,9.8,21.4,,55.1,3.0,19.82,10.8
2014-04-22,16.0,9.6,23.3,,43.1,2.8,18.92,10.5
2014-04-23,17.2,10.4,24.9,,49.4,2.5,20.88,11.8
2014-04-24,18.6,12.1,26.2,,49.0,2.0,19.56,9.7
2014-04-25,19.0,12.3,25.9,,32.5,2.2,20.37,11.5
2014-04-26,18.7,13.3,25.4,,38.9,2.4,13.94,5.0
2014-04-27,15.6,13.6,18.3,8.5,86.6,2.3,6.56,0.2
2014-04-28,13.6,12.2,15.0,13.5,91.6,4.6,4.88,0.0
2014-04-29,15.0,11.9,18.9,5.5,69.5,4.0,11.74,2.2
2014-04-30,16.1,11.4,21.4,0.0,62.1,2.1,15.08,6.8
2014-05-01,16.0,10.4,22.1,,60.5,3.2,22.2,12.0
2014-05-02,15.7,11.1,24.8,1.0,70.9,3.6,16.31,7.9
2014-05-03,13.1,8.0,19.3,,54.6,3.9,24.92,13.1
2014-05-04,12.3,8.5,20.5,0.2,57.8,3.8,16.66,5.8
2014-05-05,11.3,6.8,15.5,,56.5,5.1,24.01,12.8
2014-05-06,13.1,7.6,19.0,,45.9,3.4,24.09,12.6
2014-05-07,15.7,8.7,22.3,2.0,48.3,3.8,20.91,10.4
2014-05-08,14.5,11.5,19.5,4.0,83.9,4.2,13.37,6.7
2014-05-09,16.8,9.8,23.8,,60.8,2.0,22.53,11.5
2014-05-10,20.5,12.9,28.3,,43.4,2.1,23.58,12.4
2014-05-11,18.9,15.9,23.8,23.0,54.4,3.4,8.26,0.8
2014-05-12,16.4,13.6,20.4,10.0,79.1,5.2,16.56,7.5
2014-05-13,19.2,11.9,25.6,,69.9,4.0,22.13,11.7
2014-05-14,19.6,15.3,25.9,,59.1,3.5,23.18,11.6
2014-05-15,18.2,14.5,23.7,0.3,66.9,4.0,23.55,11.3
2014-05-16,19.0,12.3,26.2,,50.3,2.9,22.87,12.0
2014-05-17,20.0,14.3,26.2,,48.0,2.3,20.42,12.3
2014-05-18,20.3,13.7,27.1,,50.1,2.4,22.57,12.6
2014-05-19,20.0,14.1,26.2,,55.1,2.3,19.95,8.5
2014-05-20,21.5,16.1,28.4,,45.4,2.2,17.56,6.2
2014-05-21,20.1,15.9,26.5,,65.3,3.7,24.14,12.0
2014-05-22,20.9,13.6,28.3,,63.4,2.5,23.62,12.5
2014-05-23,22.0,17.6,27.8,,68.4,2.9,19.11,8.8
2014-05-24,21.3,16.9,27.9,,68.8,2.3,14.66,5.0
2014-05-25,20.5,18.3,24.9,21.0,78.9,2.4,6.72,0.0
2014-05-26,19.4,16.5,24.7,1.5,67.4,4.0,21.68,9.4
2014-05-27,22.8,16.7,28.3,,49.5,4.2,23.2,12.1
2014-05-28,24.0,19.9,29.8,,60.8,2.5,20.12,9.4
2014-05-29,23.2,17.5,30.9,,54.6,2.8,23.84,12.4
2014-05-30,24.8,17.3,31.8,,42.5,2.1,22.85,12.0
2014-05-31,26.2,20.5,33.3,,50.3,2.6,22.25,10.7
2014-06-01,24.7,20.4,29.9,,58.1,1.9,13.81,4.2
2014-06-02,22.6,20.6,24.6,2.0,73.5,2.2,5.17,0.1
2014-06-03,18.7,17.5,21.0,33.0,95.3,3.5,5.27,0.0
2014-06-04,22.8,18.7,27.8,,61.5,4.3,20.18,7.9
2014-06-05,22.9,20.4,26.1,,58.8,2.9,12.01,0.6
2014-06-06,24.4,18.8,31.1,,58.9,2.4,24.3,12.1
2014-06-07,23.5,19.7,27.1,,65.1,2.4,15.83,6.1
2014-06-08,21.4,19.2,24.5,,75.3,3.0,11.82,2.8
2014-06-09,22.9,18.5,28.7,,70.8,2.3,16.88,8.6
2014-06-10,23.6,20.0,29.3,5.5,72.0,2.1,15.19,6.5
2014-06-11,20.5,18.3,26.9,19.0,87.1,1.9,11.08,4.3
2014-06-12,21.2,17.3,27.1,0.1,73.9,2.8,20.56,8.7
2014-06-13,21.3,18.4,25.8,0.0,79.0,2.9,12.33,4.8
2014-06-14,22.5,18.3,27.7,,71.6,3.3,23.48,12.0
2014-06-15,23.2,19.5,28.5,,69.9,3.3,24.57,11.6
2014-06-16,23.9,19.1,29.0,,66.4,2.5,19.62,10.9
2014-06-17,24.5,21.5,30.7,3.5,71.8,1.9,15.4,5.3
2014-06-18,24.4,20.5,29.1,0.1,71.3,3.0,19.31,9.7
2014-06-19,22.5,20.8,25.6,0.0,79.3,3.5,9.02,2.7
2014-06-20,24.2,20.7,28.6,1.5,76.5,1.6,10.49,1.7
2014-06-21,23.1,19.8,28.2,8.5,80.9,2.7,13.26,1.0
2014-06-22,23.7,20.2,29.0,0.4,74.4,1.8,15.45,5.8
2014-06-23,21.0,19.4,23.2,24.5,91.4,1.4,6.62,1.5
2014-06-24,22.9,19.4,27.2,,74.6,2.4,18.44,9.7
2014-06-25,23.8,20.2,29.0,,74.1,2.3,15.52,5.1
2014-06-26,24.4,20.2,29.5,,68.0,2.4,19.65,10.5
2014-06-27,24.1,20.6,29.5,,74.8,2.8,20.09,9.8
2014-06-28,23.8,21.3,28.4,0.0,71.6,3.8,17.04,7.4
2014-06-29,24.1,20.9,29.8,,70.3,2.1,12.25,3.2
2014-06-30,25.3,21.2,30.2,,68.0,2.7,20.77,10.3
2014-07-01,26.0,21.1,31.2,,67.8,2.1,15.2,8.0
2014-07-02,25.7,22.1,31.1,20.5,77.3,2.5,14.33,3.7
2014-07-03,22.6,21.4,24.7,2.0,85.5,2.8,6.07,0.9
2014-07-04,26.8,21.6,32.3,,62.1,2.4,22.25,11.3
2014-07-05,25.7,22.3,29.7,,70.4,2.1,14.19,3.9
2014-07-06,25.7,23.0,29.5,,65.8,2.1,18.73,7.2
2014-07-07,27.1,20.8,33.8,,61.4,2.3,24.84,13.2
2014-07-08,25.9,23.7,29.3,0.2,73.0,1.9,8.31,3.6
2014-07-09,27.6,25.6,33.0,0.5,78.3,2.2,11.03,2.5
2014-07-10,28.9,24.6,33.6,,57.9,2.9,21.7,10.1
2014-07-11,27.1,23.0,32.8,,63.4,4.0,28.64,12.0
2014-07-12,25.3,22.9,29.6,,74.3,3.2,,0.8
2014-07-13,25.4,23.0,29.4,,73.4,3.3,,5.9
2014-07-14,26.4,22.8,30.7,,70.8,3.3,,9.2
2014-07-15,26.8,23.9,32.3,,69.4,2.4,,3.8
2014-07-16,26.6,23.5,32.2,,68.4,2.7,,7.0
2014-07-17,25.9,23.6,29.6,0.2,75.9,3.1,,3.2
2014-07-18,26.1,22.6,30.6,1.5,80.5,2.6,,5.8
2014-07-19,27.0,24.7,30.7,,79.8,2.4,,0.2
2014-07-20,27.9,24.6,33.2,,75.8,2.6,,5.5
2014-07-21,27.3,24.4,31.6,,73.9,3.0,,7.0
2014-07-22,25.9,24.6,28.2,16.5,83.9,4.4,,0.0
2014-07-23,23.6,21.7,25.2,55.0,90.0,3.2,5.93,0.7
2014-07-24,21.9,19.1,24.5,48.0,92.8,2.0,6.82,1.3
2014-07-25,27.5,22.1,33.7,59.5,81.9,2.9,12.36,4.9
2014-07-26,22.6,20.8,27.3,2.5,86.1,6.4,3.48,0.8
2014-07-27,25.0,21.4,30.6,,75.0,1.9,14.61,6.8
2014-07-28,26.6,21.6,31.3,,71.6,1.9,17.34,7.6
2014-07-29,26.5,23.4,30.1,,68.4,2.5,18.86,9.8
2014-07-30,28.6,25.0,33.5,,70.6,2.2,15.4,8.1
2014-07-31,28.6,25.8,34.4,1.5,75.9,2.1,15.93,7.9
2014-08-01,30.2,24.7,34.7,,63.4,2.6,18.08,9.5
2014-08-02,31.4,28.7,35.8,0.0,55.0,3.9,16.96,6.6
2014-08-03,26.5,24.1,30.5,13.0,87.6,4.2,7.02,1.0
2014-08-04,26.4,24.7,29.6,6.5,93.0,2.1,7.22,0.9
2014-08-05,26.6,25.0,29.2,0.0,87.5,3.2,6.81,1.6
2014-08-06,24.4,22.5,26.2,10.5,92.4,2.2,3.94,0.0
2014-08-07,24.7,22.6,27.1,0.2,91.1,1.5,6.26,0.7
2014-08-08,26.1,21.9,30.6,,62.3,3.8,19.64,11.7
2014-08-09,26.5,22.3,31.6,,48.4,4.6,22.35,11.5
2014-08-10,23.4,19.6,27.7,42.5,79.4,2.6,6.66,0.7
2014-08-11,23.7,18.3,28.6,,78.4,2.2,19.44,12.0
2014-08-12,25.8,22.3,30.4,,77.8,2.7,16.57,10.0
2014-08-13,24.2,22.5,26.7,0.0,75.3,2.1,6.14,0.0
2014-08-14,22.3,21.4,24.2,0.5,78.6,2.0,4.32,0.2
2014-08-15,24.9,20.9,29.6,,72.9,1.7,12.53,6.4
2014-08-16,26.1,22.2,31.8,,73.9,1.8,15.5,8.8
2014-08-17,24.0,22.9,25.0,3.0,81.1,1.9,3.2,0.0
2014-08-18,22.3,20.9,24.4,11.5,90.0,3.1,6.42,0.5
2014-08-19,22.3,20.4,25.3,4.5,96.6,1.5,4.37,0.4
2014-08-20,24.8,22.4,28.0,0.5,86.0,1.1,6.74,1.0
2014-08-21,23.1,21.8,24.6,46.5,96.5,2.4,4.94,0.2
2014-08-22,24.7,21.8,28.2,15.0,83.4,3.1,13.56,7.7
2014-08-23,25.2,22.8,29.7,0.5,79.5,2.7,12.29,6.3
2014-08-24,25.6,20.7,30.7,0.1,75.5,1.3,15.04,7.0
2014-08-25,25.9,24.1,28.6,0.0,71.8,3.0,8.43,1.2
2014-08-26,25.4,21.6,29.6,11.5,71.4,2.5,11.38,3.8
2014-08-27,24.6,21.1,28.6,,66.8,2.8,14.77,8.7
2014-08-28,25.1,19.8,30.7,,65.3,2.2,18.41,11.2
2014-08-29,25.2,21.0,30.1,6.5,71.9,1.8,14.21,7.8
2014-08-30,24.6,19.9,30.7,,71.6,1.9,17.6,9.7
2014-08-31,24.1,20.7,29.0,,68.6,1.4,12.18,3.6
2014-09-01,24.1,20.4,29.7,1.5,72.5,1.5,13.6,6.2
2014-09-02,23.1,19.3,27.7,6.0,73.6,2.5,10.67,2.6
2014-09-03,19.1,17.4,20.6,57.5,99.8,3.4,2.57,0.0
2014-09-04,22.4,18.0,27.6,,79.4,2.5,17.14,11.9
2014-09-05,23.8,20.0,29.0,,76.0,2.1,16.45,7.9
2014-09-06,25.2,20.3,30.8,,66.9,1.8,18.51,9.9
2014-09-07,25.3,19.8,31.3,,72.1,1.6,17.29,9.6
2014-09-08,24.8,20.6,30.2,,75.0,2.5,17.27,11.1
2014-09-09,23.3,19.9,28.2,,66.5,2.1,15.95,8.8
2014-09-10,22.4,16.7,28.9,,60.6,1.5,18.02,11.7
2014-09-11,23.3,17.5,29.2,,61.1,1.8,16.71,10.9
2014-09-12,21.3,18.6,26.6,0.1,74.9,2.1,9.31,2.1
2014-09-13,23.1,18.6,28.3,,60.9,2.3,15.27,10.1
2014-09-14,23.0,18.2,28.4,,60.6,2.3,15.46,9.8
2014-09-15,23.1,20.6,27.5,,64.9,2.2,12.92,4.4
2014-09-16,21.3,15.8,27.0,,43.8,2.1,16.64,9.9
2014-09-17,20.2,17.6,22.6,,52.3,1.5,6.82,0.0
2014-09-18,20.6,16.2,27.0,,56.5,2.0,13.77,9.2
2014-09-19,21.4,14.9,28.4,,55.0,1.7,16.52,10.6
2014-09-20,21.6,15.4,28.1,,52.5,2.0,18.14,11.4
2014-09-21,20.2,17.5,25.6,0.0,61.6,1.4,7.84,4.4
2014-09-22,21.4,15.0,27.9,,57.5,2.0,16.15,11.1
2014-09-23,23.0,18.1,29.0,,52.1,2.5,15.04,9.9
2014-09-24,20.3,18.0,23.8,6.5,77.9,2.6,6.96,2.5
2014-09-25,22.2,17.7,27.7,,66.9,1.7,13.69,8.0
2014-09-26,21.0,18.6,24.2,0.0,78.1,2.6,8.01,3.0
2014-09-27,21.4,18.3,25.1,,79.0,2.6,9.76,6.8
2014-09-28,21.7,19.2,24.7,0.5,85.5,1.1,6.03,0.3
2014-09-29,19.4,17.7,20.7,16.0,99.0,1.3,2.03,0.0
2014-09-30,18.9,15.4,23.7,,72.5,3.1,14.02,10.2
2014-10-01,19.2,14.9,24.4,,68.6,2.6,11.31,7.2
2014-10-02,18.1,17.1,20.1,9.0,89.0,2.2,2.51,0.0
2014-10-03,16.1,13.4,20.8,,74.3,2.9,10.39,5.9
2014-10-04,16.9,11.6,23.0,,62.0,3.4,15.61,10.8
2014-10-05,17.1,12.5,23.2,,53.1,3.1,16.2,10.8
2014-10-06,16.6,10.5,22.6,,57.0,1.7,15.32,10.6
2014-10-07,16.1,11.6,22.5,,64.8,2.4,13.32,9.9
2014-10-08,16.7,10.0,23.6,,61.5,1.5,14.67,10.6
2014-10-09,18.6,12.4,25.4,,60.4,2.0,15.14,10.4
2014-10-10,19.0,12.5,26.3,,63.3,3.6,15.11,10.6
2014-10-11,19.4,13.6,25.6,,57.4,3.1,15.6,10.7
2014-10-12,21.2,13.9,29.0,,48.5,1.9,15.03,10.2
2014-10-13,17.4,11.0,21.7,,51.9,4.7,14.38,9.3
2014-10-14,13.8,8.5,20.0,,51.8,2.2,15.13,10.7
2014-10-15,13.8,8.9,20.0,,60.4,2.4,13.26,9.1
2014-10-16,13.2,9.3,18.0,2.5,53.8,3.1,12.93,7.9
2014-10-17,13.6,6.6,21.2,,53.8,1.9,14.32,10.2
2014-10-18,15.5,9.4,22.5,,68.9,1.7,13.0,9.6
2014-10-19,17.0,11.2,22.7,,61.0,1.7,10.32,6.2
2014-10-20,14.4,12.9,17.1,21.5,97.8,2.6,1.51,0.0
2014-10-21,13.8,11.9,15.7,18.5,92.8,3.4,1.8,0.0
2014-10-22,13.6,10.4,18.7,,69.0,3.0,12.22,8.1
2014-10-23,13.8,8.5,20.6,,67.8,2.1,13.3,9.9
2014-10-24,15.1,9.9,21.0,,78.0,1.8,9.72,7.5
2014-10-25,16.5,12.9,22.2,,81.1,1.9,9.85,6.0
2014-10-26,16.0,11.6,19.9,0.5,76.9,2.8,6.75,2.9
2014-10-27,10.7,6.1,16.9,,35.3,3.0,14.28,9.8
2014-10-28,10.2,2.7,19.4,,43.4,1.4,13.73,9.7
2014-10-29,12.1,4.9,20.8,,46.4,1.7,11.81,9.0
2014-10-30,14.2,7.7,20.8,,45.8,1.5,9.39,5.9
2014-10-31,15.0,12.8,18.2,0.2,62.1,2.4,4.4,0.3
2014-11-01,17.3,15.1,22.9,,63.4,2.2,9.77,6.0
2014-11-02,12.0,7.1,15.4,2.5,50.5,4.8,10.22,8.3
2014-11-03,9.3,3.8,14.8,,40.9,3.1,12.97,9.7
2014-11-04,11.3,5.4,18.5,,60.5,1.9,12.23,9.7
2014-11-05,12.4,6.4,18.4,,65.6,1.9,9.74,8.0
2014-11-06,13.5,9.5,17.7,0.5,61.0,2.1,8.04,6.8
2014-11-07,9.8,5.1,16.5,,52.5,1.9,10.46,9.5
2014-11-08,9.9,6.9,15.1,,61.9,1.4,4.58,0.8
2014-11-09,10.0,6.3,15.5,,46.3,2.3,11.54,9.5
2014-11-10,9.4,3.5,16.5,,49.9,1.7,11.53,9.7
2014-11-11,9.4,4.6,14.5,2.0,67.4,1.9,7.89,7.1
2014-11-12,6.0,-1.3,10.0,5.0,50.6,5.4,9.39,8.4
2014-11-13,-0.2,-3.1,4.3,,38.5,3.7,11.81,9.4
2014-11-14,4.2,-1.4,10.0,0.0,54.0,2.2,10.66,9.5
2014-11-15,4.1,-0.5,9.5,,38.3,2.1,10.34,9.3
2014-11-16,6.6,2.6,12.4,1.0,42.6,1.6,9.0,7.5
2014-11-17,6.2,3.8,9.0,1.5,75.5,2.3,6.32,5.7
2014-11-18,5.0,1.7,10.4,,53.4,2.2,11.06,9.4
2014-11-19,5.6,-0.6,12.6,,55.4,1.6,9.97,9.0
2014-11-20,7.9,2.7,14.6,,61.9,1.8,9.2,8.8
2014-11-21,11.3,5.9,16.5,,62.5,2.8,7.46,6.1
2014-11-22,11.0,8.0,12.7,4.0,90.9,1.9,1.93,0.4
2014-11-23,9.0,6.3,12.3,,80.0,2.0,5.84,1.6
2014-11-24,9.8,8.0,13.2,,59.8,1.3,3.64,0.0
2014-11-25,10.2,6.6,15.1,,56.0,4.2,8.14,5.7
2014-11-26,11.0,8.2,16.3,,58.8,2.8,8.67,7.4
2014-11-27,10.4,6.7,14.9,,69.9,1.9,5.44,3.3
2014-11-28,8.8,6.5,10.1,18.0,88.0,3.7,1.21,0.0
2014-11-29,8.3,5.5,12.8,,83.9,2.1,8.47,6.7
2014-11-30,9.1,7.2,11.1,7.0,88.1,3.2,2.74,0.8
2014-12-01,-1.1,-7.2,7.9,0.5,58.8,6.1,5.49,4.6
2014-12-02,-5.4,-8.2,-2.7,0.0,42.3,4.6,10.4,9.0
2014-12-03,-3.3,-6.5,-0.5,0.9,70.6,1.9,5.88,4.5
2014-12-04,-4.6,-7.4,-0.2,0.0,43.0,2.7,8.91,8.9
2014-12-05,-6.6,-10.1,-2.5,,45.5,3.6,10.05,9.3
2014-12-06,-5.6,-8.8,-0.5,,47.5,2.8,9.5,9.1
2014-12-07,-3.4,-8.2,0.2,,43.9,1.6,5.49,3.9
2014-12-08,-1.6,-4.8,2.7,,48.4,2.6,9.38,8.9
2014-12-09,-2.4,-7.4,4.1,,44.1,1.5,9.25,9.0
2014-12-10,1.6,-1.9,4.2,2.0,58.8,1.9,3.29,0.7
2014-12-11,-1.5,-5.2,3.2,0.5,64.8,3.4,7.8,7.2
2014-12-12,-3.8,-7.0,0.5,0.1,70.4,2.0,6.08,4.2
2014-12-13,-5.2,-7.3,-2.0,,45.8,3.2,9.67,9.1
2014-12-14,-3.6,-8.6,0.6,0.0,60.5,1.5,6.58,5.4
2014-12-15,-0.1,-1.7,2.0,10.5,90.6,2.8,2.3,0.0
2014-12-16,-4.9,-9.4,1.7,0.0,58.9,4.9,9.72,8.2
2014-12-17,-9.0,-11.1,-5.2,,41.0,4.9,9.26,9.2
2014-12-18,-8.3,-13.2,-2.2,,39.9,2.3,9.85,9.2
2014-12-19,-3.8,-8.1,0.0,0.9,54.5,3.4,4.27,0.4
2014-12-20,-1.7,-6.6,2.1,2.0,66.0,3.8,9.1,7.6
2014-12-21,-6.4,-9.0,-1.3,0.0,58.5,2.2,6.59,6.0
2014-12-22,-4.7,-9.7,0.8,0.3,64.6,2.2,7.03,6.6
2014-12-23,-1.3,-5.7,1.8,,67.1,2.6,4.77,2.0
2014-12-24,1.7,-3.1,6.4,0.2,66.8,2.8,6.66,7.6
2014-12-25,-2.6,-5.9,1.8,,52.0,2.5,9.67,9.2
2014-12-26,-3.2,-7.4,2.5,,45.6,1.9,9.6,9.1
2014-12-27,-1.8,-6.3,5.0,,46.8,1.7,8.47,8.7
2014-12-28,-0.8,-3.6,1.6,,64.1,2.2,2.93,0.3
2014-12-29,2.9,-0.5,6.4,,73.1,2.3,4.98,3.4
2014-12-30,1.9,-1.6,6.3,,62.8,2.6,8.22,7.6
2014-12-31,-1.9,-6.9,1.7,0.0,47.4,3.8,8.49,6.7
2015-01-01,-7.7,-9.8,-4.3,,41.4,4.6,9.79,8.9
2015-01-02,-6.0,-9.0,-1.9,,45.9,3.2,9.07,7.6
2015-01-03,-2.7,-9.2,3.1,,56.1,1.9,8.66,7.9
2015-01-04,2.5,0.2,8.5,0.0,70.1,2.0,5.32,3.6
2015-01-05,3.7,-1.1,7.9,0.4,73.1,2.4,6.48,4.4
2015-01-06,-3.2,-7.6,4.0,3.0,52.4,4.3,10.47,9.2
2015-01-07,-5.5,-8.9,-0.6,,33.1,2.5,10.12,9.2
2015-01-08,-5.1,-9.5,-0.2,,45.8,2.2,10.09,9.2
2015-01-09,-2.1,-6.8,3.5,,58.3,2.0,8.74,9.1
2015-01-10,-0.3,-5.6,4.8,,56.5,2.3,9.41,9.1
2015-01-11,-0.4,-4.3,2.5,,57.8,3.6,9.6,9.2
2015-01-12,-2.7,-7.3,3.7,,37.8,1.8,10.05,9.3
2015-01-13,0.2,-5.1,5.8,,39.6,1.8,8.14,5.8
2015-01-14,2.5,-0.3,6.1,,41.1,1.5,3.36,0.3
2015-01-15,2.8,-1.1,9.0,,53.6,2.1,8.47,7.2
2015-01-16,0.8,-2.5,3.4,0.3,73.0,4.0,2.79,1.3
2015-01-17,-4.1,-7.7,0.0,,46.0,3.8,10.89,9.3
2015-01-18,-1.3,-6.5,2.1,4.0,68.4,2.3,5.06,1.5
2015-01-19,-0.1,-4.0,3.1,0.1,68.1,3.2,7.52,7.4
2015-01-20,-0.9,-6.4,4.4,,55.8,1.9,9.79,8.7
2015-01-21,2.6,-1.2,6.5,,58.3,2.0,5.67,1.5
2015-01-22,3.1,0.8,7.1,,60.6,1.5,5.51,1.6
2015-01-23,1.2,-1.6,4.9,,66.4,2.6,6.88,6.7
2015-01-24,3.7,0.8,8.4,,62.9,1.8,8.35,7.2
2015-01-25,3.0,1.1,5.0,3.0,78.4,3.5,2.08,0.0
2015-01-26,3.6,0.2,6.5,0.5,87.5,2.6,3.06,1.1
2015-01-27,-3.6,-7.4,0.5,,55.4,3.7,11.85,9.4
2015-01-28,-4.1,-9.1,2.7,,49.3,2.3,10.98,8.9
2015-01-29,-1.1,-4.6,3.0,,56.4,2.3,4.09,0.0
2015-01-30,-3.3,-7.0,0.8,,51.8,3.8,10.69,9.0
2015-01-31,-4.5,-8.5,0.8,,46.4,2.6,12.07,9.7
2015-02-01,-3.0,-8.2,3.6,,44.9,1.9,12.34,9.7
2015-02-02,-0.6,-5.3,6.4,,47.3,1.5,10.21,7.6
2015-02-03,0.6,-3.5,7.2,,54.5,2.1,10.3,9.1
2015-02-04,0.4,-3.1,5.8,,64.5,2.0,9.31,7.9
2015-02-05,-0.1,-3.8,4.8,,57.1,3.0,10.43,9.0
2015-02-06,0.4,-4.3,6.5,,57.3,2.2,11.5,9.5
2015-02-07,1.2,-2.7,5.7,,65.3,2.6,6.2,4.1
2015-02-08,-9.8,-11.9,-2.8,,34.1,5.3,12.92,9.7
2015-02-09,-5.7,-13.0,-0.1,0.2,54.6,3.1,10.34,7.3
2015-02-10,1.7,-2.0,5.8,,69.0,2.8,5.88,5.0
2015-02-11,2.7,-0.8,8.0,,60.3,2.5,11.1,8.0
2015-02-12,-2.2,-4.7,1.6,,36.8,4.2,13.4,9.7
2015-02-13,-1.6,-6.4,4.0,,46.4,3.1,13.33,9.8
2015-02-14,2.0,-3.1,6.6,,72.9,2.2,3.13,0.3
2015-02-15,7.9,3.2,13.0,,61.6,2.9,10.41,7.3
2015-02-16,5.0,4.1,7.9,10.5,91.9,3.5,1.41,0.0
2015-02-17,1.9,0.5,4.1,0.5,78.5,3.5,4.86,2.4
2015-02-18,0.8,-1.5,3.3,0.0,72.0,2.5,5.48,1.6
2015-02-19,2.2,-2.7,8.6,,67.1,1.6,11.93,8.9
2015-02-20,5.2,-1.3,11.4,,55.3,2.0,11.33,7.2
2015-02-21,5.7,4.8,6.7,8.0,79.0,3.4,2.74,0.0
2015-02-22,3.5,-0.7,7.0,2.5,78.0,4.1,7.29,4.4
2015-02-23,0.9,-2.4,5.9,,60.4,3.0,12.64,8.0
2015-02-24,2.1,-1.1,7.5,,60.0,2.3,13.75,9.3
2015-02-25,5.4,0.2,12.5,0.5,48.6,2.9,11.32,5.8
2015-02-26,1.2,-3.5,4.7,0.5,56.9,4.9,12.37,9.1
2015-02-27,-1.3,-5.6,4.8,,35.6,3.2,15.22,9.3
2015-02-28,2.7,-2.0,6.4,,40.5,2.0,5.9,0.0
2015-03-01,2.4,-0.2,5.9,0.0,56.8,3.7,9.47,5.5
2015-03-02,3.9,-1.9,9.7,,43.5,2.8,15.5,10.3
2015-03-03,2.8,-1.3,6.7,5.5,69.5,3.4,4.6,0.0
2015-03-04,-2.1,-4.6,1.4,,43.4,5.3,16.79,10.8
2015-03-05,-0.3,-5.4,5.5,,41.1,1.9,12.96,8.6
2015-03-06,2.9,-3.2,10.4,,37.8,2.3,16.17,10.9
2015-03-07,4.2,-2.3,11.0,,45.5,2.3,16.0,10.6
2015-03-08,7.7,0.4,15.1,,42.5,1.8,13.63,8.2
2015-03-09,2.2,-5.4,8.2,,43.4,5.4,15.27,9.4
2015-03-10,-3.4,-6.9,1.0,,30.6,5.9,18.52,11.0
2015-03-11,0.4,-5.1,7.5,,45.1,4.5,12.06,10.0
2015-03-12,2.1,-3.5,6.7,,41.0,4.0,17.66,11.1
2015-03-13,5.6,1.8,11.0,0.1,45.4,3.0,18.08,11.0
2015-03-14,4.3,-1.2,11.6,,31.4,2.3,16.81,9.8
2015-03-15,5.5,0.0,12.5,,42.0,2.2,15.39,10.1
2015-03-16,9.8,1.3,18.6,,44.4,2.0,16.19,10.0
2015-03-17,10.7,6.9,16.1,0.0,51.9,1.8,5.91,0.3
2015-03-18,10.7,8.4,14.4,1.5,61.5,4.0,4.62,0.0
2015-03-19,12.4,6.5,21.0,,50.9,2.5,16.82,10.6
2015-03-20,13.4,7.6,21.9,,32.5,2.5,15.98,8.4
2015-03-21,11.7,6.9,17.8,,31.0,2.7,14.97,8.3
2015-03-22,8.3,2.2,14.9,,33.3,4.2,18.36,11.1
2015-03-23,4.6,0.0,10.1,,24.3,4.2,19.17,11.5
2015-03-24,5.4,-0.9,12.4,,32.8,2.6,19.59,11.6
2015-03-25,6.5,0.1,14.2,,45.9,2.5,18.79,11.5
2015-03-26,7.9,1.6,14.8,,47.5,3.1,19.14,11.6
2015-03-27,9.1,3.2,16.2,,50.5,2.6,18.41,11.3
2015-03-28,9.7,2.5,17.0,,35.0,2.8,17.9,10.3
2015-03-29,10.5,7.0,16.5,,61.9,2.5,12.83,6.2
2015-03-30,13.2,5.9,20.8,,57.4,2.6,17.94,10.8
2015-03-31,12.9,10.0,14.9,2.5,80.6,2.2,3.09,0.0
2015-04-01,12.9,10.0,17.6,2.5,67.9,4.1,14.44,5.3
2015-04-02,14.8,8.5,21.8,28.0,70.5,5.0,11.5,4.8
2015-04-03,10.6,6.9,15.1,3.5,83.4,2.8,7.42,2.4
2015-04-04,13.5,8.9,18.5,0.0,48.0,4.3,12.62,5.5
2015-04-05,10.5,10.1,12.2,0.5,75.1,2.5,2.89,0.0
2015-04-06,10.3,6.9,15.4,,55.8,2.7,10.2,1.7
2015-04-07,8.4,5.5,12.2,0.0,59.5,2.6,10.17,4.7
2015-04-08,8.3,3.5,13.7,,52.5,2.9,14.69,8.3
2015-04-09,9.6,3.8,16.3,,43.0,2.3,18.2,10.8
2015-04-10,11.6,4.6,19.2,,40.5,2.8,20.67,11.6
2015-04-11,13.5,6.7,20.7,,39.3,2.5,19.87,11.6
2015-04-12,14.9,9.1,20.4,,30.6,2.9,12.6,3.8
2015-04-13,12.0,7.4,17.6,6.5,53.9,5.9,14.89,5.6
2015-04-14,6.9,5.8,8.0,10.5,89.9,2.7,5.33,0.0
2015-04-15,11.1,5.6,17.0,1.0,72.0,2.9,16.51,8.5
2015-04-16,9.9,6.9,14.8,7.0,69.5,3.6,3.64,1.1
2015-04-17,10.5,4.8,16.1,,45.4,3.7,22.45,12.1
2015-04-18,15.2,5.2,23.7,0.0,31.9,1.9,19.74,9.8
2015-04-19,14.5,11.2,17.3,12.0,74.8,3.7,5.15,0.0
2015-04-20,12.2,10.3,16.8,5.5,75.3,3.2,8.68,3.2
2015-04-21,14.0,7.7,20.9,,46.0,2.9,22.93,12.5
2015-04-22,14.2,9.3,20.7,0.0,47.0,3.0,19.32,11.2
2015-04-23,14.5,8.0,20.1,,41.1,3.5,21.03,10.8
2015-04-24,15.7,10.4,22.8,,38.3,3.2,22.53,12.2
2015-04-25,15.9,9.2,23.0,,31.3,2.7,22.89,12.6
2015-04-26,17.3,9.9,24.4,,37.6,3.3,20.92,11.7
2015-04-27,18.5,12.7,24.9,,39.3,2.8,22.03,12.3
2015-04-28,20.3,12.3,26.9,0.0,38.6,2.1,19.07,9.6
2015-04-29,17.0,15.8,18.4,3.5,77.0,2.9,5.86,0.0
2015-04-30,21.2,15.1,28.3,,56.6,2.2,21.6,12.3
2015-05-01,21.0,15.9,27.2,,58.8,2.5,22.13,12.3
2015-05-02,20.7,15.8,26.0,0.5,64.4,2.1,15.24,6.6
2015-05-03,18.3,17.1,19.6,3.5,90.4,2.1,5.26,0.3
2015-05-04,16.1,12.5,20.1,,45.9,4.2,24.18,12.4
2015-05-05,14.2,8.3,19.9,,37.9,3.4,25.05,12.9
2015-05-06,15.4,9.8,22.0,,36.3,2.4,16.16,6.6
2015-05-07,16.5,10.6,24.0,,35.6,2.6,18.9,9.2
2015-05-08,16.7,11.7,22.7,,64.3,2.5,14.53,3.9
2015-05-09,17.6,12.6,24.0,,55.0,3.0,21.61,10.6
2015-05-10,19.1,13.5,25.9,,39.6,2.3,23.43,11.9
2015-05-11,18.4,14.4,24.1,14.0,62.1,3.0,13.34,3.8
2015-05-12,13.3,10.3,17.5,9.5,75.9,6.4,12.77,4.7
2015-05-13,17.4,11.8,21.4,0.0,56.9,5.3,23.36,12.4
2015-05-14,20.4,15.3,26.6,,63.8,3.3,19.15,8.7
2015-05-15,19.1,16.3,23.7,,71.0,2.7,10.61,3.6
2015-05-16,18.0,11.6,25.2,,41.3,3.0,25.62,13.3
2015-05-17,18.6,11.7,25.2,,40.4,2.2,21.24,13.0
2015-05-18,17.7,13.7,22.2,,53.9,3.2,13.57,2.8
2015-05-19,14.8,13.0,16.2,1.0,88.9,3.6,3.31,0.2
2015-05-20,16.3,10.6,21.9,,60.0,3.1,24.87,12.9
2015-05-21,18.7,12.6,26.0,,50.1,3.7,24.6,12.4
2015-05-22,20.0,13.7,27.2,,45.3,2.9,24.5,12.9
2015-05-23,20.6,13.6,28.3,,38.5,2.5,23.67,12.3
2015-05-24,21.0,14.0,28.5,,37.3,2.4,25.64,13.5
2015-05-25,20.8,14.4,28.7,,53.1,2.7,24.39,13.4
2015-05-26,21.5,14.1,30.3,,48.9,2.7,25.46,13.4
2015-05-27,23.2,14.4,31.5,,32.9,2.0,25.76,13.5
2015-05-28,24.3,16.7,32.2,,27.1,2.2,23.3,12.3
2015-05-29,23.8,18.5,29.8,,36.8,2.5,18.44,8.1
2015-05-30,19.8,17.0,23.2,0.4,71.0,2.9,9.2,4.0
2015-05-31,22.1,15.3,30.4,,52.8,2.2,23.66,12.5
2015-06-01,21.7,15.8,28.5,,44.6,2.6,20.01,12.0
2015-06-02,23.1,18.1,29.8,,46.9,2.7,21.87,12.5
2015-06-03,23.3,17.1,29.4,,33.3,3.8,26.58,13.2
2015-06-04,24.2,17.1,31.5,,28.9,2.6,,9.9
2015-06-05,19.1,17.5,22.0,1.0,58.8,1.7,5.94,0.3
2015-06-06,22.4,16.4,28.9,,50.4,2.3,23.09,11.0
2015-06-07,23.4,18.7,31.5,,46.8,2.3,20.45,8.2
2015-06-08,22.4,18.2,27.8,,54.9,2.3,14.74,5.1
2015-06-09,22.2,18.8,28.1,,66.3,2.9,19.71,10.6
2015-06-10,25.3,17.6,34.9,,54.3,2.2,23.47,11.1
2015-06-11,24.6,20.7,30.2,7.5,59.6,2.8,11.53,4.2
2015-06-12,23.6,19.4,29.9,0.5,63.1,3.8,22.5,11.9
2015-06-13,24.7,20.1,30.9,0.5,61.9,3.2,16.79,8.5
2015-06-14,22.8,17.8,27.7,15.5,70.3,2.7,19.52,8.5
2015-06-15,24.2,19.6,30.6,,65.6,2.2,18.62,9.2
2015-06-16,25.0,20.0,30.9,,65.9,2.4,21.08,9.8
2015-06-17,23.4,20.2,30.8,9.5,72.8,2.6,15.34,7.1
2015-06-18,24.8,19.6,31.3,3.0,59.4,2.7,20.21,8.9
2015-06-19,24.5,20.0,29.9,,57.8,2.9,18.87,9.2
2015-06-20,19.6,17.0,22.6,44.5,91.0,1.8,3.25,0.0
2015-06-21,22.4,15.6,29.6,,69.1,2.0,23.21,12.8
2015-06-22,24.0,19.4,29.1,,60.4,2.4,21.88,11.3
2015-06-23,24.7,19.7,31.0,,64.1,2.3,20.76,11.7
2015-06-24,25.7,21.1,30.6,,58.3,2.5,18.02,8.6
2015-06-25,24.8,21.0,29.1,2.0,65.1,2.1,11.93,2.4
2015-06-26,21.0,18.0,25.3,12.5,75.8,3.3,10.37,0.3
2015-06-27,25.2,19.2,31.1,,55.3,2.2,26.17,12.6
2015-06-28,25.4,21.0,31.1,,61.8,2.6,23.32,13.0
2015-06-29,25.7,21.2,30.6,0.0,61.8,2.8,22.5,11.4
2015-06-30,24.4,21.9,29.2,2.5,70.0,1.7,8.49,2.8
2015-07-01,23.7,21.0,27.9,0.5,66.3,3.8,23.03,11.7
2015-07-02,23.7,20.4,29.3,,64.5,4.0,20.63,11.1
2015-07-03,23.3,19.2,28.3,,62.6,3.0,22.48,11.1
2015-07-04,24.1,18.2,29.9,,55.8,2.2,20.86,10.9
2015-07-05,24.2,20.1,29.6,,57.4,2.3,18.23,9.7
2015-07-06,25.3,20.2,32.5,,54.3,2.2,20.44,9.9
2015-07-07,25.6,21.4,29.7,,52.1,2.0,14.8,5.5
2015-07-08,23.4,20.7,26.3,0.5,69.8,4.0,12.41,1.3
2015-07-09,26.5,22.1,31.8,,61.3,2.9,14.1,4.5
2015-07-10,29.2,23.6,34.3,,60.9,1.9,17.95,8.7
2015-07-11,30.4,25.7,36.0,0.0,60.3,2.1,17.99,9.9
2015-07-12,24.8,24.0,28.0,29.0,94.1,4.0,4.84,0.0
2015-07-13,23.1,21.4,24.9,10.0,90.8,5.2,3.52,0.1
2015-07-14,26.1,22.5,31.4,,72.4,3.5,20.45,10.1
2015-07-15,27.9,22.7,33.9,,58.8,2.9,19.53,11.4
2015-07-16,24.7,20.6,28.9,,51.3,5.0,20.99,11.2
2015-07-17,23.6,18.4,28.6,,49.8,3.6,18.65,8.1
2015-07-18,24.3,22.3,27.8,0.5,63.5,2.2,8.93,1.1
2015-07-19,25.1,21.3,29.8,5.0,77.4,1.8,12.69,3.4
2015-07-20,27.5,24.4,31.2,,71.4,2.4,10.48,1.7
2015-07-21,27.0,24.6,29.6,11.0,81.6,1.6,7.53,0.3
2015-07-22,27.7,25.3,31.7,1.0,76.9,1.8,8.63,2.2
2015-07-23,26.9,24.9,32.1,16.0,81.0,2.1,8.55,2.3
2015-07-24,24.7,22.6,25.4,26.5,96.9,2.0,3.79,0.0
2015-07-25,25.0,24.4,26.4,80.0,95.1,3.2,1.93,0.0
2015-07-26,26.0,23.5,30.0,40.5,85.5,2.6,14.11,4.3
2015-07-27,26.2,24.4,30.0,1.5,86.0,2.3,9.43,3.6
2015-07-28,27.7,24.6,31.2,0.0,74.4,2.7,15.95,7.2
2015-07-29,26.7,24.8,28.8,4.0,82.9,2.6,5.49,0.2
2015-07-30,28.6,25.5,33.1,,76.4,3.5,15.12,7.9
2015-07-31,27.9,26.2,32.4,,74.3,2.7,14.93,6.7
2015-08-01,28.2,26.0,31.6,,72.8,3.1,11.43,5.3
2015-08-02,26.5,24.1,29.2,16.5,84.3,2.7,7.69,1.4
2015-08-03,27.9,25.6,31.5,0.0,71.5,3.8,12.74,6.0
2015-08-04,27.5,25.4,30.8,,73.3,4.5,9.77,3.7
2015-08-05,28.6,25.9,32.7,0.1,67.0,3.7,15.78,7.5
2015-08-06,29.3,24.5,34.4,,64.5,2.0,21.48,11.8
2015-08-07,28.9,26.0,34.4,11.0,71.3,1.4,15.11,7.5
2015-08-08,26.6,24.3,33.0,7.5,79.1,2.1,11.69,5.0
2015-08-09,26.7,23.3,31.0,,74.4,2.1,16.75,9.6
2015-08-10,27.0,23.9,32.0,,72.1,2.3,18.83,8.6
2015-08-11,26.8,24.5,30.6,,73.6,2.1,11.2,2.2
2015-08-12,27.3,22.1,32.9,,67.5,2.0,19.87,10.6
2015-08-13,26.5,23.9,31.1,0.0,68.6,1.9,14.56,8.5
2015-08-14,26.9,22.7,32.5,,66.4,2.4,18.54,11.2
2015-08-15,27.1,23.1,30.8,0.1,70.4,1.9,13.04,6.5
2015-08-16,25.8,20.7,31.2,29.0,74.9,2.0,9.39,1.7
2015-08-17,26.6,19.8,32.9,,61.5,2.2,20.18,11.3
2015-08-18,27.9,24.1,32.2,,59.9,2.5,16.34,8.7
2015-08-19,26.8,24.2,29.7,0.0,70.3,1.8,9.03,0.2
2015-08-20,25.4,24.2,28.1,0.4,75.5,1.7,6.42,0.8
2015-08-21,25.2,23.0,29.3,2.5,78.3,2.0,10.35,4.3
2015-08-22,25.5,23.4,29.6,0.0,69.8,2.5,14.11,6.9
2015-08-23,26.3,20.9,31.7,,65.5,1.7,17.77,9.7
2015-08-24,26.3,23.3,30.3,,60.6,3.8,12.71,5.3
2015-08-25,21.7,19.2,24.5,5.5,76.4,3.2,4.19,0.0
2015-08-26,21.9,18.9,25.3,0.0,68.4,2.9,11.44,3.6
2015-08-27,24.7,21.2,30.0,0.0,61.1,3.1,21.75,12.2
2015-08-28,23.2,19.0,28.1,0.3,69.4,1.7,12.64,6.8
2015-08-29,24.4,19.0,30.8,,65.8,1.7,17.29,10.7
2015-08-30,24.9,19.9,31.0,0.0,65.9,1.6,18.09,10.6
2015-08-31,25.9,21.0,31.2,,62.9,1.9,16.15,8.8
2015-09-01,25.9,22.6,30.7,,59.4,3.4,16.85,8.3
2015-09-02,23.9,22.0,27.7,0.5,72.8,2.1,8.66,3.3
2015-09-03,23.9,19.8,28.2,18.0,75.1,2.3,16.1,10.2
2015-09-04,24.8,20.6,30.7,,68.5,2.2,15.13,8.4
2015-09-05,21.9,19.4,23.6,5.0,79.8,2.1,5.13,0.0
2015-09-06,22.2,19.3,26.2,,60.4,3.7,14.4,6.5
2015-09-07,22.6,16.8,28.7,,52.9,2.4,20.4,12.2
2015-09-08,22.7,16.2,28.9,,43.6,3.2,21.41,12.3
2015-09-09,22.4,15.3,30.1,,42.9,2.9,20.51,12.0
2015-09-10,22.4,17.0,28.4,,62.3,2.4,19.7,11.9
2015-09-11,21.0,16.8,24.4,2.5,76.4,2.1,7.39,1.8
2015-09-12,19.2,15.5,24.0,,60.4,1.9,11.82,5.8
2015-09-13,20.2,15.2,26.0,,54.1,2.6,20.08,11.9
2015-09-14,22.1,16.4,27.8,,61.1,1.6,14.36,10.0
2015-09-15,22.8,17.4,28.7,,48.5,2.2,19.02,11.2
2015-09-16,21.6,16.0,26.7,,45.5,2.5,19.62,11.7
2015-09-17,21.4,15.5,27.6,,46.4,3.1,19.7,11.4
2015-09-18,21.9,15.9,29.2,,52.1,2.4,18.02,10.0
2015-09-19,22.3,17.0,29.0,,58.3,2.4,17.45,11.5
2015-09-20,22.1,17.9,28.3,,69.0,2.0,13.58,7.7
2015-09-21,22.6,16.5,29.4,,62.1,1.5,14.14,10.0
2015-09-22,23.9,18.0,31.0,,48.4,1.8,17.12,11.2
2015-09-23,22.0,19.0,26.1,,57.9,1.7,7.24,2.1
2015-09-24,23.4,17.5,30.6,,56.4,1.9,16.16,10.3
2015-09-25,23.4,19.0,29.8,,56.5,2.5,14.77,9.5
2015-09-26,22.4,17.9,28.0,,54.5,1.8,14.47,11.0
2015-09-27,21.9,14.2,29.8,,39.4,1.9,17.46,11.2
2015-09-28,21.4,15.5,28.3,0.0,39.6,1.6,11.23,5.6
2015-09-29,22.1,15.9,28.2,,36.6,2.3,17.07,9.4
2015-09-30,21.3,19.4,26.2,,45.3,2.6,9.74,3.7
2015-10-01,16.3,10.7,19.7,35.0,77.5,3.6,1.74,0.0
2015-10-02,16.5,8.6,21.5,,53.5,3.7,14.08,10.5
2015-10-03,19.2,13.3,24.5,,49.4,3.8,15.91,10.2
2015-10-04,16.6,11.2,22.4,,38.9,1.8,12.36,8.9
2015-10-05,18.0,11.0,25.6,,49.4,1.9,16.27,11.0
2015-10-06,18.7,12.1,26.3,,57.5,1.9,15.06,10.5
2015-10-07,19.6,14.1,25.7,,67.5,1.4,11.87,6.9
2015-10-08,20.1,15.7,26.4,,61.1,2.3,14.45,9.8
2015-10-09,16.2,12.8,20.5,,43.8,3.7,16.51,10.8
2015-10-10,12.8,10.4,17.2,3.5,70.9,2.2,4.71,2.2
2015-10-11,10.8,8.1,14.4,3.5,72.6,2.4,5.97,1.5
2015-10-12,12.3,8.2,17.9,,56.5,2.7,15.18,10.6
2015-10-13,15.0,7.8,21.3,,66.4,2.5,13.78,10.1
2015-10-14,17.1,10.9,24.5,,64.6,1.6,14.07,9.2
2015-10-15,17.9,12.1,26.1,,62.1,1.8,13.21,9.8
2015-10-16,17.5,13.2,24.2,,71.0,1.8,9.97,7.6
2015-10-17,18.7,12.4,26.6,,64.8,1.7,13.82,10.2
2015-10-18,17.9,12.4,24.2,,65.1,1.3,11.68,9.0
2015-10-19,18.1,13.6,23.9,,67.4,2.0,10.67,7.6
2015-10-20,18.8,15.4,25.1,,69.5,1.6,10.77,6.9
2015-10-21,17.9,13.9,22.7,,72.5,1.6,9.93,6.7
2015-10-22,17.5,14.5,23.1,,64.8,2.2,9.2,4.6
2015-10-23,17.5,15.2,21.4,,69.1,2.4,7.24,4.1
2015-10-24,16.9,13.2,22.0,10.5,64.4,2.5,10.46,6.9
2015-10-25,16.3,12.1,22.8,,51.0,2.1,12.95,8.6
2015-10-26,15.0,12.0,18.7,2.0,66.8,2.4,7.11,2.4
2015-10-27,12.1,7.7,15.9,26.5,69.3,3.2,9.17,7.0
2015-10-28,9.9,5.6,15.8,,49.0,2.5,13.01,9.7
2015-10-29,8.4,3.2,14.7,0.5,50.4,2.4,10.86,7.0
2015-10-30,5.4,1.7,10.4,,41.8,2.6,13.64,9.7
2015-10-31,5.7,1.1,12.3,,42.5,2.1,13.52,9.7
2015-11-01,7.0,1.3,12.6,,48.4,1.6,8.35,4.7
2015-11-02,10.8,6.1,15.2,,60.5,1.6,8.68,6.6
2015-11-03,11.8,6.6,18.7,,67.6,1.4,10.84,9.0
2015-11-04,12.2,5.8,19.8,,62.0,1.6,11.07,9.1
2015-11-05,13.2,8.6,19.2,,63.9,1.7,9.56,8.1
2015-11-06,13.5,9.6,19.2,4.5,63.9,4.7,8.42,5.6
2015-11-07,10.5,9.3,11.7,24.5,91.5,6.0,2.0,0.0
2015-11-08,11.1,10.3,11.8,10.5,90.6,5.2,2.05,0.0
2015-11-09,10.8,9.8,12.1,3.5,87.6,2.1,3.48,0.0
2015-11-10,10.0,7.7,13.5,,80.0,1.8,6.06,2.6
2015-11-11,11.6,6.6,17.7,,72.4,1.6,9.47,7.1
2015-11-12,14.5,10.2,21.0,,63.5,2.8,11.05,8.9
2015-11-13,11.5,10.5,13.1,22.5,83.8,4.0,1.54,0.0
2015-11-14,12.8,11.0,14.2,3.5,97.3,1.4,2.24,0.0
2015-11-15,13.4,10.6,17.2,,84.5,1.8,8.5,5.4
2015-11-16,12.2,10.7,14.0,5.5,85.1,2.8,2.51,0.0
2015-11-17,13.9,11.0,19.3,,69.6,1.8,10.27,8.8
2015-11-18,10.4,8.4,12.6,5.5,70.6,5.1,1.53,0.0
2015-11-19,8.9,6.7,10.8,,72.8,2.6,2.82,0.0
2015-11-20,9.8,7.1,14.4,,72.6,1.5,6.66,5.3
2015-11-21,9.2,5.0,15.4,,55.9,1.8,9.03,8.2
2015-11-22,10.2,5.9,15.7,3.5,66.5,2.4,6.75,3.2
2015-11-23,8.5,6.5,11.0,6.5,80.9,3.3,3.56,0.0
2015-11-24,5.6,2.7,8.8,0.5,69.5,3.1,4.6,0.0
2015-11-25,2.4,0.9,5.3,11.0,86.8,2.7,2.16,0.4
2015-11-26,-2.7,-4.8,0.9,0.0,63.8,3.7,3.63,2.3
2015-11-27,-2.8,-7.3,2.0,,59.1,2.6,7.12,5.2
2015-11-28,0.1,-2.7,2.6,0.1,70.8,2.1,2.62,0.0
2015-11-29,2.5,1.0,3.9,3.0,87.9,3.3,1.85,0.0
2015-11-30,4.1,0.9,8.5,,69.1,2.0,9.51,8.5
2015-12-01,4.0,-1.3,10.4,,57.8,1.9,9.03,9.1
2015-12-02,6.0,2.9,8.5,13.5,71.4,3.2,1.46,0.5
2015-12-03,-0.7,-3.2,3.3,7.1,79.3,4.1,2.76,1.3
2015-12-04,-0.4,-4.4,3.1,,63.9,2.8,7.65,6.9
2015-12-05,3.4,0.6,7.2,,51.4,3.1,9.01,7.8
2015-12-06,1.3,-2.0,7.8,,46.4,1.2,8.34,7.5
2015-12-07,1.9,-3.4,6.7,,51.1,1.8,8.99,8.8
2015-12-08,2.9,-1.4,9.6,,55.9,1.3,8.42,9.0
2015-12-09,5.0,-0.8,10.9,,57.4,2.3,7.36,7.2
2015-12-10,7.8,5.8,9.2,0.3,74.8,2.3,1.48,0.0
2015-12-11,6.4,3.3,12.2,,56.5,3.4,8.33,7.7
2015-12-12,5.2,1.1,11.0,,50.1,2.6,9.32,8.9
2015-12-13,5.2,0.9,12.2,,50.5,1.4,8.85,8.9
2015-12-14,5.0,2.6,6.4,2.5,75.6,2.2,1.89,0.0
2015-12-15,4.7,2.0,8.2,0.1,69.8,2.8,4.65,3.2
2015-12-16,-1.0,-5.0,2.8,,50.9,3.9,8.78,8.3
2015-12-17,-4.6,-7.4,-0.4,,43.4,2.7,9.77,9.1
2015-12-18,-3.3,-7.0,-1.0,0.0,61.9,2.2,1.66,0.0
2015-12-19,-0.1,-4.6,6.8,,66.3,1.7,8.78,8.8
2015-12-20,1.5,-3.4,6.0,,56.9,1.5,5.74,3.6
2015-12-21,2.2,-0.2,5.0,2.0,76.0,2.5,3.11,2.4
2015-12-22,3.1,-1.5,7.7,,67.9,2.4,7.97,7.1
2015-12-23,5.9,2.9,10.6,0.4,59.6,2.1,6.87,5.9
2015-12-24,1.5,-1.6,5.3,,67.5,2.3,6.0,4.7
2015-12-25,-0.8,-4.9,3.7,0.0,46.3,2.0,9.55,9.1
2015-12-26,0.9,-3.2,4.7,0.7,73.3,2.4,4.48,0.0
2015-12-27,-5.7,-8.9,-1.0,,39.0,2.9,9.75,9.2
2015-12-28,-5.7,-9.5,-1.0,,38.4,2.3,9.78,9.2
2015-12-29,-3.2,-8.7,2.9,,47.6,1.4,7.16,7.6
2015-12-30,0.3,-3.5,4.3,2.5,67.6,2.5,5.43,3.1
2015-12-31,0.7,-1.9,2.8,,81.3,1.5,3.98,2.9
2016-01-01,1.2,-3.3,4.0,,73.0,1.6,4.61,2.1
2016-01-02,5.7,1.0,9.5,,76.9,2.0,4.5,3.6
2016-01-03,6.5,5.1,9.4,,80.6,1.8,4.85,2.2
2016-01-04,2.0,-2.5,5.3,,54.4,3.1,9.03,8.6
2016-01-05,-2.7,-4.8,1.5,,39.4,2.3,8.22,7.9
2016-01-06,-1.7,-4.9,1.7,,54.3,1.8,4.69,2.2
2016-01-07,-3.4,-5.9,1.4,,51.8,2.5,9.76,9.1
2016-01-08,-3.3,-6.9,1.0,,49.8,2.0,9.83,9.2
2016-01-09,-2.1,-6.2,2.4,,57.1,2.1,9.28,8.0
2016-01-10,0.3,-2.7,3.8,,42.3,2.6,9.35,7.9
2016-01-11,-3.8,-6.5,0.9,,38.3,2.8,9.89,9.1
2016-01-12,-5.2,-9.1,0.7,,46.0,2.5,10.02,9.1
2016-01-13,-4.5,-8.2,0.1,0.4,63.0,2.0,6.69,5.8
2016-01-14,-3.4,-8.4,1.3,0.0,52.1,1.7,8.8,7.7
2016-01-15,-0.4,-4.3,5.3,,52.3,1.8,7.85,6.1
2016-01-16,-0.2,-2.1,2.8,0.1,68.0,2.9,4.86,1.0
2016-01-17,1.7,-0.7,5.4,,64.0,2.4,4.23,0.0
2016-01-18,-6.3,-12.3,0.4,0.2,59.8,4.8,8.31,7.8
2016-01-19,-12.8,-15.1,-8.9,,45.9,5.4,10.82,9.3
2016-01-20,-10.5,-14.5,-5.2,,43.6,1.8,9.08,9.0
2016-01-21,-7.1,-10.2,-2.3,,44.3,1.8,8.41,6.5
2016-01-22,-7.6,-11.1,-3.8,,40.5,2.6,7.62,6.2
2016-01-23,-11.5,-16.0,-8.3,0.0,42.0,4.0,9.18,8.3
2016-01-24,-14.4,-18.0,-10.5,,48.5,3.2,10.54,9.3
2016-01-25,-9.4,-14.3,-3.4,,47.1,1.9,11.22,9.5
2016-01-26,-3.3,-8.5,1.7,0.3,64.5,2.3,6.5,4.5
2016-01-27,-1.1,-4.7,4.3,,56.3,2.0,9.55,9.4
2016-01-28,-0.5,-5.6,3.5,,51.5,1.6,5.88,2.4
2016-01-29,1.9,-1.4,5.4,,43.6,2.3,4.19,0.1
2016-01-30,0.6,-2.5,5.2,,59.5,2.0,8.01,6.3
2016-01-31,-3.9,-6.5,0.3,,34.0,3.2,10.75,7.9
2016-02-01,-6.0,-9.1,-1.0,,36.0,3.0,12.01,9.6
2016-02-02,-5.3,-10.0,0.9,,41.8,2.2,12.05,9.8
2016-02-03,-2.4,-8.3,4.0,,49.6,1.9,10.46,7.5
2016-02-04,-0.7,-4.0,3.9,,50.1,2.4,9.82,7.9
2016-02-05,-2.2,-6.8,3.4,,39.4,2.5,10.71,8.9
2016-02-06,-3.1,-6.2,2.0,,38.6,2.9,12.22,9.8
2016-02-07,-2.9,-8.3,3.5,,46.5,2.0,12.44,9.8
2016-02-08,1.3,-4.3,5.5,,62.1,3.1,5.55,2.8
2016-02-09,0.3,-3.9,5.5,,52.5,3.0,11.45,9.5
2016-02-10,2.7,-4.3,10.7,,38.5,1.6,12.74,9.8
2016-02-11,8.1,1.6,13.5,0.1,29.3,3.5,7.87,4.6
2016-02-12,8.4,6.8,10.0,18.0,95.3,3.2,1.1,0.0
2016-02-13,11.0,5.8,14.4,21.0,95.0,3.3,3.78,0.0
2016-02-14,-2.6,-6.8,5.8,2.5,73.1,4.6,2.98,0.1
2016-02-15,-5.8,-10.0,-2.3,0.0,48.4,4.0,14.52,9.8
2016-02-16,-2.7,-6.7,1.1,0.8,65.6,2.7,5.58,3.2
2016-02-17,0.0,-5.2,5.4,,53.9,2.3,14.42,10.0
2016-02-18,3.5,-1.4,7.8,,66.4,3.2,8.26,5.9
2016-02-19,2.3,0.1,4.4,,56.4,1.7,5.1,0.5
2016-02-20,1.3,-2.5,6.3,,37.1,2.9,13.13,9.4
2016-02-21,-0.6,-4.2,4.4,,36.4,2.9,13.63,10.0
2016-02-22,1.1,-2.2,4.2,0.0,36.6,1.9,5.76,0.0
2016-02-23,0.7,-4.5,4.5,0.9,56.0,3.2,14.55,9.1
2016-02-24,-3.0,-6.8,2.2,,42.0,2.9,15.48,10.3
2016-02-25,-0.2,-5.8,5.7,,49.9,2.7,11.24,10.1
2016-02-26,2.2,-3.2,7.5,0.0,41.3,2.2,15.23,10.4
2016-02-27,3.3,0.5,8.1,0.2,57.6,2.0,11.21,6.3
2016-02-28,0.7,-2.6,6.9,4.1,65.5,2.1,4.76,1.5
2016-02-29,-3.8,-5.9,-1.1,0.0,48.6,4.0,10.38,8.6
2016-03-01,-2.7,-7.5,2.1,,47.3,2.5,14.8,9.3
2016-03-02,3.1,-2.2,8.1,,67.9,2.9,8.08,5.4
2016-03-03,8.1,4.4,13.9,,65.1,1.9,10.26,5.4
2016-03-04,13.2,6.4,20.3,0.1,55.3,2.7,14.61,9.8
2016-03-05,11.3,9.1,13.5,40.0,91.3,2.6,1.16,0.0
2016-03-06,7.9,4.3,12.9,0.2,51.0,2.8,15.21,8.8
2016-03-07,8.1,4.8,12.2,0.0,36.9,2.0,4.36,0.8
2016-03-08,2.7,-1.4,7.0,,40.4,3.1,8.54,2.0
2016-03-09,0.3,-2.7,5.3,,37.5,3.5,17.09,9.9
2016-03-10,-1.1,-4.3,3.1,,37.8,3.2,18.12,10.9
2016-03-11,-0.5,-5.5,4.6,,43.8,2.6,18.25,11.2
2016-03-12,2.0,-3.3,6.4,,55.6,2.5,9.56,5.8
2016-03-13,3.7,1.9,6.5,0.1,68.1,1.6,6.18,0.6
2016-03-14,4.7,1.3,9.6,,57.0,2.6,14.56,9.2
2016-03-15,5.2,-1.0,12.4,,43.4,2.2,16.25,8.9
2016-03-16,7.5,2.7,13.8,,45.1,2.0,16.66,10.1
2016-03-17,9.3,2.0,14.7,,40.9,1.4,11.77,6.4
2016-03-18,13.4,8.8,20.1,,50.0,2.4,13.54,6.7
2016-03-19,11.4,6.6,18.1,,58.3,2.5,16.37,10.6
2016-03-20,10.6,4.9,17.5,,54.0,2.2,17.03,10.4
2016-03-21,9.9,5.5,16.1,,54.1,2.2,16.83,10.8
2016-03-22,8.0,3.5,13.8,,58.1,2.5,15.38,10.2
2016-03-23,8.2,3.8,13.8,,49.6,2.9,16.73,10.4
2016-03-24,7.2,1.6,12.7,,36.5,2.4,18.91,11.6
2016-03-25,7.1,2.1,12.6,,43.9,2.2,16.07,10.7
2016-03-26,6.5,2.1,12.6,,54.5,2.2,15.3,9.2
2016-03-27,7.2,2.2,13.1,,55.6,2.6,17.19,11.1
2016-03-28,9.8,2.3,17.4,,47.8,2.0,17.82,11.3
2016-03-29,11.3,7.6,17.1,0.1,57.8,3.2,12.55,5.9
2016-03-30,11.5,7.0,18.3,,49.9,2.2,18.01,10.5
2016-03-31,13.5,6.0,21.4,,27.0,2.1,15.57,9.8
2016-04-01,15.3,7.3,23.8,,26.0,2.0,18.16,10.3
2016-04-02,15.0,9.6,21.7,,40.8,2.3,16.99,9.0
2016-04-03,10.7,8.2,12.7,2.0,75.1,1.7,3.23,0.0
2016-04-04,12.3,5.1,19.8,,42.6,2.2,20.8,11.2
2016-04-05,11.4,5.9,18.1,,45.1,2.5,20.04,11.6
2016-04-06,14.4,6.6,22.9,3.0,44.3,1.9,15.13,8.0
2016-04-07,14.1,10.5,20.6,7.5,69.5,3.0,16.95,8.8
2016-04-08,11.1,7.8,18.7,,76.1,2.5,18.15,9.2
2016-04-09,10.7,7.4,14.1,,83.9,1.8,4.52,0.0
2016-04-10,13.4,9.3,20.7,,71.3,2.1,14.02,5.0
2016-04-11,12.5,5.7,19.4,,43.8,2.4,21.04,12.0
2016-04-12,14.1,10.3,19.4,,42.6,2.3,15.36,7.8
2016-04-13,15.6,11.4,21.4,1.0,67.5,1.7,13.86,6.8
2016-04-14,12.4,9.3,18.6,,75.9,2.6,14.06,6.5
2016-04-15,15.0,8.1,23.1,,46.4,2.6,20.94,11.5
2016-04-16,14.9,9.8,20.7,23.5,58.9,2.9,7.23,2.8
2016-04-17,10.8,8.3,14.5,20.5,66.8,4.7,13.8,6.9
2016-04-18,11.2,7.1,18.6,1.5,65.4,3.1,18.4,9.2
2016-04-19,12.0,6.5,19.2,,55.1,2.2,22.1,12.0
2016-04-20,14.3,10.1,20.9,0.5,54.0,2.1,13.4,5.3
2016-04-21,13.5,10.3,16.9,17.0,87.6,2.8,6.09,0.0
2016-04-22,13.5,10.1,18.6,0.0,83.4,2.6,7.77,2.0
2016-04-23,13.5,7.8,19.8,,52.1,2.1,16.76,7.9
2016-04-24,15.5,8.1,23.7,,39.6,1.9,22.59,11.4
2016-04-25,17.2,10.2,25.3,,34.8,1.7,21.21,11.9
2016-04-26,21.1,12.1,29.6,,34.8,2.0,19.74,9.9
2016-04-27,17.2,14.5,20.7,,32.0,3.6,8.39,0.0
2016-04-28,17.2,12.4,23.0,,34.4,2.0,18.95,9.4
2016-04-29,16.2,10.9,22.6,0.3,47.6,2.5,21.79,11.6
2016-04-30,15.9,10.8,20.4,,45.3,2.8,8.93,1.5
2016-05-01,18.8,12.2,26.0,,40.5,2.2,17.07,6.8
2016-05-02,21.1,16.5,28.4,16.5,64.5,2.2,15.89,7.5
2016-05-03,12.9,8.9,17.6,27.0,86.1,4.9,1.63,0.0
2016-05-04,15.7,10.2,20.6,,46.6,5.1,24.88,12.8
2016-05-05,18.9,10.2,26.9,7.5,50.8,1.7,21.6,10.9
2016-05-06,16.3,13.0,18.6,9.5,89.3,2.0,1.91,0.0
2016-05-07,16.5,10.7,22.6,,60.3,2.6,23.93,12.4
2016-05-08,19.4,11.6,26.8,,44.8,2.1,23.51,11.5
2016-05-09,20.2,16.3,25.4,0.0,43.0,2.0,17.4,5.4
2016-05-10,14.5,12.5,18.1,13.5,82.4,2.3,4.6,0.1
2016-05-11,16.4,10.4,23.5,,60.9,2.0,24.41,12.9
2016-05-12,17.8,12.1,24.0,,62.4,2.7,23.94,12.5
2016-05-13,18.6,12.7,25.4,0.5,57.0,2.1,24.86,11.6
2016-05-14,20.2,15.1,26.9,,47.1,2.3,23.78,11.1
2016-05-15,17.4,12.3,24.2,45.0,73.9,2.7,12.53,4.5
2016-05-16,15.9,10.8,21.9,2.5,57.0,3.2,24.54,12.3
2016-05-17,19.3,10.9,26.6,,48.8,1.9,24.69,13.1
2016-05-18,22.3,13.5,29.5,,40.3,1.9,25.77,13.2
2016-05-19,24.3,16.3,31.9,,36.4,1.6,24.95,13.4
2016-05-20,24.0,16.8,31.6,,32.0,1.8,23.48,12.8
2016-05-21,24.1,17.8,30.4,,23.8,2.0,24.05,12.4
2016-05-22,24.7,17.6,31.7,,35.0,1.9,24.63,11.8
2016-05-23,23.3,18.3,29.4,,43.0,2.1,17.7,7.7
2016-05-24,16.8,15.4,21.8,38.5,82.6,2.6,7.08,2.3
2016-05-25,19.7,15.3,24.4,,67.9,2.7,15.6,5.1
2016-05-26,19.4,17.5,22.9,0.0,72.0,1.8,8.3,1.5
2016-05-27,20.9,14.8,27.1,,61.3,1.7,20.68,8.3
2016-05-28,21.7,17.2,28.0,,56.1,2.1,23.9,13.1
2016-05-29,21.5,17.2,27.6,,56.1,2.3,20.67,8.7
2016-05-30,22.1,16.9,28.9,,57.3,2.4,24.57,12.8
2016-05-31,21.6,17.4,27.6,,63.6,2.5,21.99,11.6
2016-06-01,23.3,17.1,29.9,,45.8,2.1,24.45,13.1
2016-06-02,23.2,17.2,29.1,,38.3,2.4,25.38,13.5
2016-06-03,22.2,17.6,27.7,,48.1,2.2,22.84,11.7
2016-06-04,21.2,18.2,26.3,,51.8,1.6,11.24,2.7
2016-06-05,24.7,17.3,32.2,,47.3,1.7,24.43,11.8
2016-06-06,23.3,20.8,28.4,0.0,49.1,2.3,15.57,4.6
2016-06-07,21.7,19.6,25.9,0.1,69.5,1.7,9.42,2.3
2016-06-08,22.1,18.2,27.7,,65.9,2.3,20.45,11.6
2016-06-09,24.1,17.8,31.3,,59.5,2.0,22.84,12.4
2016-06-10,24.6,20.2,31.3,,60.9,2.2,21.74,12.1
2016-06-11,23.5,20.9,26.5,3.0,74.3,1.7,7.81,0.7
2016-06-12,23.5,19.9,26.7,1.5,79.4,2.1,10.48,3.9
2016-06-13,23.5,19.4,29.6,,70.5,2.4,19.87,9.2
2016-06-14,23.8,19.7,29.5,0.0,62.5,2.1,19.48,7.8
2016-06-15,20.9,17.4,24.5,15.5,81.8,2.7,7.05,1.9
2016-06-16,20.9,18.6,24.9,0.0,73.5,2.8,13.83,7.0
2016-06-17,23.8,18.6,29.1,,63.1,2.5,22.38,12.0
2016-06-18,24.5,20.1,29.9,,58.0,1.8,22.46,12.5
2016-06-19,24.1,20.3,29.3,0.0,64.5,1.9,18.36,8.8
2016-06-20,24.7,19.6,30.7,,66.0,1.7,16.89,6.3
2016-06-21,26.0,21.0,31.3,,60.1,1.7,16.41,7.2
2016-06-22,24.3,20.9,30.2,30.5,75.1,2.0,8.64,1.0
2016-06-23,24.7,19.6,29.4,0.1,71.0,2.1,16.45,7.3
2016-06-24,23.1,21.1,25.7,3.5,75.8,2.0,8.81,3.2
2016-06-25,22.8,19.2,26.7,,63.1,2.8,18.54,9.1
2016-06-26,24.4,19.4,30.3,,58.4,2.7,25.57,13.4
2016-06-27,24.4,19.9,29.5,,55.5,1.6,13.72,5.0
2016-06-28,24.7,20.4,29.7,,61.1,1.8,17.87,9.2
2016-06-29,25.3,20.9,30.2,,58.0,2.2,17.64,7.5
2016-06-30,24.6,23.0,26.9,0.2,78.1,2.8,7.45,0.9
2016-07-01,24.0,22.0,26.6,108.5,86.5,2.3,3.23,0.0
2016-07-02,23.5,20.6,27.7,4.0,81.4,2.4,13.17,4.3
2016-07-03,23.5,21.1,26.8,,70.4,1.6,12.08,3.8
2016-07-04,21.8,20.2,24.1,29.5,85.1,3.0,5.05,0.8
2016-07-05,23.1,20.2,24.8,100.5,93.6,2.8,2.17,0.0
2016-07-06,22.9,20.3,26.9,0.0,74.0,1.9,15.62,6.7
2016-07-07,24.0,20.1,28.5,0.0,71.6,1.3,15.11,5.7
2016-07-08,27.3,21.2,32.4,,66.5,1.8,24.24,13.3
2016-07-09,27.7,23.2,32.7,,64.8,2.0,24.33,12.1
2016-07-10,27.9,23.2,33.1,,64.4,1.8,20.7,8.6
2016-07-11,28.4,24.8,33.4,0.0,67.4,1.7,15.06,5.6
2016-07-12,26.3,22.1,30.9,3.0,65.5,2.1,17.79,8.3
2016-07-13,26.3,23.2,29.5,0.0,69.0,2.1,13.8,4.6
2016-07-14,27.5,24.0,32.4,0.1,66.9,2.1,16.79,9.9
2016-07-15,26.2,23.7,29.2,1.5,60.0,2.6,12.2,2.6
2016-07-16,20.8,19.8,23.8,46.5,92.8,3.5,3.68,0.0
2016-07-17,21.7,20.4,23.1,2.5,82.9,2.6,5.0,0.0
2016-07-18,24.4,20.7,28.4,0.2,75.1,1.5,14.65,8.1
2016-07-19,27.1,20.9,32.4,,65.5,1.5,20.48,10.3
2016-07-20,28.6,24.0,32.9,,62.5,1.9,15.58,6.8
2016-07-21,28.3,24.9,32.2,,61.3,2.2,15.16,4.9
2016-07-22,29.1,25.3,34.1,,64.0,2.2,17.51,6.5
2016-07-23,28.7,27.2,31.6,0.5,70.4,1.9,9.93,3.0
2016-07-24,28.0,27.0,30.1,0.5,77.9,2.0,6.61,0.5
2016-07-25,28.4,26.4,31.4,,75.3,1.9,9.71,3.1
2016-07-26,28.4,25.6,31.9,,69.0,2.6,13.94,6.1
2016-07-27,27.6,26.7,28.9,0.5,76.4,3.2,4.67,0.2
2016-07-28,28.0,26.7,30.5,0.2,70.6,2.8,17.82,10.0
2016-07-29,26.3,23.4,28.4,59.5,82.3,1.6,5.33,0.5
2016-07-30,28.6,26.4,33.0,0.5,73.5,2.1,15.27,6.5
2016-07-31,28.9,26.6,32.8,0.2,72.1,1.6,16.33,7.6
2016-08-01,28.4,25.8,32.4,,72.0,1.6,16.53,5.6
2016-08-02,27.2,25.0,31.1,2.0,72.5,1.2,9.03,1.1
2016-08-03,29.1,24.0,34.2,,65.4,1.6,19.2,11.8
2016-08-04,30.7,26.0,35.7,,59.6,1.6,15.8,11.4
2016-08-05,31.2,26.5,36.0,,60.1,1.8,17.78,11.4
2016-08-06,30.5,26.6,34.0,,64.8,1.7,13.56,8.8
2016-08-07,30.6,27.0,35.0,,56.0,1.9,20.68,11.9
2016-08-08,30.5,26.4,35.5,,63.1,1.8,18.34,10.6
2016-08-09,29.3,26.4,33.6,1.0,68.3,1.9,12.45,6.0
2016-08-10,29.4,26.1,34.8,,66.3,1.9,16.98,9.3
2016-08-11,30.5,26.1,36.4,,64.1,2.0,22.2,12.8
2016-08-12,30.4,26.4,35.9,,68.3,2.0,19.62,11.8
2016-08-13,30.2,26.8,35.1,,67.9,2.4,20.66,10.4
2016-08-14,28.9,27.3,31.8,0.2,74.0,1.9,11.38,4.8
2016-08-15,29.1,25.8,34.0,0.0,65.5,1.9,17.09,8.6
2016-08-16,29.3,26.2,34.9,0.5,64.9,1.6,12.39,7.8
2016-08-17,29.9,25.1,34.7,,60.4,1.9,17.75,11.5
2016-08-18,29.9,26.2,34.3,,61.9,1.6,11.68,3.0
2016-08-19,28.9,26.6,33.2,11.5,69.5,1.4,9.18,1.0
2016-08-20,30.1,26.5,34.9,,59.0,1.7,13.72,4.6
2016-08-21,30.7,26.9,36.6,0.0,57.5,2.1,17.95,8.3
2016-08-22,30.7,25.8,36.3,0.4,58.0,2.1,18.91,11.7
2016-08-23,28.3,26.0,33.0,8.0,68.8,2.1,10.1,4.8
2016-08-24,29.1,26.4,32.9,0.0,59.1,1.8,13.97,6.9
2016-08-25,27.1,24.0,32.2,4.5,70.4,1.9,11.54,3.2
2016-08-26,23.0,19.5,28.2,20.0,57.0,3.6,17.17,7.6
2016-08-27,23.4,16.9,29.7,0.0,43.3,3.1,20.97,12.4
2016-08-28,21.0,18.3,24.5,1.5,62.5,2.6,10.21,3.6
2016-08-29,22.2,17.4,27.1,,54.5,2.0,16.17,7.1
2016-08-30,20.6,17.9,24.5,0.0,60.4,3.3,12.02,6.3
2016-08-31,17.7,16.1,19.2,17.5,85.3,3.8,3.02,0.0
2016-09-01,23.2,15.8,28.6,,71.3,3.1,13.76,8.8
2016-09-02,24.2,20.6,29.0,4.5,68.5,2.7,16.79,9.1
2016-09-03,23.9,20.4,28.6,0.5,73.8,1.8,8.93,3.1
2016-09-04,25.6,22.1,29.6,,71.3,1.5,10.25,2.7
2016-09-05,26.4,23.0,31.1,,66.1,1.7,14.15,8.4
2016-09-06,24.7,21.0,29.0,,69.0,1.8,13.98,8.3
2016-09-07,24.3,20.9,28.6,,69.8,1.8,9.88,2.5
2016-09-08,23.0,21.5,26.5,4.5,76.4,1.3,8.27,3.8
2016-09-09,23.9,19.7,29.3,,71.1,1.8,15.29,9.3
2016-09-10,24.4,20.0,29.1,,65.4,1.6,12.96,7.1
2016-09-11,24.5,22.1,28.2,,66.3,1.7,9.83,3.8
2016-09-12,23.4,21.4,27.5,2.5,68.9,1.9,9.18,6.2
2016-09-13,24.6,19.6,30.8,,62.5,1.8,15.74,8.0
2016-09-14,24.6,21.4,28.9,,66.1,1.8,11.88,7.2
2016-09-15,23.9,18.8,29.5,,68.1,1.3,13.62,5.8
2016-09-16,24.6,20.4,29.5,,64.9,1.5,11.91,3.8
2016-09-17,23.1,18.5,28.2,7.0,64.8,2.9,13.53,7.1
2016-09-18,23.5,20.2,28.3,,53.4,3.1,15.29,9.3
2016-09-19,21.9,18.2,27.8,,53.3,3.5,16.12,10.1
2016-09-20,20.6,15.4,26.8,,41.1,3.1,19.23,11.6
2016-09-21,20.2,14.3,25.3,,43.4,2.0,15.52,10.8
2016-09-22,21.9,17.5,27.2,,46.3,1.8,15.24,9.0
2016-09-23,21.4,16.4,27.9,,57.9,1.6,14.3,9.1
2016-09-24,22.3,16.5,28.9,,60.6,1.6,14.56,9.3
2016-09-25,23.0,18.6,29.7,,57.6,1.2,12.66,5.2
2016-09-26,23.6,19.7,28.9,,59.1,1.8,11.48,6.5
2016-09-27,21.0,19.1,23.8,13.5,82.5,1.3,2.77,0.0
2016-09-28,19.9,18.7,21.8,0.5,84.6,1.3,3.59,0.0
2016-09-29,20.4,18.2,24.8,,64.4,3.0,12.55,5.3
2016-09-30,20.5,17.7,23.5,,66.9,1.6,7.66,0.4
2016-10-01,21.1,17.5,25.6,,69.0,1.2,10.06,4.3
2016-10-02,19.0,16.7,22.4,18.5,84.1,2.7,2.6,0.0
2016-10-03,22.7,19.6,27.9,6.5,73.3,2.7,14.52,8.5
2016-10-04,22.0,15.6,29.0,,58.9,2.4,16.86,10.9
2016-10-05,21.1,17.5,27.2,,61.9,3.0,11.59,6.1
2016-10-06,18.0,13.6,23.5,,59.3,2.6,15.52,10.7
2016-10-07,19.7,16.5,24.8,2.0,67.8,2.6,9.25,4.7
2016-10-08,16.8,10.3,21.8,6.0,66.4,2.9,12.09,7.2
2016-10-09,11.3,6.5,16.6,,46.3,2.9,16.46,10.7
2016-10-10,14.0,7.4,21.4,,43.3,1.6,15.29,10.3
2016-10-11,15.4,10.0,21.1,,62.4,1.8,11.48,8.0
2016-10-12,15.5,11.4,20.7,,57.0,2.0,13.98,10.5
2016-10-13,15.2,9.3,21.9,,44.1,1.4,13.22,9.3
2016-10-14,16.7,10.5,23.5,,61.8,1.3,11.82,8.5
2016-10-15,19.1,12.4,27.1,,60.6,1.3,12.6,8.3
2016-10-16,17.2,15.4,19.5,1.5,74.1,1.5,3.06,0.0
2016-10-17,17.5,14.5,21.7,,76.1,1.4,9.51,7.2
2016-10-18,17.0,11.2,24.0,,70.9,1.4,12.24,8.0
2016-10-19,18.0,14.0,24.3,,67.6,1.5,11.84,8.7
2016-10-20,18.6,12.9,25.8,,61.3,1.8,12.55,9.3
2016-10-21,17.9,15.7,22.0,,58.6,3.0,8.17,3.2
2016-10-22,18.3,14.5,22.8,,59.0,1.8,8.59,5.4
2016-10-23,13.3,10.6,17.8,2.5,66.3,4.0,2.33,0.1
2016-10-24,15.1,9.0,20.6,,54.8,2.4,13.55,9.4
2016-10-25,14.1,12.5,17.5,37.0,84.0,2.2,4.25,3.2
2016-10-26,13.3,10.5,16.3,0.0,81.0,1.4,5.48,2.2
2016-10-27,14.6,8.6,20.9,,65.4,1.9,9.88,5.9
2016-10-28,14.6,10.2,18.4,0.3,61.8,2.5,7.11,4.3
2016-10-29,7.8,3.5,11.2,,40.3,3.0,6.54,1.1
2016-10-30,7.9,1.6,15.1,,31.9,1.5,13.56,9.7
2016-10-31,5.7,0.7,8.2,0.5,59.9,2.0,2.14,0.0
2016-11-01,1.5,-2.4,6.6,,43.6,2.7,13.52,9.8
2016-11-02,4.1,-2.7,10.5,0.1,53.1,1.4,10.76,7.6
2016-11-03,9.1,4.2,14.1,0.2,62.8,1.6,9.91,8.8
2016-11-04,12.3,8.2,15.7,0.0,67.0,2.7,5.14,2.6
2016-11-05,15.0,12.2,18.1,0.0,77.4,2.2,5.09,2.8
2016-11-06,14.0,11.9,18.3,,59.4,3.4,8.91,5.4
2016-11-07,12.8,8.5,17.8,5.5,71.3,2.8,5.09,2.2
2016-11-08,4.1,0.4,8.4,0.5,58.0,3.5,10.89,9.1
2016-11-09,2.1,-3.2,8.6,,41.1,1.9,12.02,9.7
2016-11-10,6.0,1.5,9.8,0.4,55.5,2.0,3.87,0.3
2016-11-11,9.1,6.2,14.2,4.0,63.3,2.2,9.97,8.6
2016-11-12,11.4,5.1,16.7,,62.1,2.3,9.07,8.2
2016-11-13,14.4,12.1,18.1,0.5,74.8,1.7,6.62,3.1
2016-11-14,13.2,10.2,15.8,1.5,78.5,1.7,2.44,0.0
2016-11-15,5.2,2.5,10.2,,44.3,2.8,11.6,9.5
2016-11-16,5.2,0.0,12.0,,44.3,1.4,8.59,8.6
2016-11-17,9.1,4.0,16.5,,56.4,1.2,9.33,8.0
2016-11-18,10.3,4.9,14.6,0.0,58.4,1.9,6.39,4.1
2016-11-19,13.0,9.9,18.6,0.0,71.1,2.2,7.42,4.2
2016-11-20,9.8,6.4,15.3,,48.6,2.5,10.14,9.1
2016-11-21,9.5,5.1,14.6,,40.5,2.2,4.26,1.1
2016-11-22,2.0,-2.1,8.4,0.2,43.3,3.9,7.38,4.8
2016-11-23,-1.8,-4.8,3.6,,37.5,3.0,9.14,7.6
2016-11-24,-2.5,-6.2,2.4,,37.8,2.1,10.5,9.2
2016-11-25,1.0,-3.5,6.0,,43.9,1.5,8.31,7.4
2016-11-26,0.9,-0.7,2.7,2.8,69.6,2.3,1.68,0.0
2016-11-27,3.3,0.5,6.6,0.0,81.3,1.5,3.81,1.7
2016-11-28,1.4,-1.4,5.6,,57.9,2.5,9.47,8.9
2016-11-29,1.7,-2.8,8.6,,40.8,1.6,9.34,9.3
2016-11-30,6.0,0.7,9.8,1.0,59.8,2.0,4.37,1.6
2016-12-01,4.1,-1.0,7.0,,47.6,3.6,9.39,8.5
2016-12-02,1.6,-3.5,7.9,,48.4,1.8,9.82,9.3
2016-12-03,4.5,-0.7,11.3,,58.8,1.4,8.76,7.9
2016-12-04,5.5,2.0,9.5,,60.1,1.2,4.16,0.5
2016-12-05,5.9,0.5,10.3,1.5,69.1,3.0,4.3,2.3
2016-12-06,-1.1,-4.2,4.3,,38.5,2.5,9.97,9.3
2016-12-07,1.7,-2.7,7.5,0.0,58.3,2.3,5.96,4.1
2016-12-08,2.1,-3.0,6.1,3.0,70.0,1.7,5.28,3.8
2016-12-09,1.4,-2.9,4.2,3.0,65.8,2.8,8.5,7.2
2016-12-10,-1.6,-5.9,3.6,,47.6,1.9,9.45,9.2
2016-12-11,-1.1,-6.1,6.4,,42.6,1.2,9.58,9.2
2016-12-12,2.3,-3.0,6.3,,37.9,1.9,5.71,3.9
2016-12-13,3.4,-0.4,8.8,,53.6,2.0,6.64,4.7
2016-12-14,-1.4,-2.3,-0.1,0.1,68.1,2.7,2.98,0.2
2016-12-15,-5.0,-7.6,-1.5,,41.8,3.0,9.64,9.1
2016-12-16,-4.7,-9.8,0.0,,40.3,2.2,9.62,9.2
2016-12-17,2.7,-2.7,8.0,0.0,60.1,1.8,6.21,6.3
2016-12-18,4.9,2.7,8.1,,68.8,1.9,3.06,0.1
2016-12-19,7.2,4.3,12.0,0.1,66.0,2.5,5.32,3.8
2016-12-20,7.6,4.4,13.6,,71.3,1.2,7.86,8.9
2016-12-21,7.9,4.1,12.6,29.0,75.5,3.5,5.01,3.4
2016-12-22,5.5,1.5,11.0,23.5,90.3,3.5,1.37,0.0
2016-12-23,-2.5,-4.4,1.5,0.1,71.1,3.6,2.35,0.8
2016-12-24,-2.4,-4.3,1.1,,66.0,1.8,4.96,3.1
2016-12-25,1.0,-4.5,6.4,,69.5,1.7,7.54,6.1
2016-12-26,2.5,1.3,4.4,0.0,73.8,1.4,1.66,0.0
2016-12-27,-2.3,-6.3,1.3,0.5,54.6,3.5,9.29,8.4
2016-12-28,-3.7,-8.4,2.6,,49.0,1.8,9.22,9.1
2016-12-29,-4.2,-7.2,-1.1,0.3,53.1,2.8,9.67,8.9
2016-12-30,-3.9,-9.1,1.0,,50.9,1.3,6.79,5.6
2016-12-31,0.7,-3.6,5.7,0.0,65.4,1.5,5.28,3.5
2017-01-01,2.7,-1.6,6.9,,75.9,1.5,4.38,1.7
2017-01-02,5.0,1.8,9.2,0.3,77.8,2.1,5.11,2.7
2017-01-03,2.0,-2.3,7.7,,61.8,1.8,8.51,8.9
2017-01-04,3.9,1.0,8.9,,55.0,1.7,8.68,8.6
2017-01-05,3.8,-0.1,7.3,,52.3,3.1,4.27,0.0
2017-01-06,5.4,2.5,11.4,,58.5,2.4,7.04,6.0
2017-01-07,4.6,0.0,10.5,,64.9,1.4,7.45,7.0
2017-01-08,6.5,4.0,10.9,0.0,61.4,2.6,5.64,2.9
2017-01-09,1.5,-3.1,4.3,0.0,60.8,3.3,7.29,6.2
2017-01-10,-3.7,-7.4,1.1,,45.1,3.2,8.99,9.1
2017-01-11,-3.8,-9.4,1.5,,36.4,2.1,9.47,9.2
2017-01-12,-2.2,-6.1,1.0,0.0,43.1,3.1,9.62,8.6
2017-01-13,-6.0,-8.6,-1.4,0.6,47.4,2.9,8.18,5.6
2017-01-14,-8.4,-10.5,-5.4,,33.3,3.8,10.7,9.2
2017-01-15,-6.6,-11.5,-0.9,,35.3,2.3,10.76,9.2
2017-01-16,-3.8,-8.9,4.0,,37.6,1.4,10.41,9.2
2017-01-17,-2.0,-7.1,3.4,,46.6,1.5,7.58,8.6
2017-01-18,-0.5,-3.0,2.8,0.0,68.9,1.3,4.48,1.9
2017-01-19,-1.2,-4.9,4.7,,55.4,1.6,8.08,8.1
2017-01-20,-4.4,-7.8,-1.4,4.0,70.3,3.0,6.88,6.0
2017-01-21,-5.2,-10.0,-0.9,2.1,78.1,1.6,6.37,3.3
2017-01-22,-8.3,-10.9,-3.3,0.0,51.3,3.8,10.73,9.1
2017-01-23,-8.9,-12.6,-4.1,,48.4,2.2,10.81,9.4
2017-01-24,-7.0,-11.6,-1.3,,49.6,2.0,11.07,9.4
2017-01-25,-5.2,-10.2,0.9,,50.6,1.5,10.78,9.5
2017-01-26,-1.3,-7.9,3.4,0.3,64.4,2.2,7.06,5.7
2017-01-27,-2.6,-5.7,3.1,3.0,47.3,3.4,11.32,9.2
2017-01-28,-1.6,-8.2,4.3,,38.0,1.7,10.22,7.8
2017-01-29,0.8,-0.9,2.5,4.5,71.1,1.8,1.94,0.0
2017-01-30,-4.8,-7.9,-0.9,0.1,61.4,3.3,11.49,8.7
2017-01-31,-5.4,-9.9,0.2,,44.8,1.7,10.8,8.2
2017-02-01,-4.0,-7.5,0.7,,44.5,2.5,12.02,9.5
2017-02-02,-2.7,-9.2,3.3,,52.9,2.7,12.2,9.6
2017-02-03,1.5,-2.3,6.7,,65.4,1.5,10.33,9.2
2017-02-04,0.9,-2.9,3.2,,69.4,1.6,3.59,1.0
2017-02-05,1.2,-1.5,2.3,0.5,75.3,2.1,2.44,0.0
2017-02-06,-1.7,-4.4,2.6,,51.0,3.0,12.49,9.8
2017-02-07,-2.0,-5.6,3.0,,45.4,1.5,7.68,4.1
2017-02-08,-2.2,-4.9,0.6,,50.1,2.0,5.84,1.2
2017-02-09,-5.3,-7.1,-2.1,,47.0,3.8,11.31,8.8
2017-02-10,-6.6,-9.3,-2.5,,44.3,4.1,13.12,9.6
2017-02-11,-4.8,-9.2,0.8,,45.4,2.8,13.41,9.7
2017-02-12,-2.2,-7.4,4.2,,51.3,2.1,13.67,9.8
2017-02-13,0.1,-5.4,6.1,,59.6,1.6,9.32,6.4
2017-02-14,0.3,-4.0,6.5,,46.0,2.5,13.79,9.8
2017-02-15,1.8,-3.9,8.0,,52.1,1.4,11.14,8.9
2017-02-16,5.5,-1.9,10.3,0.0,63.9,2.0,5.08,2.1
2017-02-17,0.8,-5.2,9.0,4.0,56.9,3.9,14.39,9.5
2017-02-18,-2.6,-7.0,2.9,,49.4,2.8,14.56,10.0
2017-02-19,2.3,-3.4,5.7,1.0,68.0,1.9,5.12,1.2
2017-02-20,-1.5,-5.2,5.4,0.5,53.8,4.2,14.19,9.9
2017-02-21,-0.6,-7.6,6.9,,37.1,1.6,14.09,9.9
2017-02-22,1.7,-0.9,2.9,5.1,70.8,2.7,2.21,0.0
2017-02-23,-1.5,-4.2,2.1,,56.4,3.8,15.33,10.2
2017-02-24,-0.8,-5.8,4.4,,51.3,2.2,14.28,9.0
2017-02-25,2.6,-2.8,8.4,,63.6,2.3,15.11,10.1
2017-02-26,3.6,-1.5,10.1,,52.8,2.1,14.97,10.3
2017-02-27,3.7,-1.8,10.7,,37.4,1.8,15.89,10.6
2017-02-28,5.6,-1.3,12.3,,41.5,2.0,14.29,9.8
2017-03-01,5.0,2.0,11.4,5.0,65.0,1.8,6.72,1.2
2017-03-02,1.8,-1.1,6.6,0.5,59.5,3.1,15.81,9.7
2017-03-03,3.3,-3.1,10.4,,54.4,2.1,15.05,10.5
2017-03-04,5.7,0.1,12.7,,60.0,1.6,15.33,10.7
2017-03-05,5.2,1.2,10.4,0.5,71.6,2.1,10.86,6.2
2017-03-06,0.1,-2.8,4.0,,41.3,4.0,17.51,10.9
2017-03-07,-1.3,-4.0,2.9,0.0,37.5,3.9,17.54,10.9
2017-03-08,-0.1,-5.3,5.0,0.0,50.6,3.1,13.6,8.1
2017-03-09,3.2,-2.7,10.7,,47.3,3.1,15.76,10.5
2017-03-10,4.8,-1.2,12.2,,37.4,2.2,17.26,10.9
2017-03-11,7.3,-0.2,16.7,,37.4,1.8,16.7,11.0
2017-03-12,8.2,4.4,14.0,0.0,58.4,2.0,8.84,2.3
2017-03-13,6.9,1.5,12.2,,49.8,2.5,16.79,10.3
2017-03-14,5.8,1.0,10.9,,37.5,3.2,17.81,11.2
2017-03-15,6.3,0.4,13.3,,34.9,2.1,17.71,11.2
2017-03-16,6.2,1.0,13.4,,41.8,1.9,16.57,10.8
2017-03-17,7.7,1.2,15.7,,43.1,2.0,16.6,10.9
2017-03-18,9.5,5.9,16.1,,34.1,2.3,15.94,9.2
2017-03-19,10.9,3.2,18.9,,36.0,1.6,17.09,10.9
2017-03-20,10.2,6.0,15.5,,40.4,1.8,6.43,0.0
2017-03-21,7.4,4.3,12.6,,48.1,3.1,14.74,9.2
2017-03-22,7.6,1.9,14.1,,32.8,2.5,18.17,10.3
2017-03-23,9.1,5.1,15.0,,34.0,2.2,15.76,8.6
2017-03-24,8.7,3.9,15.2,,41.4,2.1,14.18,7.9
2017-03-25,8.1,5.0,12.6,,41.1,2.1,12.08,5.9
2017-03-26,7.3,4.8,11.6,,53.1,2.2,12.83,5.4
2017-03-27,6.1,4.4,10.9,0.4,67.4,2.5,8.45,3.5
2017-03-28,7.1,2.5,12.7,,59.8,1.9,13.18,6.9
2017-03-29,8.8,4.7,14.4,,54.9,2.3,17.57,10.8
2017-03-30,10.6,4.1,17.1,,50.0,1.9,17.17,9.1
2017-03-31,8.6,4.9,12.4,1.5,70.6,2.4,4.85,0.2
2017-04-01,9.0,4.8,15.1,1.0,60.5,2.1,15.86,10.3
2017-04-02,9.0,3.1,15.8,,53.1,2.1,19.44,11.6
2017-04-03,11.4,4.3,19.2,,45.6,2.1,20.1,11.7
2017-04-04,14.1,6.7,21.8,,35.3,2.0,18.32,10.9
2017-04-05,12.0,10.8,14.2,37.5,66.0,2.4,3.29,0.0
2017-04-06,10.4,9.4,12.4,3.0,90.0,2.4,4.66,0.3
2017-04-07,14.5,9.0,23.5,,68.1,2.1,18.39,9.0
2017-04-08,13.0,8.6,19.9,0.5,74.5,2.5,16.31,6.9
2017-04-09,14.8,10.6,20.5,0.5,59.6,2.8,16.96,6.7
2017-04-10,16.5,10.1,23.3,,25.8,2.8,22.11,11.7
2017-04-11,15.3,11.5,20.2,,36.8,3.2,18.42,9.0
2017-04-12,11.5,8.8,16.4,,21.8,3.7,21.62,11.2
2017-04-13,12.7,6.3,19.6,0.0,54.0,2.5,16.62,9.4
2017-04-14,13.0,10.1,17.7,6.0,57.9,3.5,8.26,4.6
2017-04-15,16.8,10.9,24.3,,59.4,2.2,20.01,9.8
2017-04-16,18.7,12.9,24.4,,52.9,1.4,,6.5
2017-04-17,14.7,11.2,18.0,5.5,66.5,2.2,4.44,0.7
2017-04-18,11.7,9.4,17.4,7.5,76.5,2.5,6.2,2.7
2017-04-19,12.6,7.0,18.4,,43.1,2.9,23.08,12.3
2017-04-20,12.9,9.9,18.2,0.1,45.4,2.3,10.27,2.6
2017-04-21,13.1,7.6,19.3,,56.5,2.0,18.12,8.5
2017-04-22,14.8,8.5,22.5,,48.4,2.1,21.83,12.4
2017-04-23,14.9,8.9,21.7,,40.0,2.4,23.55,12.6
2017-04-24,15.1,8.3,21.3,,39.4,2.7,21.56,12.1
2017-04-25,16.0,12.9,20.4,,56.8,2.7,,4.7
2017-04-26,15.1,10.5,20.2,,36.0,3.3,25.55,12.6
2017-04-27,13.6,7.9,19.8,,41.8,3.3,24.94,12.8
2017-04-28,14.4,8.9,21.5,,57.3,3.0,22.59,12.2
2017-04-29,17.1,9.6,23.7,,44.3,2.7,24.45,12.5
2017-04-30,19.3,13.7,27.8,,57.9,2.6,21.96,11.4
2017-05-01,20.1,12.8,28.3,,50.8,1.9,24.3,11.9
2017-05-02,20.7,15.2,28.0,,42.0,2.1,20.21,8.7
2017-05-03,21.5,14.5,30.2,,34.1,2.0,24.05,12.6
2017-05-04,21.0,14.8,27.5,,43.6,2.0,17.89,8.0
2017-05-05,20.9,15.5,27.0,,53.4,3.2,23.38,11.6
2017-05-06,14.9,10.0,19.3,,32.0,3.8,25.23,12.4
2017-05-07,16.6,10.9,22.8,,42.6,3.2,25.9,12.6
2017-05-08,17.9,11.1,23.5,,43.6,2.1,16.92,6.1
2017-05-09,17.1,15.3,22.6,2.5,62.6,1.6,8.34,1.3
2017-05-10,16.4,14.2,20.8,2.5,73.0,2.5,15.29,7.0
2017-05-11,19.3,13.1,24.8,0.0,65.3,1.8,16.69,5.3
2017-05-12,19.1,16.8,21.1,,71.6,2.1,5.57,0.0
2017-05-13,16.4,12.4,22.6,6.0,77.8,3.1,8.35,2.2
2017-05-14,15.7,11.0,20.7,,58.3,3.7,27.71,13.1
2017-05-15,16.0,12.3,20.1,0.0,61.4,2.8,17.5,8.1
2017-05-16,17.1,13.3,22.3,,60.5,2.0,16.79,9.6
2017-05-17,18.6,12.3,25.9,,51.5,2.1,26.53,13.2
2017-05-18,20.4,13.9,26.9,,41.9,2.3,24.44,12.9
2017-05-19,21.1,15.1,27.9,,42.6,2.6,26.72,13.3
2017-05-20,20.9,15.4,27.3,,44.0,2.4,24.18,13.0
2017-05-21,21.5,16.0,27.6,,48.1,2.3,26.62,11.9
2017-05-22,21.8,15.9,28.0,,53.6,2.0,22.27,11.8
2017-05-23,20.0,17.2,24.4,5.0,68.0,1.9,11.66,2.4
2017-05-24,21.8,16.9,27.8,0.1,60.4,2.0,24.99,12.7
2017-05-25,19.2,14.4,24.4,,45.6,3.4,24.3,12.8
2017-05-26,17.7,12.4,23.2,,41.5,2.9,25.32,11.3
2017-05-27,19.5,13.7,26.4,,46.1,2.2,26.95,13.5
2017-05-28,21.2,14.4,27.9,,50.6,2.7,23.57,11.2
2017-05-29,22.9,18.1,29.3,,61.8,2.3,22.29,9.7
2017-05-30,23.6,18.6,30.3,,43.5,2.4,21.3,11.1
2017-05-31,23.3,17.7,29.6,,49.1,1.9,20.09,10.2
2017-06-01,23.3,20.0,27.0,,51.8,3.1,21.83,10.6
2017-06-02,20.5,15.5,25.6,0.0,37.4,2.8,25.66,12.2
2017-06-03,20.5,16.1,26.5,,44.0,3.0,27.88,13.5
2017-06-04,21.7,15.1,28.1,,36.9,2.6,27.49,13.6
2017-06-05,24.2,16.4,30.3,0.0,33.3,1.9,26.62,12.9
2017-06-06,19.4,14.5,23.9,15.5,60.0,2.5,7.4,0.0
2017-06-07,17.6,15.1,19.2,12.5,91.4,2.4,3.47,0.2
2017-06-08,20.1,15.1,25.9,,67.3,2.8,25.61,11.8
2017-06-09,21.2,17.9,25.7,0.1,69.8,3.3,16.67,7.4
2017-06-10,21.5,16.7,27.5,4.5,46.8,2.3,24.26,9.8
2017-06-11,22.8,14.8,29.6,,33.8,2.2,28.53,13.7
2017-06-12,22.1,17.0,28.0,,45.5,2.8,24.22,12.2
2017-06-13,21.5,18.3,25.9,0.0,63.0,2.4,21.29,10.3
2017-06-14,21.8,17.8,26.8,,63.0,2.8,25.27,11.9
2017-06-15,23.1,18.0,29.6,,62.4,2.5,24.81,11.4
2017-06-16,25.5,20.0,32.7,,55.8,2.2,24.11,11.9
2017-06-17,24.2,20.6,29.9,,52.3,2.4,24.5,12.7
2017-06-18,24.3,18.6,31.8,,52.0,2.3,26.0,13.2
2017-06-19,24.8,19.5,30.2,,50.9,1.8,21.0,11.0
2017-06-20,26.0,20.0,32.7,0.0,43.4,2.1,18.81,7.9
2017-06-21,25.4,21.7,31.6,0.0,52.6,2.9,23.53,11.1
2017-06-22,25.3,21.2,30.4,,57.3,2.5,23.53,10.8
2017-06-23,26.7,21.3,34.1,,53.0,2.0,22.75,12.9
2017-06-24,24.5,21.5,27.8,3.5,60.4,1.2,7.22,0.8
2017-06-25,23.8,21.0,28.4,1.5,75.4,1.5,12.96,4.6
2017-06-26,23.1,20.1,29.9,29.0,76.9,2.2,14.3,4.9
2017-06-27,25.2,20.8,30.5,0.0,67.5,2.2,18.34,7.8
2017-06-28,26.0,22.5,30.5,,63.5,2.1,16.7,6.9
2017-06-29,26.2,21.9,31.5,,64.8,2.2,21.06,9.5
2017-06-30,25.9,22.2,30.9,,65.9,2.2,19.45,7.7
2017-07-01,25.3,22.4,30.7,0.5,73.6,2.0,13.89,3.4
2017-07-02,24.3,21.9,26.8,92.0,90.5,2.5,5.5,0.0
2017-07-03,24.7,21.9,27.4,67.5,87.6,3.5,9.19,2.0
2017-07-04,26.7,23.8,31.6,0.5,74.5,2.0,19.73,9.4
2017-07-05,27.4,23.3,32.6,,66.9,1.5,18.39,7.8
2017-07-06,27.6,23.9,34.6,34.0,72.3,1.7,19.12,8.3
2017-07-07,26.4,24.4,28.4,16.5,80.8,2.0,6.32,1.0
2017-07-08,26.0,24.6,27.6,4.5,83.3,2.6,4.66,0.1
2017-07-09,26.3,23.8,30.3,32.5,88.0,1.0,9.27,1.6
2017-07-10,24.0,22.6,25.4,144.5,96.5,2.3,2.01,0.0
2017-07-11,26.0,22.2,30.9,1.0,81.4,2.1,13.94,5.6
2017-07-12,27.1,24.9,31.1,0.0,75.9,2.3,17.01,7.7
2017-07-13,27.6,23.1,32.1,,71.0,1.5,19.23,9.2
2017-07-14,28.7,26.1,33.0,0.0,68.4,2.1,16.04,6.6
2017-07-15,25.0,23.4,27.3,42.5,89.0,2.2,5.65,0.5
2017-07-16,26.2,23.4,28.8,22.5,83.4,1.4,10.5,0.9
2017-07-17,26.8,24.0,29.0,7.5,77.3,2.0,11.18,0.3
2017-07-18,26.5,23.9,30.7,2.5,80.6,1.6,11.5,4.3
2017-07-19,28.3,24.5,34.1,,71.4,1.8,20.43,7.0
2017-07-20,29.9,26.0,34.9,,66.1,2.2,20.59,10.3
2017-07-21,29.8,27.3,32.4,,73.1,2.5,10.81,2.1
2017-07-22,29.3,27.5,32.5,0.5,75.8,2.3,10.01,2.3
2017-07-23,27.0,26.1,28.1,133.5,89.5,2.1,2.72,0.0
2017-07-24,26.2,25.6,27.3,3.0,82.3,1.2,5.17,0.0
2017-07-25,29.4,24.6,35.4,,64.1,1.9,21.74,10.7
2017-07-26,28.7,24.2,32.8,,55.6,2.7,22.61,11.4
2017-07-27,27.1,24.9,29.7,3.5,62.5,1.9,10.0,1.2
2017-07-28,25.5,24.8,26.9,8.5,92.1,1.5,3.38,0.0
2017-07-29,27.2,25.0,30.1,0.0,72.3,2.3,11.78,2.5
2017-07-30,27.9,24.7,32.6,,64.4,1.9,18.56,6.9
2017-07-31,25.7,24.8,27.1,3.5,82.3,1.4,4.34,0.0
2017-08-01,28.6,24.1,33.0,2.0,73.0,1.7,18.08,8.8
2017-08-02,30.0,26.6,33.0,,71.9,1.3,11.98,3.9
2017-08-03,30.2,27.2,33.9,,60.6,2.2,21.79,10.4
2017-08-04,30.3,25.9,35.3,,60.1,2.1,22.18,11.8
2017-08-05,31.4,27.6,34.8,0.0,63.0,1.9,16.84,9.4
2017-08-06,29.8,28.2,34.0,5.0,71.9,1.9,11.98,3.7
2017-08-07,29.2,26.4,34.4,,68.1,2.4,22.74,10.7
2017-08-08,28.2,25.5,31.0,,67.1,1.9,13.47,5.6
2017-08-09,27.6,24.6,32.0,2.5,66.4,2.3,14.17,4.0
2017-08-10,24.8,23.9,26.3,5.5,89.9,2.0,6.21,0.0
2017-08-11,27.0,23.9,32.4,0.5,72.5,2.3,15.55,7.3
2017-08-12,27.8,23.2,32.6,,60.3,2.1,18.42,9.6
2017-08-13,26.3,24.2,28.4,0.0,62.1,2.8,11.22,1.4
2017-08-14,24.6,23.1,27.1,1.5,67.5,3.6,7.26,0.0
2017-08-15,21.9,20.8,24.0,93.5,93.8,3.6,3.0,0.0
2017-08-16,23.3,20.5,26.8,2.0,80.5,3.7,10.41,1.6
2017-08-17,24.8,21.2,27.7,0.5,77.1,2.1,9.67,1.8
2017-08-18,26.3,23.9,30.6,0.0,75.6,1.3,12.1,5.0
2017-08-19,26.1,23.1,28.7,0.0,75.8,2.0,9.79,1.2
2017-08-20,23.2,22.0,25.8,124.5,95.6,2.9,3.48,0.0
2017-08-21,25.8,23.7,29.2,5.0,81.5,2.4,10.72,5.2
2017-08-22,27.3,23.4,31.5,,70.6,1.9,16.45,9.5
2017-08-23,27.2,24.6,30.2,31.5,84.1,2.6,8.22,2.4
2017-08-24,26.5,23.9,28.1,14.0,85.3,4.0,3.62,0.8
2017-08-25,25.3,22.2,30.6,,61.9,1.7,20.24,8.5
2017-08-26,24.2,19.0,29.2,,54.5,2.0,24.43,12.5
2017-08-27,22.7,19.0,26.7,0.0,62.0,1.4,10.32,3.3
2017-08-28,21.5,18.3,26.5,9.0,73.1,1.5,6.82,1.3
2017-08-29,19.5,17.0,24.0,,51.4,3.2,21.08,11.3
2017-08-30,19.8,16.1,23.9,,55.8,1.5,9.64,3.4
2017-08-31,22.2,16.6,27.6,,62.4,1.6,19.21,11.8
2017-09-01,23.3,17.1,29.7,,56.0,2.2,22.7,12.4
2017-09-02,23.8,18.6,29.6,,59.0,1.8,19.67,10.7
2017-09-03,23.7,19.0,29.2,,64.0,1.6,15.85,8.5
2017-09-04,24.6,19.7,30.1,,53.8,1.6,17.94,8.8
2017-09-05,21.9,20.4,23.7,0.0,62.4,1.7,5.38,0.0
2017-09-06,20.6,18.5,24.0,2.0,75.5,1.2,6.06,0.0
2017-09-07,22.4,17.8,27.5,,73.3,1.4,14.01,7.6
2017-09-08,24.3,20.4,29.9,,67.5,1.7,19.77,9.7
2017-09-09,23.8,19.2,28.2,,70.1,1.4,16.69,11.1
2017-09-10,23.0,19.9,26.1,0.5,74.3,1.4,7.34,0.0
2017-09-11,21.2,18.6,24.6,24.0,79.8,1.7,8.17,1.9
2017-09-12,22.1,17.7,27.9,,58.6,1.9,19.09,11.6
2017-09-13,21.4,15.9,27.5,,49.3,1.9,21.6,11.9
2017-09-14,22.4,14.8,29.5,,48.8,1.7,20.59,11.5
2017-09-15,22.6,17.8,27.9,,48.4,3.6,19.03,11.3
2017-09-16,22.0,16.7,27.6,,50.9,3.6,20.23,11.0
2017-09-17,23.1,19.0,29.2,,51.3,2.7,19.04,10.0
2017-09-18,21.9,16.4,27.6,,62.8,2.1,18.98,11.4
2017-09-19,22.6,20.1,25.8,8.0,79.1,3.0,7.26,2.1
2017-09-20,19.5,14.1,24.9,,48.9,2.4,20.74,11.6
2017-09-21,20.3,14.2,27.0,,57.3,1.6,19.35,11.5
2017-09-22,20.6,15.4,26.8,,60.8,2.1,16.7,11.0
2017-09-23,21.8,17.6,27.3,0.0,69.8,1.6,13.3,7.3
2017-09-24,22.4,18.8,27.9,0.0,71.5,2.0,11.77,5.4
2017-09-25,23.4,17.4,30.1,,58.0,1.4,16.62,10.4
2017-09-26,25.1,19.4,31.4,0.0,57.0,1.9,15.66,8.7
2017-09-27,22.7,19.9,27.3,0.5,66.4,1.7,0.02,0.0
2017-09-28,19.2,14.2,25.3,,49.1,2.8,11.81,
2017-09-29,17.4,11.2,23.5,,39.3,2.2,13.75,10.5
2017-09-30,20.0,14.7,25.9,,64.9,1.5,6.11,5.8
2017-10-01,18.2,15.5,21.2,4.0,74.8,2.3,3.06,0.6
2017-10-02,22.0,15.6,29.4,1.5,62.3,2.3,11.2,10.2
2017-10-03,17.6,13.4,23.6,,49.8,2.3,7.19,6.7
2017-10-04,16.7,10.7,24.3,,48.5,1.8,9.93,8.5
2017-10-05,18.7,13.9,23.4,,56.4,2.1,7.21,6.4
2017-10-06,18.9,16.2,23.3,0.5,66.4,2.3,5.32,4.6
2017-10-07,21.9,16.9,28.8,0.0,67.6,1.2,9.17,6.2
2017-10-08,23.0,19.3,28.7,,66.9,1.4,9.32,10.0
2017-10-09,22.5,19.8,27.6,0.0,66.0,1.5,7.24,6.5
2017-10-10,21.4,18.6,24.8,0.4,76.9,1.3,3.75,1.0
2017-10-11,15.5,12.2,21.7,20.0,77.1,2.9,3.87,1.9
2017-10-12,11.4,8.8,,,71.0,2.0,2.23,
2017-10-13,12.8,6.1,18.9,,51.0,3.2,9.41,9.6
2017-10-14,14.4,9.0,20.5,,42.8,,10.58,10.6
2017-10-15,15.8,9.0,23.0,,42.5,1.7,9.97,9.3
2017-10-16,16.6,13.6,22.0,,47.6,1.7,7.3,5.3
2017-10-17,16.2,9.2,23.9,,47.1,1.3,10.3,10.3
2017-10-18,16.5,14.2,19.1,0.1,58.8,2.4,3.13,0.3
2017-10-19,17.0,11.9,23.2,,58.3,1.8,9.08,9.2
2017-10-20,17.0,11.1,24.2,,58.6,1.5,9.75,10.1
2017-10-21,17.6,11.0,25.2,,52.8,1.3,9.75,10.1
2017-10-22,16.3,11.0,23.5,,50.4,3.1,8.97,9.6
2017-10-23,13.7,8.6,20.6,,47.0,1.4,9.37,10.1
2017-10-24,14.4,9.9,20.9,,54.3,1.9,7.95,8.2
2017-10-25,14.4,9.5,20.6,,59.0,1.5,9.17,9.5
2017-10-26,14.5,10.7,18.1,,56.5,1.2,4.42,1.8
2017-10-27,16.9,11.9,24.2,,54.4,1.2,8.47,9.7
2017-10-28,17.2,10.6,24.8,,51.9,2.0,8.75,9.8
2017-10-29,11.5,6.3,17.2,,45.6,3.3,7.94,7.3
2017-10-30,7.7,2.5,13.2,,27.4,2.4,9.16,9.8
2017-10-31,10.4,3.6,16.0,,54.3,1.8,8.01,9.5
2017-11-01,14.4,11.5,18.1,,72.4,2.1,2.94,2.0
2017-11-02,15.5,14.0,18.0,1.0,78.8,1.6,2.28,1.2
2017-11-03,12.3,6.1,16.6,1.5,66.0,3.2,5.24,5.9
2017-11-04,7.8,4.5,13.7,,47.9,2.5,8.3,9.6
2017-11-05,8.4,2.6,15.4,,52.5,1.5,,6.5
2017-11-06,11.4,8.0,16.5,,64.5,1.5,6.24,5.9
2017-11-07,14.4,9.2,18.4,0.0,61.4,1.5,4.41,3.3
2017-11-08,13.1,6.9,17.2,0.0,53.3,3.0,7.21,8.0
2017-11-09,9.4,3.7,16.8,,39.6,1.2,7.63,9.3
2017-11-10,9.8,5.3,15.9,7.5,56.3,3.0,2.05,1.5
2017-11-11,5.9,2.7,10.7,,42.9,2.2,8.18,8.6
2017-11-12,5.3,0.3,11.4,,57.1,1.4,6.72,8.6
2017-11-13,8.4,3.1,11.8,4.5,64.4,1.9,2.85,1.5
2017-11-14,7.5,2.9,11.4,,42.5,2.4,7.48,8.5
2017-11-15,3.2,-1.1,6.5,,38.3,2.8,7.34,8.6
2017-11-16,1.0,-3.4,6.4,,30.3,1.5,7.66,8.6
2017-11-17,3.0,-1.6,5.8,0.0,39.4,2.2,1.24,0.0
2017-11-18,-2.1,-4.8,2.6,,38.5,3.4,7.97,8.6
2017-11-19,-1.6,-6.6,3.5,,37.8,2.2,7.42,8.0
2017-11-20,-0.4,-3.9,4.2,0.0,55.3,1.4,,
2017-11-21,1.3,-4.2,8.1,,55.6,1.4,7.14,8.5
2017-11-22,4.3,0.6,10.8,0.5,54.8,2.4,4.17,5.5
2017-11-23,0.9,-2.5,4.7,1.2,49.3,2.1,5.25,6.8
2017-11-24,-0.4,-2.5,2.9,0.0,62.5,1.8,6.34,7.9
2017-11-25,3.0,-3.3,7.3,24.0,77.6,1.8,2.08,2.4
2017-11-26,3.3,-0.3,7.6,,71.6,1.8,5.95,6.8
2017-11-27,2.5,-2.9,9.5,,53.0,1.3,,
2017-11-28,6.4,1.3,11.2,0.5,64.1,1.1,4.21,3.4
2017-11-29,3.2,-1.8,8.1,0.0,48.3,2.8,7.04,8.4
2017-11-30,-2.4,-5.2,2.7,,26.8,3.3,,
2017-12-01,-2.2,-7.6,3.1,0.0,49.4,1.6,5.97,6.1
2017-12-02,1.9,-4.6,8.1,,59.9,1.7,6.33,6.7
2017-12-03,4.9,3.1,8.1,4.0,83.1,1.5,3.01,1.9
2017-12-04,-1.2,-6.1,4.5,0.1,48.1,3.4,6.79,8.4
2017-12-05,-4.2,-8.2,-0.4,0.1,40.1,,0.86,2.1
2017-12-06,0.2,-4.5,6.0,1.2,72.6,,6.14,7.7
2017-12-07,0.7,-3.5,4.6,,64.5,1.7,5.85,7.4
2017-12-08,-3.8,-7.1,-0.5,,41.3,1.8,6.89,8.5
2017-12-09,-0.5,-5.6,5.4,,46.1,1.0,6.32,7.4
2017-12-10,1.1,-2.5,6.7,4.1,67.9,2.0,2.08,2.6
2017-12-11,-7.0,-11.0,-2.5,,40.5,3.5,7.01,8.6
2017-12-12,-9.4,-12.3,-5.2,,41.9,2.1,6.8,8.6
2017-12-13,-8.7,-12.0,-4.4,,42.0,1.7,6.81,8.6
2017-12-14,-6.6,-11.2,-1.9,,42.9,0.9,3.7,3.2
2017-12-15,-3.0,-7.5,0.9,0.0,52.6,1.0,2.41,0.6
2017-12-16,-5.7,-8.1,-2.6,,43.1,3.0,6.4,8.6
2017-12-17,-6.7,-10.8,-2.3,,38.1,1.9,6.51,8.6
2017-12-18,-1.6,-5.9,3.3,3.4,80.0,1.2,1.66,2.7
2017-12-19,-3.9,-6.5,-1.0,,49.4,2.1,6.61,8.6
2017-12-20,-3.9,-8.5,-0.1,0.2,68.0,1.1,3.36,1.3
2017-12-21,-0.9,-5.6,4.6,,71.4,1.2,6.15,8.6
2017-12-22,3.4,-1.9,6.6,,66.6,1.1,3.41,3.1
2017-12-23,6.1,5.0,8.7,,75.8,1.1,3.28,3.9
2017-12-24,2.9,-0.6,5.7,20.0,82.0,1.9,0.7,0.0
2017-12-25,-2.1,-4.9,0.6,,43.1,2.8,6.77,8.9
2017-12-26,-3.8,-7.9,-1.1,,41.8,2.9,6.72,8.6
2017-12-27,-6.9,-10.3,-2.6,,31.4,1.9,6.61,8.9
2017-12-28,-2.1,-6.8,0.8,0.0,47.0,1.3,3.79,3.3
2017-12-29,2.1,-0.4,6.0,0.0,67.0,1.1,3.87,4.1
2017-12-30,1.4,-1.2,4.5,0.7,79.5,0.9,2.25,0.0
2017-12-31,-0.3,-3.2,3.3,1.0,54.4,2.3,6.63,8.5
2018-01-01,-1.3,-5.1,3.8,,39.1,1.4,6.14,8.3
2018-01-02,-1.8,-4.3,1.8,,42.0,1.8,5.36,7.9
2018-01-03,-4.7,-7.1,-0.4,,42.3,2.2,6.56,8.6
2018-01-04,-4.7,-8.7,-0.7,,43.0,1.4,4.73,6.2
2018-01-05,-3.0,-5.6,1.6,,48.4,1.7,5.96,8.2
2018-01-06,-2.8,-6.8,2.9,,45.8,1.5,6.79,8.8
2018-01-07,-0.8,-5.7,2.8,,42.1,0.8,3.75,3.1
2018-01-08,1.3,-1.2,4.0,0.9,51.9,1.8,2.39,0.5
2018-01-09,-4.2,-6.1,-1.2,0.5,59.4,2.9,5.6,8.4
2018-01-10,-7.5,-10.3,-4.8,0.3,52.0,3.0,6.85,8.8
2018-01-11,-11.1,-13.6,-7.4,,49.8,2.8,6.8,8.7
2018-01-12,-10.2,-15.3,-5.4,0.0,35.4,1.7,7.11,8.8
2018-01-13,-4.4,-6.6,-1.2,0.4,67.3,0.8,2.8,0.9
2018-01-14,0.6,-4.4,5.4,,64.1,1.2,4.55,5.6
2018-01-15,4.7,1.8,7.7,0.2,63.9,1.4,4.67,6.5
2018-01-16,3.5,0.1,6.8,0.0,59.1,0.7,2.4,0.5
2018-01-17,4.5,2.4,8.7,,64.1,1.2,4.17,4.8
2018-01-18,2.1,0.3,4.5,0.0,59.6,1.9,,
2018-01-19,1.0,-2.5,5.5,,43.0,1.6,6.56,8.7
2018-01-20,2.2,-1.0,6.9,,57.6,1.6,4.51,5.3
2018-01-21,0.4,-3.7,5.5,,36.6,1.0,5.88,8.2
2018-01-22,0.2,-5.3,4.0,3.3,56.5,1.5,1.91,0.7
2018-01-23,-11.7,-14.6,-5.3,,42.0,3.7,7.62,9.1
2018-01-24,-14.2,-16.3,-10.7,,31.6,3.4,7.73,8.9
2018-01-25,-14.0,-16.4,-9.5,,32.6,2.8,7.28,8.3
2018-01-26,-14.8,-17.8,-10.7,,34.9,2.6,,
2018-01-27,-9.9,-15.9,-3.5,,37.4,1.4,7.5,9.0
2018-01-28,-6.3,-9.3,-1.2,,36.0,2.6,6.38,7.6
2018-01-29,-8.5,-11.6,-4.7,,35.0,2.7,7.68,8.9
2018-01-30,-5.3,-11.4,-0.8,2.9,62.0,1.3,5.41,5.6
2018-01-31,-2.6,-5.2,0.0,0.0,54.5,1.6,3.9,1.8
2018-02-01,-4.0,-8.8,1.2,,44.1,1.6,8.09,9.1
2018-02-02,-2.4,-7.6,3.8,,51.1,1.6,7.29,8.8
2018-02-03,-7.3,-10.4,-2.1,0.5,47.0,3.8,13.65,9.1
2018-02-04,-9.5,-12.8,-5.2,,40.9,3.1,13.65,9.1
2018-02-05,-9.4,-11.8,-5.1,,37.8,3.0,14.31,9.3
2018-02-06,-10.1,-12.8,-5.8,,36.5,3.1,14.13,9.0
2018-02-07,-8.0,-13.4,-1.6,,39.8,1.5,13.39,9.2
2018-02-08,-4.4,-9.7,2.0,,43.3,1.2,13.05,9.2
2018-02-09,0.4,-5.3,6.1,,43.9,1.1,6.56,2.2
2018-02-10,-0.5,-6.9,3.2,,47.4,3.0,9.41,5.3
2018-02-11,-6.1,-9.5,-2.2,0.0,42.5,2.7,12.26,6.6
2018-02-12,-5.8,-9.6,-1.8,0.0,40.8,2.7,13.74,8.7
2018-02-13,-0.8,-7.4,4.3,,54.5,2.7,13.72,8.3
2018-02-14,3.5,-0.7,8.7,,51.0,2.6,6.92,3.3
2018-02-15,-0.7,-3.7,4.0,,28.0,2.5,,
2018-02-16,-1.1,-5.5,4.9,,40.1,2.1,14.1,9.7
2018-02-17,-3.0,-7.1,1.4,,25.6,2.9,15.8,9.0
2018-02-18,-0.4,-4.9,5.2,,26.9,1.3,11.22,7.2
2018-02-19,1.8,-1.9,6.8,,48.6,1.5,10.08,4.8
2018-02-20,0.9,-2.4,5.5,,41.0,2.5,13.56,8.3
2018-02-21,-0.9,-4.5,4.4,,31.5,2.3,15.28,9.8
2018-02-22,1.3,-3.9,5.4,0.4,59.0,2.2,9.45,6.4
2018-02-23,4.2,-0.3,8.6,3.7,81.1,1.9,9.43,4.8
2018-02-24,2.4,-1.1,7.2,,49.4,2.1,13.09,7.6
2018-02-25,1.9,-1.6,7.9,,40.6,1.7,16.17,9.2
2018-02-26,3.1,-3.2,10.4,,43.1,1.4,16.36,10.2
2018-02-27,4.2,0.6,6.9,,48.8,0.9,2.86,0.0
2018-02-28,4.6,1.8,7.8,25.0,73.3,2.0,1.71,0.0
2018-03-01,-0.2,-4.3,3.0,0.5,61.9,3.8,17.94,8.7
2018-03-02,-0.7,-6.7,5.4,,34.0,1.5,19.03,10.3
2018-03-03,7.9,-0.1,16.2,0.0,38.1,1.5,18.04,10.1
2018-03-04,9.8,7.6,11.9,11.5,89.1,1.2,3.92,0.0
2018-03-05,5.5,1.3,11.4,3.5,67.5,2.0,13.8,7.0
2018-03-06,4.5,-1.1,10.9,,46.8,1.6,17.85,10.6
2018-03-07,6.4,2.2,10.7,0.5,54.0,1.8,10.76,3.0
2018-03-08,4.6,2.7,9.7,4.0,76.0,1.9,10.3,5.1
2018-03-09,4.5,1.4,9.6,,63.3,1.5,10.22,5.1
2018-03-10,4.6,0.7,9.7,,65.8,2.0,16.45,7.9
2018-03-11,6.4,2.7,12.2,,51.3,2.0,18.11,9.8
2018-03-12,8.0,2.2,15.5,,45.8,1.4,13.92,7.5
2018-03-13,12.4,5.2,18.8,,60.5,1.8,14.17,6.6
2018-03-14,17.0,13.6,22.1,,58.8,2.3,15.46,7.9
2018-03-15,12.4,8.4,16.6,27.0,92.1,2.1,1.47,0.0
2018-03-16,7.1,3.6,12.2,,46.9,1.9,21.16,11.0
2018-03-17,6.6,0.5,14.0,,48.0,1.5,17.87,9.1
2018-03-18,8.2,5.4,12.5,0.5,55.9,1.2,7.19,0.0
2018-03-19,8.0,6.2,10.4,1.0,64.5,2.5,3.33,0.0
2018-03-20,4.7,1.6,9.1,,39.9,3.4,14.36,5.4
2018-03-21,2.1,1.1,5.3,1.0,64.1,1.7,6.13,0.4
2018-03-22,4.9,0.6,11.6,,61.5,2.2,20.45,10.7
2018-03-23,6.1,1.8,12.5,,55.3,2.0,19.08,8.7
2018-03-24,7.6,4.0,13.1,,61.9,2.1,15.35,7.2
2018-03-25,9.6,4.6,16.9,,65.6,1.7,19.12,9.5
2018-03-26,11.0,5.3,18.1,,64.5,1.9,19.06,9.1
2018-03-27,13.3,7.7,20.0,,61.1,1.6,15.98,7.9
2018-03-28,14.0,9.4,19.0,,66.4,2.2,13.94,5.2
2018-03-29,15.4,11.8,21.1,,66.3,1.6,14.86,7.5
2018-03-30,14.8,9.8,21.9,,55.6,1.7,20.01,9.9
2018-03-31,14.0,9.3,20.1,,52.9,1.9,17.08,7.9
2018-04-01,15.6,11.7,18.5,,68.8,1.5,7.25,1.3
2018-04-02,18.4,14.9,23.7,,64.0,1.9,14.14,5.6
2018-04-03,17.8,14.9,21.2,0.1,72.9,2.1,6.88,0.8
2018-04-04,13.4,9.5,18.2,18.5,67.0,1.9,19.56,8.0
2018-04-05,7.6,6.7,9.5,10.5,90.6,2.0,2.15,0.0
2018-04-06,5.8,3.0,8.6,6.5,71.6,3.1,11.19,4.0
2018-04-07,4.2,1.4,8.6,0.2,45.5,4.1,18.24,9.0
2018-04-08,3.9,0.6,7.9,3.0,59.6,1.8,7.93,3.3
2018-04-09,7.9,0.1,15.4,,57.9,1.1,21.52,9.5
2018-04-10,15.1,6.9,21.9,5.0,51.0,3.5,17.52,6.3
2018-04-11,12.6,8.7,17.3,,49.4,3.0,24.86,11.8
2018-04-12,13.3,6.8,19.6,,30.5,2.6,24.56,12.0
2018-04-13,14.6,8.3,19.3,,22.9,1.3,12.68,2.7
2018-04-14,9.0,7.5,14.8,9.0,78.8,1.8,3.49,0.3
2018-04-15,9.5,5.6,14.2,,65.5,2.4,17.29,8.6
2018-04-16,11.6,4.9,18.8,,41.9,1.6,24.79,12.3
2018-04-17,12.9,6.8,20.1,,37.9,1.9,24.03,12.2
2018-04-18,12.4,6.2,19.3,,35.4,1.9,25.09,12.0
2018-04-19,14.0,7.4,20.5,,38.8,1.9,22.36,11.4
2018-04-20,18.4,11.0,26.3,,46.0,1.3,22.68,11.3
2018-04-21,18.7,12.3,25.6,,32.0,1.9,26.14,12.4
2018-04-22,15.5,10.7,21.0,15.5,57.4,1.1,5.09,0.0
2018-04-23,9.3,8.4,10.7,59.0,93.9,2.2,2.59,0.0
2018-04-24,12.1,8.9,16.1,3.0,63.3,1.4,10.14,0.0
2018-04-25,14.6,5.7,23.3,,37.8,1.5,24.97,12.4
2018-04-26,14.9,10.0,22.1,,51.9,2.1,21.87,11.7
2018-04-27,15.7,9.7,23.3,,52.9,1.7,22.9,11.3
2018-04-28,15.4,10.5,21.7,,49.0,2.0,26.04,12.4
2018-04-29,16.2,9.4,22.9,,43.1,1.9,24.5,11.6
2018-04-30,19.2,14.1,25.0,,61.6,1.6,20.74,9.2
2018-05-01,20.4,17.8,23.3,0.0,72.8,1.5,12.42,3.2
2018-05-02,15.1,8.7,19.7,12.0,90.4,1.9,2.47,0.0
2018-05-03,11.2,6.9,14.7,1.0,62.4,2.7,12.18,8.2
2018-05-04,14.1,8.8,20.0,,45.5,2.7,27.26,12.4
2018-05-05,18.3,11.6,24.6,,46.8,2.6,22.26,11.0
2018-05-06,16.6,15.0,20.7,22.0,86.4,1.1,9.31,3.2
2018-05-07,19.2,14.0,25.5,,60.3,1.2,17.7,7.1
2018-05-08,17.5,11.6,22.9,,50.9,1.7,23.25,11.3
2018-05-09,15.7,9.2,21.8,,50.4,1.7,26.77,12.6
2018-05-10,15.4,11.3,21.4,,67.4,2.3,26.53,12.3
2018-05-11,16.1,11.9,21.3,,59.8,1.8,18.7,5.3
2018-05-12,14.2,11.8,16.1,32.0,89.3,0.9,1.32,0.0
2018-05-13,15.8,12.7,20.0,0.5,82.5,1.9,16.37,6.9
2018-05-14,18.2,11.9,24.5,,71.4,1.4,19.19,7.2
2018-05-15,23.2,15.4,29.3,0.0,56.4,1.1,21.18,8.9
2018-05-16,22.3,21.8,24.4,45.0,93.8,1.9,1.6,0.0
2018-05-17,20.9,18.8,23.5,83.0,97.0,1.4,3.96,0.0
2018-05-18,16.3,12.2,19.3,6.5,86.8,1.3,5.64,0.4
2018-05-19,17.6,10.3,24.7,,47.5,1.5,29.13,12.7
2018-05-20,17.0,11.5,22.6,,32.1,1.4,14.42,4.2
2018-05-21,17.8,11.3,23.7,,43.9,1.4,24.59,8.8
2018-05-22,18.1,15.4,23.2,12.5,75.5,1.1,10.87,2.7
2018-05-23,17.3,13.6,23.3,6.5,57.1,2.5,29.2,12.7
2018-05-24,18.3,11.2,23.7,,47.4,2.2,27.02,12.5
2018-05-25,19.7,13.8,26.2,,47.4,1.8,25.48,12.1
2018-05-26,21.8,14.0,29.6,,50.1,1.4,26.86,12.6
2018-05-27,20.3,17.3,24.7,,47.4,1.7,17.12,4.7
2018-05-28,22.3,16.2,29.1,,49.8,1.6,26.49,12.5
2018-05-29,21.4,19.1,25.9,1.0,69.3,1.8,13.34,3.4
2018-05-30,20.2,15.8,24.7,0.0,69.8,1.9,21.67,9.8
2018-05-31,20.9,14.2,27.6,,58.9,1.9,26.94,12.9
2018-06-01,23.8,17.5,30.2,,50.4,1.9,27.94,12.9
2018-06-02,23.4,17.6,30.1,,44.5,2.0,28.49,12.8
2018-06-03,24.0,16.9,30.8,,39.4,1.6,27.18,12.9
2018-06-04,22.6,18.9,27.5,,50.1,1.9,21.13,9.2
2018-06-05,23.7,17.7,29.2,,52.5,1.7,24.35,11.4
2018-06-06,23.0,18.4,27.9,,62.9,2.0,26.6,12.7
2018-06-07,22.2,17.8,29.4,,69.3,2.0,24.04,9.4
2018-06-08,21.9,18.5,27.0,,68.0,2.1,18.52,7.1
2018-06-09,23.7,18.9,30.1,0.5,60.6,1.4,20.24,7.9
2018-06-10,21.3,18.3,24.9,0.5,59.9,1.4,12.82,1.4
2018-06-11,20.2,18.0,23.9,5.0,67.3,1.4,11.27,3.3
2018-06-12,21.3,16.6,27.1,0.0,65.5,1.7,23.45,12.1
2018-06-13,22.0,18.3,27.0,0.0,64.0,1.5,15.75,4.9
2018-06-14,21.6,18.8,25.1,29.0,74.9,1.1,10.34,1.4
2018-06-15,21.7,17.2,27.0,16.5,60.8,1.4,23.64,9.8
2018-06-16,22.5,16.3,28.7,,56.4,1.4,28.06,13.0
2018-06-17,22.8,18.9,27.5,,66.9,1.3,14.78,2.4
2018-06-18,24.8,19.9,30.8,,54.9,1.5,26.17,12.6
2018-06-19,22.4,19.1,27.2,,61.3,1.8,17.65,3.1
2018-06-20,22.7,19.1,28.4,,68.1,2.3,24.52,10.2
2018-06-21,23.7,19.4,28.7,,60.1,2.2,28.21,12.6
2018-06-22,25.0,18.2,32.0,,45.1,1.8,27.4,12.4
2018-06-23,24.5,20.9,28.9,,50.6,2.0,22.19,8.5
2018-06-24,25.2,20.1,32.1,,62.8,1.9,25.7,11.1
2018-06-25,27.1,21.3,32.9,,57.1,1.2,20.44,7.8
2018-06-26,22.3,20.2,26.9,71.5,88.3,2.4,1.29,0.0
2018-06-27,22.3,19.1,25.5,1.0,81.9,2.0,13.56,2.9
2018-06-28,23.3,20.6,27.3,26.5,85.1,1.1,9.31,1.9
2018-06-29,24.7,21.9,29.1,6.5,78.5,1.5,18.79,8.4
2018-06-30,24.4,21.6,27.9,14.5,83.8,0.9,8.76,0.5
2018-07-01,21.9,21.0,22.8,83.5,94.6,0.8,2.09,0.0
2018-07-02,22.6,20.6,25.3,59.5,95.4,0.7,4.73,0.1
2018-07-03,27.4,22.5,32.6,0.1,74.4,0.8,22.88,10.1
2018-07-04,27.3,24.0,31.8,,69.6,1.7,22.43,8.4
2018-07-05,25.3,23.4,29.0,0.5,72.8,1.2,10.88,1.7
2018-07-06,23.9,21.5,27.1,,57.8,1.8,15.83,2.6
2018-07-07,23.7,19.5,29.2,,51.4,1.6,27.32,
2018-07-08,23.3,17.7,28.1,,51.5,1.5,23.98,9.5
2018-07-09,20.8,20.1,24.2,14.0,82.3,1.1,4.0,0.0
2018-07-10,23.7,20.4,26.5,16.5,87.8,0.7,5.92,0.0
2018-07-11,26.8,24.4,29.5,3.0,82.9,1.3,8.74,0.1
2018-07-12,26.6,25.1,28.2,1.0,82.4,1.5,9.92,1.1
2018-07-13,27.3,24.7,30.9,,74.8,1.8,15.6,7.0
2018-07-14,27.9,24.6,31.9,0.0,69.6,1.9,21.51,11.3
2018-07-15,28.3,24.5,33.2,,69.6,1.6,22.91,11.0
2018-07-16,28.7,24.0,34.0,,64.3,1.7,26.67,12.9
2018-07-17,28.1,23.9,32.1,,66.5,1.7,25.57,13.0
2018-07-18,28.2,23.7,33.2,,64.8,1.6,25.14,13.0
2018-07-19,28.7,23.2,34.1,,64.1,1.6,27.8,12.9
2018-07-20,29.5,24.6,34.7,,62.6,1.5,25.73,12.9
2018-07-21,30.6,24.9,36.9,,53.6,1.5,26.62,12.9
2018-07-22,31.8,25.3,38.0,,49.6,1.4,25.51,12.2
2018-07-23,31.7,29.2,35.7,,53.8,1.8,18.94,8.0
2018-07-24,31.4,27.2,36.8,,59.5,1.6,18.42,10.2
2018-07-25,30.1,27.7,34.1,,66.3,2.4,14.36,5.2
2018-07-26,30.1,27.3,33.7,,68.8,1.5,12.21,4.4
2018-07-27,30.9,27.2,35.4,,69.3,1.9,19.29,9.3
2018-07-28,29.5,28.0,35.2,7.5,77.1,1.2,9.59,3.4
2018-07-29,31.3,26.4,36.7,,52.4,1.2,22.33,12.3
2018-07-30,31.7,26.2,36.9,,50.9,1.2,19.68,11.0
2018-07-31,32.6,27.8,38.3,,50.5,1.5,24.5,12.0
2018-08-01,33.6,27.8,39.6,,55.5,1.7,25.69,12.6
2018-08-02,33.7,30.3,37.9,,54.4,1.6,18.58,9.8
2018-08-03,33.1,30.0,37.9,,55.3,1.9,21.09,10.5
2018-08-04,31.1,28.0,34.9,,60.6,2.4,20.45,12.1
2018-08-05,30.0,27.2,33.9,2.0,71.8,2.6,20.62,10.1
2018-08-06,30.5,28.3,35.3,6.5,71.6,1.6,17.86,7.3
2018-08-07,30.5,26.8,35.9,,63.4,1.5,15.62,8.5
2018-08-08,31.0,27.6,35.3,,64.8,2.1,20.59,10.8
2018-08-09,28.8,27.1,32.5,2.0,76.3,1.5,11.11,2.6
2018-08-10,30.7,25.7,36.8,,60.9,1.4,21.85,11.4
2018-08-11,31.0,26.4,36.0,,55.8,1.5,21.37,11.5
2018-08-12,30.6,27.2,35.3,5.0,61.3,1.5,18.23,8.4
2018-08-13,30.5,26.7,34.4,1.0,68.6,1.4,12.29,6.3
2018-08-14,31.7,27.7,37.2,,58.3,1.3,18.37,9.5
2018-08-15,31.7,28.3,38.0,1.0,59.5,1.2,18.41,9.5
2018-08-16,29.9,24.1,35.6,,51.0,1.7,24.88,11.0
2018-08-17,27.2,21.7,33.8,,39.8,1.8,26.23,12.4
2018-08-18,26.7,21.5,32.1,,44.6,1.4,23.27,10.9
2018-08-19,28.2,23.0,34.4,,50.6,1.2,19.79,7.9
2018-08-20,29.1,25.1,33.3,0.0,55.6,2.0,15.07,6.0
2018-08-21,26.6,23.4,31.0,5.0,71.4,2.5,12.86,6.8
2018-08-22,30.7,23.4,37.6,,54.1,1.1,22.27,10.5
2018-08-23,29.4,25.7,32.2,3.0,59.1,1.7,9.3,1.7
2018-08-24,24.4,23.2,26.3,7.5,86.3,2.5,5.69,0.0
2018-08-25,25.2,22.7,29.3,,68.0,2.6,16.21,7.2
2018-08-26,23.2,20.3,29.0,2.0,70.0,1.2,13.54,5.1
2018-08-27,22.7,20.2,24.9,19.5,91.0,0.8,7.84,0.0
2018-08-28,23.7,22.5,26.1,96.5,92.4,0.9,4.42,0.0
2018-08-29,25.2,22.7,27.4,42.0,86.0,2.4,2.75,0.1
2018-08-30,25.3,23.9,28.2,9.5,80.9,1.8,8.74,1.9
2018-08-31,25.6,22.8,30.3,0.1,67.4,1.6,22.17,10.1
2018-09-01,25.5,20.8,30.9,,59.4,1.3,21.01,10.6
2018-09-02,25.1,20.1,29.6,,55.8,1.5,20.34,9.2
2018-09-03,23.3,21.4,25.8,34.5,85.3,1.0,3.36,0.0
2018-09-04,23.2,20.0,27.8,,69.4,2.2,21.64,11.0
2018-09-05,24.0,19.6,28.5,,63.5,2.5,22.46,11.8
2018-09-06,24.1,20.9,28.2,1.0,69.9,2.0,11.03,2.2
2018-09-07,22.0,19.1,25.5,0.5,54.6,2.5,19.58,10.9
2018-09-08,21.7,15.9,27.7,,48.8,1.7,22.75,11.7
2018-09-09,22.2,15.6,28.9,,49.0,1.2,21.4,9.9
2018-09-10,22.9,18.6,28.4,,49.5,1.6,19.84,10.3
2018-09-11,21.6,16.8,26.1,,48.1,1.5,17.85,8.4
2018-09-12,22.8,16.8,28.2,,52.0,1.4,20.39,11.3
2018-09-13,23.5,20.3,28.3,,63.5,1.2,12.93,5.0
2018-09-14,23.5,20.3,26.8,0.5,66.9,1.3,9.8,1.6
2018-09-15,23.3,21.0,26.0,0.2,76.0,1.0,7.44,0.8
2018-09-16,22.2,21.0,23.9,2.0,83.6,1.7,6.44,0.0
2018-09-17,22.3,18.5,27.7,0.1,64.3,1.9,20.42,10.8
2018-09-18,22.0,17.7,26.5,,59.8,1.2,15.85,7.9
2018-09-19,22.1,18.9,26.6,0.2,59.1,1.0,10.66,2.1
2018-09-20,19.0,17.8,20.1,5.0,82.4,1.8,4.08,0.0
2018-09-21,19.4,17.6,21.9,18.0,85.8,1.3,6.31,0.6
2018-09-22,20.8,17.2,25.5,6.5,62.3,1.8,19.06,10.8
2018-09-23,19.4,15.6,25.3,0.0,52.9,1.6,14.77,7.4
2018-09-24,17.6,14.2,22.1,,48.3,2.1,20.96,11.0
2018-09-25,17.8,10.8,24.3,,48.0,1.1,20.19,10.0
2018-09-26,19.4,16.2,24.8,,47.9,1.7,17.06,8.4
2018-09-27,18.9,13.2,25.0,,47.6,1.3,18.26,10.3
2018-09-28,17.5,14.3,22.2,,58.1,1.2,8.76,3.5
2018-09-29,20.2,14.6,27.0,,55.5,1.0,19.37,10.8
2018-09-30,17.6,14.0,21.6,,52.5,2.3,16.95,10.4
2018-10-01,15.4,13.0,19.7,0.0,55.1,2.9,15.1,7.9
2018-10-02,15.9,10.3,22.0,,61.4,1.6,18.84,10.8
2018-10-03,17.3,11.2,24.2,,58.0,1.3,18.49,10.6
2018-10-04,19.3,13.0,25.6,,56.5,1.3,15.88,8.9
2018-10-05,16.9,15.7,19.0,36.5,84.1,1.7,2.74,0.0
2018-10-06,18.0,16.3,21.7,55.5,84.0,2.2,6.86,3.0
2018-10-07,16.4,12.3,21.1,,53.5,1.7,15.65,10.5
2018-10-08,14.8,9.2,20.9,,47.0,1.1,15.28,10.5
2018-10-09,15.3,10.7,19.8,0.0,52.5,1.1,8.89,2.3
2018-10-10,12.0,7.9,16.7,7.0,61.0,2.5,10.3,6.5
2018-10-11,9.7,6.1,13.9,,51.0,2.1,15.42,9.3
2018-10-12,10.9,5.2,17.4,,54.0,1.3,17.67,10.1
2018-10-13,12.5,6.1,19.8,,54.0,1.0,16.78,10.0
2018-10-14,13.2,6.8,20.3,,60.0,1.5,16.08,9.9
2018-10-15,15.2,10.9,21.0,,69.9,1.4,11.26,6.8
2018-10-16,14.5,9.9,20.3,,55.9,1.3,13.15,8.2
2018-10-17,12.4,8.4,18.6,,53.3,1.3,16.44,10.0
2018-10-18,12.7,7.5,19.0,,59.5,1.1,13.37,8.1
2018-10-19,13.1,7.2,20.4,,54.3,1.4,16.23,9.9
2018-10-20,13.4,6.9,21.4,,53.9,1.2,15.97,9.7
2018-10-21,13.4,7.2,21.1,,49.5,1.1,15.77,9.6
2018-10-22,14.0,8.8,20.6,,50.0,1.0,12.13,7.6
2018-10-23,12.2,9.8,16.9,5.0,75.1,1.1,7.68,5.3
2018-10-24,12.5,7.6,18.7,,66.0,1.3,13.64,9.6
2018-10-25,13.8,7.0,21.2,,55.5,0.9,13.56,8.7
2018-10-26,12.2,9.9,14.7,11.0,74.1,1.6,3.0,2.4
2018-10-27,8.7,6.2,11.6,,49.6,3.2,11.6,8.0
2018-10-28,8.3,5.2,13.5,5.5,77.1,1.5,6.66,2.8
2018-10-29,7.2,3.4,11.7,0.0,57.3,2.0,9.84,6.5
2018-10-30,6.1,0.7,11.6,0.0,51.3,1.6,14.55,9.1
2018-10-31,7.4,3.0,12.6,0.0,55.4,1.6,14.51,9.3
2018-11-01,8.4,2.5,15.2,,53.4,1.3,13.95,9.2
2018-11-02,10.6,4.0,19.0,,54.9,1.1,13.52,9.2
2018-11-03,11.2,5.0,19.1,,56.0,1.3,13.59,9.1
2018-11-04,11.6,5.3,19.4,,55.0,1.3,13.41,9.0
2018-11-05,11.9,6.6,18.3,,65.5,1.1,11.09,7.9
2018-11-06,12.2,8.0,17.5,,70.5,0.9,7.85,4.1
2018-11-07,12.8,10.3,15.7,2.0,79.5,1.1,4.05,0.5
2018-11-08,11.8,10.5,14.7,64.0,93.8,1.8,1.31,0.0
2018-11-09,12.1,9.5,15.4,1.0,69.0,3.1,9.75,6.5
2018-11-10,11.9,8.8,17.1,0.0,69.1,1.4,11.14,8.1
2018-11-11,8.1,5.4,10.9,0.0,67.6,1.1,3.72,1.4
2018-11-12,8.1,3.1,15.1,,52.3,1.2,12.12,8.9
2018-11-13,8.8,4.1,15.4,,51.6,1.1,11.7,8.8
2018-11-14,9.8,4.8,16.6,,55.5,1.1,11.61,8.7
2018-11-15,9.7,4.7,16.2,,55.4,1.0,9.55,7.8
2018-11-16,8.8,4.2,14.5,,65.1,1.7,8.28,5.2
2018-11-17,4.9,0.6,11.4,,50.8,1.4,9.17,5.2
2018-11-18,6.1,1.9,10.7,,48.8,1.1,7.49,2.4
2018-11-19,6.5,3.3,11.3,,50.4,1.4,7.83,5.8
2018-11-20,6.5,0.0,12.7,0.2,39.9,1.8,11.03,8.8
2018-11-21,5.8,3.1,8.2,1.0,57.1,1.2,2.95,0.0
2018-11-22,2.3,-1.3,7.1,,35.0,2.4,10.82,8.6
2018-11-23,1.9,-3.1,7.6,,29.6,1.4,10.76,8.6
2018-11-24,2.6,0.3,3.8,10.9,71.1,1.8,3.38,1.6
2018-11-25,4.8,1.3,9.8,,77.8,1.0,7.9,6.9
2018-11-26,6.3,1.6,13.6,,70.1,1.0,10.05,8.6
2018-11-27,7.1,3.1,12.5,,65.0,1.5,4.62,1.1
2018-11-28,5.0,2.1,11.1,,27.1,1.6,9.68,6.8
2018-11-29,3.5,0.6,6.7,0.0,41.4,1.3,2.81,0.2
2018-11-30,2.7,-1.5,8.0,,46.1,1.4,10.22,8.6
2018-12-01,5.5,0.8,12.4,,42.3,1.0,9.88,7.8
2018-12-02,8.2,2.8,11.8,,50.1,1.3,5.59,2.7
2018-12-03,11.5,9.3,13.5,9.5,87.4,1.4,0.65,0.0
2018-12-04,6.7,-0.3,11.8,5.0,74.9,2.7,3.33,2.1
2018-12-05,0.0,-4.3,3.4,,39.5,1.5,6.33,3.1
2018-12-06,2.4,-1.0,6.8,0.0,50.5,2.3,7.77,6.2
2018-12-07,-7.3,-9.6,-1.1,,37.1,3.8,10.91,8.7
2018-12-08,-8.3,-11.4,-4.4,,37.1,2.6,10.75,8.7
2018-12-09,-7.2,-11.8,-2.1,,27.0,1.5,10.57,7.8
2018-12-10,-2.5,-8.1,4.6,,33.3,0.9,9.46,8.0
2018-12-11,0.2,-2.4,2.9,,44.8,1.2,3.59,0.1
2018-12-12,-1.9,-5.0,2.4,,39.0,2.2,10.42,8.7
2018-12-13,-2.2,-5.9,2.1,1.3,57.4,2.0,5.83,4.8
2018-12-14,-4.4,-7.8,0.6,,44.3,1.7,10.4,8.7
2018-12-15,-2.4,-7.8,3.2,,46.8,1.0,8.83,8.0
2018-12-16,0.0,-2.6,2.1,0.3,63.8,0.9,3.19,1.1
2018-12-17,1.6,-1.5,5.9,0.3,60.1,1.8,8.92,8.3
2018-12-18,2.6,-2.8,7.4,,56.3,1.4,7.67,7.2
2018-12-19,4.0,1.3,9.5,,53.4,1.4,9.29,7.8
2018-12-20,3.4,-1.1,10.4,,45.5,0.9,8.78,7.5
2018-12-21,5.6,0.4,9.8,,40.1,1.1,5.82,3.2
2018-12-22,6.9,2.9,12.4,,48.9,1.5,8.93,7.8
2018-12-23,2.4,-3.4,7.5,,43.0,2.9,9.58,8.3
2018-12-24,-2.3,-5.9,3.1,,35.9,1.6,10.5,8.8
2018-12-25,0.6,-4.0,5.2,,53.4,1.2,5.67,3.1
2018-12-26,-1.5,-7.1,3.0,,40.8,2.8,9.97,8.3
2018-12-27,-10.1,-12.5,-6.5,,28.3,3.5,10.44,8.7
2018-12-28,-10.5,-14.4,-6.6,,33.0,2.5,10.36,8.7
2018-12-29,-7.6,-10.5,-3.0,,29.0,2.9,10.57,8.7
2018-12-30,-6.8,-11.3,-0.9,,35.9,1.2,10.48,8.7
2018-12-31,-5.4,-10.5,-0.5,,39.6,1.2,9.16,8.3
2019-01-01,-5.0,-8.2,-0.6,,49.5,2.1,7.84,7.5
2019-01-02,-4.9,-8.8,0.2,,42.8,1.7,10.48,8.7
2019-01-03,-3.5,-8.4,3.2,,38.8,1.4,10.28,8.7
2019-01-04,-1.1,-6.2,4.1,,55.5,1.2,6.2,3.9
2019-01-05,-2.8,-5.5,1.1,,40.3,2.2,10.05,8.6
2019-01-06,-2.8,-6.3,2.7,,35.0,1.2,9.64,7.7
2019-01-07,-1.9,-6.2,3.1,,46.4,1.4,8.71,7.0
2019-01-08,-3.5,-7.2,0.5,,31.0,2.6,10.46,8.7
2019-01-09,-4.7,-9.4,1.3,,28.8,1.3,8.47,7.4
2019-01-10,-0.6,-4.5,3.0,,48.8,1.3,5.92,3.1
2019-01-11,2.4,-0.4,7.2,,58.8,1.0,8.53,6.9
2019-01-12,2.8,-0.6,8.0,,47.6,1.3,7.71,6.0
2019-01-13,1.2,-3.0,7.6,,54.3,1.4,9.97,8.6
2019-01-14,1.4,-2.4,5.3,,68.6,0.9,6.03,0.4
2019-01-15,-1.7,-7.2,2.6,0.0,58.8,2.7,6.93,4.7
2019-01-16,-5.2,-10.1,-1.1,0.0,45.9,2.3,10.36,8.6
2019-01-17,-0.3,-3.2,4.0,0.0,45.8,1.7,11.07,8.7
2019-01-18,0.6,-4.6,6.7,,44.0,1.3,10.4,8.5
2019-01-19,3.6,0.0,8.5,,59.8,1.2,6.27,2.9
2019-01-20,-1.4,-5.5,4.0,,38.5,3.2,11.56,8.8
2019-01-21,-1.2,-6.7,4.2,0.0,57.8,1.6,3.07,1.0
2019-01-22,1.7,-3.3,7.1,,62.0,1.7,9.85,8.5
2019-01-23,2.0,-0.8,7.0,,48.9,2.3,10.85,8.6
2019-01-24,0.1,-4.6,6.5,,34.9,1.7,11.71,8.8
2019-01-25,-1.2,-3.8,2.6,,27.6,2.6,11.56,8.7
2019-01-26,-2.5,-6.5,2.4,,30.9,2.4,12.29,8.8
2019-01-27,-0.1,-6.6,5.1,,52.5,1.7,10.31,6.7
2019-01-28,1.2,-2.4,4.5,0.0,40.4,3.1,11.76,8.7
2019-01-29,-0.2,-5.6,7.0,,35.5,1.5,11.87,8.7
2019-01-30,1.8,-2.8,6.6,,54.6,1.5,9.13,7.7
2019-01-31,-2.0,-6.2,2.3,,29.0,2.9,5.97,3.4
2019-02-01,-2.1,-7.4,2.8,0.3,47.6,1.7,9.71,5.7
2019-02-02,1.4,-3.2,6.1,0.0,60.0,1.0,4.48,1.6
2019-02-03,3.3,2.0,4.9,16.0,92.9,1.7,0.54,0.0
2019-02-04,-0.6,-3.3,3.0,,40.4,2.1,12.74,8.6
2019-02-05,2.8,-3.6,10.1,,37.1,1.0,11.81,7.8
2019-02-06,5.1,0.1,9.3,,54.9,1.3,6.87,3.3
2019-02-07,-2.1,-8.2,6.3,0.5,45.5,3.5,13.09,8.7
2019-02-08,-6.1,-10.2,-1.3,,31.5,2.3,12.08,8.4
2019-02-09,-5.4,-8.6,-1.9,,30.0,2.7,13.27,9.3
2019-02-10,-5.0,-9.1,-1.9,,31.3,1.7,7.83,2.2
2019-02-11,-3.0,-7.5,2.0,,34.9,2.3,14.53,9.4
2019-02-12,-0.6,-4.1,3.7,0.0,35.5,1.9,12.34,8.5
2019-02-13,-2.1,-5.7,2.5,,26.6,2.4,14.15,9.2
2019-02-14,-0.5,-5.9,6.3,,24.3,1.4,14.39,9.2
2019-02-15,-0.8,-2.9,0.9,2.2,72.8,1.9,3.57,0.0
2019-02-16,-2.7,-5.1,1.5,0.2,59.0,2.6,13.19,8.8
2019-02-17,-1.8,-6.8,4.6,,47.4,1.9,16.08,9.8
2019-02-18,0.9,-4.7,5.9,,43.5,1.3,10.19,5.6
2019-02-19,1.4,0.2,3.0,4.6,80.8,1.4,3.43,0.6
2019-02-20,1.7,-0.1,4.5,0.0,67.8,2.1,6.26,2.2
2019-02-21,2.4,-2.6,9.0,,59.4,1.5,14.6,9.6
2019-02-22,4.0,-1.6,10.8,,56.1,1.5,15.33,9.5
2019-02-23,6.8,0.5,14.5,,41.0,1.1,16.04,9.1
2019-02-24,6.3,1.2,13.7,,45.0,1.8,16.07,10.0
2019-02-25,4.7,1.3,10.2,,55.8,2.3,14.21,8.0
2019-02-26,5.2,-1.5,12.0,,32.8,1.6,16.25,9.5
2019-02-27,7.8,4.7,14.0,,31.3,1.6,12.84,7.8
2019-02-28,6.6,2.0,12.8,,39.5,2.0,14.07,8.1
2019-03-01,6.6,1.2,13.0,,42.3,2.1,15.38,9.9
2019-03-02,7.8,1.3,14.7,,37.6,1.1,13.57,7.5
2019-03-03,9.4,2.5,16.1,,36.4,1.5,15.37,7.9
2019-03-04,9.9,5.0,16.3,,46.1,1.9,14.87,9.2
2019-03-05,8.4,5.6,12.9,,66.3,2.0,9.21,2.5
2019-03-06,8.4,5.7,12.4,,55.0,2.0,10.39,3.0
2019-03-07,7.0,3.1,12.7,,51.1,2.2,15.76,10.1
2019-03-08,6.1,0.6,13.4,,39.4,1.9,18.67,10.7
2019-03-09,7.2,-0.4,14.9,,31.8,1.3,14.44,9.7
2019-03-10,10.1,6.7,15.3,,26.4,1.2,8.91,0.3
2019-03-11,6.6,3.5,10.0,0.0,61.0,1.8,9.72,3.6
2019-03-12,3.9,-0.3,7.9,0.0,55.1,2.7,5.15,1.8
2019-03-13,3.5,-0.4,8.5,0.0,38.5,3.3,17.87,10.1
2019-03-14,5.0,-1.7,10.0,0.0,45.3,1.9,14.02,7.0
2019-03-15,5.5,1.6,11.3,3.5,72.8,1.6,9.93,2.8
2019-03-16,4.3,0.2,9.2,,69.9,1.8,11.76,5.0
2019-03-17,6.3,2.6,12.4,,55.4,2.0,19.62,9.9
2019-03-18,7.1,1.4,14.4,,43.8,1.4,16.33,8.7
2019-03-19,10.0,3.4,16.7,,52.0,1.4,15.01,8.3
2019-03-20,10.3,7.1,14.6,16.5,79.0,1.4,4.38,0.0
2019-03-21,7.1,1.9,11.1,3.3,77.4,2.9,7.51,3.9
2019-03-22,3.3,-0.7,8.3,,40.9,2.8,21.87,11.1
2019-03-23,3.3,-0.4,8.2,1.7,46.9,2.4,12.62,7.9
2019-03-24,4.3,-0.8,9.7,,45.4,2.3,22.16,11.3
2019-03-25,7.3,2.9,11.5,,56.1,2.0,7.53,1.7
2019-03-26,11.4,7.4,17.6,,51.1,2.0,20.42,9.9
2019-03-27,11.6,8.9,16.2,,66.4,3.0,10.84,3.4
2019-03-28,9.4,5.6,14.6,,49.9,2.6,18.21,9.9
2019-03-29,9.2,5.5,15.1,,33.1,2.1,21.22,10.5
2019-03-30,5.2,3.5,8.4,1.8,72.0,2.9,6.76,3.0
2019-03-31,4.4,2.6,8.4,0.0,46.0,3.2,8.22,3.2
2019-04-01,5.5,0.3,11.3,,39.8,2.5,23.42,11.7
2019-04-02,6.7,1.3,13.0,,36.9,2.2,22.96,11.7
2019-04-03,7.6,1.9,13.6,,36.1,2.3,22.61,11.7
2019-04-04,9.2,3.0,15.7,,43.0,2.5,22.72,11.7
2019-04-05,11.4,7.0,17.2,0.0,41.0,2.9,20.11,9.3
2019-04-06,9.3,5.9,12.2,0.8,39.9,1.1,4.48,0.5
2019-04-07,12.6,5.6,20.3,,43.1,1.7,21.77,11.4
2019-04-08,11.6,7.6,17.2,,25.6,2.5,23.74,10.9
2019-04-09,9.2,4.7,13.9,17.4,49.1,2.4,5.64,0.8
2019-04-10,7.1,4.7,10.2,5.6,78.4,1.8,6.98,1.1
2019-04-11,9.5,4.3,15.7,,58.0,1.9,20.94,9.8
2019-04-12,11.4,5.5,18.4,,48.5,2.2,23.73,11.4
2019-04-13,11.8,6.2,17.9,,34.0,1.8,22.96,10.8
2019-04-14,9.6,6.9,13.6,1.7,45.5,2.2,8.35,5.0
2019-04-15,11.6,3.9,18.1,,30.9,1.8,24.07,12.1
2019-04-16,14.9,6.8,22.6,,26.3,1.6,23.58,11.5
2019-04-17,15.3,9.1,21.8,,37.5,1.9,24.94,12.2
2019-04-18,12.6,10.4,16.2,0.0,74.4,2.0,5.88,1.5
2019-04-19,13.8,9.6,19.7,,57.5,1.6,15.84,5.9
2019-04-20,14.3,9.7,19.1,1.2,66.9,1.9,14.63,5.0
2019-04-21,14.8,12.2,20.2,0.3,77.8,1.9,13.42,4.1
2019-04-22,19.3,10.7,28.2,,50.6,1.4,23.42,11.1
2019-04-23,20.4,15.3,25.5,0.0,52.0,1.3,13.14,4.2
2019-04-24,19.5,15.8,25.9,4.1,70.4,1.6,18.91,8.0
2019-04-25,13.2,9.4,17.2,11.3,75.9,2.0,3.48,0.0
2019-04-26,8.4,6.2,9.9,4.9,82.1,1.5,3.51,0.0
2019-04-27,11.6,4.1,18.2,,52.6,1.7,23.24,10.3
2019-04-28,12.9,9.9,16.6,0.0,48.8,1.6,12.09,3.4
2019-04-29,13.0,8.3,17.3,,52.9,0.9,9.81,3.3
2019-04-30,15.5,9.0,22.5,,52.8,1.6,21.75,11.2
2019-05-01,16.4,11.2,22.2,,48.9,2.3,24.41,10.9
2019-05-02,17.1,10.6,25.3,,28.5,2.3,27.27,12.7
2019-05-03,17.9,10.1,26.1,,37.5,1.6,25.59,12.4
2019-05-04,19.5,12.0,27.4,,40.4,1.7,22.12,10.7
2019-05-05,19.2,13.6,26.5,,35.8,2.2,25.14,11.1
2019-05-06,14.5,9.8,19.8,0.0,27.1,3.1,28.25,12.8
2019-05-07,15.0,8.4,21.9,,33.4,2.3,27.02,12.9
2019-05-08,15.6,10.1,21.3,,48.3,2.3,23.39,12.2
2019-05-09,16.6,11.7,22.9,,43.3,2.2,25.46,12.1
2019-05-10,17.8,10.3,26.8,,48.0,1.9,25.19,12.3
2019-05-11,20.3,13.2,28.3,,39.0,1.8,25.19,12.7
2019-05-12,21.6,14.7,28.9,,36.0,1.5,21.82,12.0
2019-05-13,18.7,15.5,22.8,0.0,43.4,1.6,8.51,1.0
2019-05-14,19.6,12.9,26.9,,44.5,1.6,25.35,13.0
2019-05-15,20.7,14.8,28.0,,48.1,1.7,21.24,8.4
2019-05-16,23.5,16.7,30.0,,43.8,1.5,25.19,12.5
2019-05-17,23.6,17.6,28.3,,44.9,1.2,14.72,4.2
2019-05-18,22.8,19.1,25.9,0.0,46.8,2.1,16.28,4.3
2019-05-19,19.4,17.9,21.6,22.0,93.0,1.2,5.22,0.0
2019-05-20,16.4,13.0,20.2,8.7,63.6,3.4,24.95,10.5
2019-05-21,17.2,11.7,23.8,,52.0,2.9,28.89,13.1
2019-05-22,19.5,12.3,26.5,,46.0,2.4,27.5,12.6
2019-05-23,22.1,15.0,29.2,,45.0,1.7,27.36,13.2
2019-05-24,24.2,16.2,33.4,,46.4,1.7,26.13,12.7
2019-05-25,23.4,18.4,28.6,,45.6,1.6,18.83,7.1
2019-05-26,24.5,18.6,31.1,,39.0,1.8,25.81,11.0
2019-05-27,17.8,14.3,22.3,7.1,80.9,2.4,2.33,0.0
2019-05-28,18.1,11.9,24.6,,45.9,2.6,28.01,13.0
2019-05-29,20.3,13.3,26.5,,48.4,2.0,28.48,13.3
2019-05-30,19.6,14.6,24.5,0.0,48.0,2.4,18.28,7.0
2019-05-31,19.1,16.1,23.3,,49.6,2.8,27.46,12.3
2019-06-01,18.9,14.8,23.7,,60.5,1.9,21.1,9.4
2019-06-02,21.1,14.1,27.8,,42.1,1.7,26.48,13.0
2019-06-03,23.1,16.0,29.5,,42.9,1.8,25.57,12.3
2019-06-04,22.6,17.6,29.0,,56.4,2.2,26.21,12.8
2019-06-05,23.0,17.8,29.6,,63.8,1.8,24.14,8.9
2019-06-06,21.2,18.6,25.1,7.5,75.9,1.2,5.33,0.0
2019-06-07,20.0,17.0,24.7,35.3,77.3,1.9,13.41,3.7
2019-06-08,21.9,16.0,27.6,,57.5,1.4,21.14,9.3
2019-06-09,21.6,17.1,26.5,2.5,66.1,1.8,16.87,4.2
2019-06-10,18.4,15.7,21.9,9.5,70.3,1.6,11.01,0.6
2019-06-11,20.5,15.5,26.1,,51.1,1.4,21.58,10.7
2019-06-12,21.5,16.1,26.4,,57.1,1.8,25.26,13.0
2019-06-13,23.0,16.6,28.8,,51.9,1.7,27.4,12.3
2019-06-14,23.0,19.1,28.4,,54.8,1.8,19.46,6.1
2019-06-15,21.9,17.9,27.4,2.1,61.5,2.4,25.94,12.2
2019-06-16,22.0,16.1,27.2,,55.4,1.6,22.45,11.1
2019-06-17,21.7,18.1,26.2,0.0,59.1,2.3,25.36,12.7
2019-06-18,20.8,17.0,24.8,13.8,78.6,1.5,11.26,2.0
2019-06-19,21.4,18.9,25.4,0.2,77.8,1.9,11.24,0.9
2019-06-20,22.7,19.8,27.8,,70.6,1.9,20.91,6.9
2019-06-21,22.1,19.4,26.1,0.2,72.9,1.7,12.51,3.4
2019-06-22,24.2,17.7,30.6,,42.3,1.5,27.01,13.0
2019-06-23,25.0,19.1,31.0,,40.4,1.8,26.05,12.9
2019-06-24,25.2,20.9,30.9,,46.9,2.0,27.57,13.6
2019-06-25,25.6,19.5,32.8,,49.1,1.6,27.13,13.4
2019-06-26,25.5,20.7,29.5,0.0,52.6,1.3,12.11,1.1
2019-06-27,25.5,21.9,31.2,1.4,70.5,1.4,14.79,3.9
2019-06-28,24.7,22.3,29.0,0.0,67.3,1.7,10.92,2.4
2019-06-29,23.1,19.6,27.7,1.5,72.0,1.2,12.49,4.1
2019-06-30,23.9,20.9,28.5,0.0,73.5,2.3,16.32,5.2
2019-07-01,23.9,20.6,28.9,,64.4,2.3,20.33,10.9
2019-07-02,24.4,20.8,30.1,,63.5,2.3,21.13,11.9
2019-07-03,24.1,21.2,27.4,,64.6,1.7,12.62,3.3
2019-07-04,25.4,20.0,32.8,,59.6,1.9,27.41,12.7
2019-07-05,27.6,20.2,35.0,0.0,42.1,1.5,24.78,11.8
2019-07-06,29.7,24.6,36.1,,40.9,1.7,25.87,11.8
2019-07-07,26.7,22.7,32.5,,43.3,2.2,22.4,9.8
2019-07-08,25.1,21.2,31.0,,46.6,2.0,20.54,9.3
2019-07-09,25.0,19.7,30.0,,46.4,1.8,18.2,7.7
2019-07-10,22.7,19.3,27.3,8.5,64.1,2.0,13.4,3.1
2019-07-11,21.9,19.5,25.9,2.9,76.9,1.3,8.59,0.0
2019-07-12,23.6,20.0,28.7,,65.5,2.0,18.43,7.0
2019-07-13,24.9,22.1,29.7,0.0,67.3,1.7,15.0,4.1
2019-07-14,25.9,21.2,31.6,,64.6,1.6,20.36,7.8
2019-07-15,23.8,22.1,27.4,7.7,80.0,1.1,7.32,0.1
2019-07-16,24.7,21.4,28.8,6.3,79.0,1.3,13.41,4.0
2019-07-17,25.6,22.3,29.2,0.7,73.9,1.2,11.19,1.0
2019-07-18,26.9,23.3,32.1,,65.0,1.2,12.78,3.2
2019-07-19,28.6,22.8,35.0,0.0,61.3,1.5,21.8,9.8
2019-07-20,28.0,25.1,31.9,1.1,66.9,2.1,10.92,1.2
2019-07-21,25.1,24.2,27.0,6.2,87.1,2.2,6.18,0.6
2019-07-22,26.7,24.2,31.0,0.1,74.6,2.2,13.12,6.1
2019-07-23,28.1,24.4,32.9,,70.8,1.7,13.34,4.0
2019-07-24,26.5,25.2,27.2,1.0,82.3,1.6,3.17,0.0
2019-07-25,26.3,25.6,27.4,9.7,90.1,1.2,3.47,0.0
2019-07-26,25.1,23.7,25.9,60.0,95.3,1.7,2.35,0.0
2019-07-27,28.4,24.9,33.4,0.6,76.6,1.3,15.31,4.7
2019-07-28,26.1,25.0,28.2,25.6,88.3,2.2,2.87,0.0
2019-07-29,27.5,25.6,30.0,0.5,74.5,2.6,9.43,2.6
2019-07-30,28.1,26.3,30.8,1.2,75.3,3.4,8.26,1.6
2019-07-31,25.8,24.0,27.5,62.3,91.1,2.2,3.01,0.0
2019-08-01,26.3,23.5,30.1,26.9,86.4,1.7,13.55,4.9
2019-08-02,28.4,24.7,33.1,,74.6,1.2,15.74,8.3
2019-08-03,29.4,25.6,36.0,3.0,69.0,1.3,21.04,10.6
2019-08-04,28.3,25.0,34.4,8.6,75.9,1.2,17.53,8.6
2019-08-05,30.5,25.6,35.9,,65.5,1.1,20.66,11.2
2019-08-06,31.6,27.9,36.8,,51.4,1.5,22.91,9.9
2019-08-07,26.9,23.9,30.3,8.0,78.1,1.2,6.91,1.9
2019-08-08,28.9,25.9,32.7,0.0,71.4,1.6,15.87,7.5
2019-08-09,29.8,26.0,34.6,,69.0,1.3,19.37,10.8
2019-08-10,31.5,26.6,36.5,,57.9,1.5,22.69,11.6
2019-08-11,30.4,26.3,35.7,6.7,53.6,2.5,21.52,9.8
2019-08-12,26.6,24.8,28.5,56.2,91.8,1.3,4.8,0.3
2019-08-13,29.2,25.1,35.3,6.4,76.9,1.5,16.91,7.3
2019-08-14,30.4,25.9,35.7,,63.9,1.5,20.99,9.2
2019-08-15,25.9,23.9,28.6,16.2,82.0,1.3,5.51,0.1
2019-08-16,25.9,23.0,29.5,0.1,74.5,2.2,14.1,7.5
2019-08-17,25.9,23.4,28.8,0.0,69.5,2.5,13.25,8.1
2019-08-18,25.6,22.6,30.7,,66.5,1.7,18.61,10.7
2019-08-19,26.3,21.2,31.3,,60.6,1.1,18.16,11.1
2019-08-20,28.2,23.2,32.8,,56.3,1.5,21.06,10.5
2019-08-21,27.0,24.4,30.4,1.3,67.3,1.2,11.43,3.2
2019-08-22,26.9,23.0,31.4,,66.5,1.7,23.16,10.7
2019-08-23,26.2,22.7,30.5,,58.4,2.1,23.84,12.0
2019-08-24,24.1,21.5,27.3,,60.9,1.5,8.25,3.0
2019-08-25,25.0,20.2,29.9,,66.6,1.5,17.85,9.9
2019-08-26,26.4,21.5,32.1,,63.8,1.2,18.4,9.2
2019-08-27,25.7,22.2,29.3,20.0,71.1,1.0,13.22,5.6
2019-08-28,26.1,23.6,30.2,,66.2,1.9,,
2019-08-29,23.4,20.1,26.4,36.9,77.1,2.2,,4.9
2019-08-30,22.6,19.5,27.0,0.2,66.3,2.4,17.84,8.8
2019-08-31,23.5,18.5,28.9,,65.0,1.9,21.07,12.1
2019-09-01,23.7,19.2,27.8,,64.0,1.4,15.17,6.9
2019-09-02,24.4,19.4,29.7,,56.6,1.6,16.85,7.4
2019-09-03,24.1,22.0,28.0,0.0,67.6,2.3,11.6,2.9
2019-09-04,22.8,21.2,25.5,22.7,89.0,2.5,5.68,1.1
2019-09-05,23.0,21.5,27.6,36.4,91.4,2.0,6.07,1.5
2019-09-06,25.3,21.6,29.1,2.4,79.8,2.1,9.29,0.4
2019-09-07,25.7,22.6,29.5,2.8,72.9,6.0,2.95,0.0
2019-09-08,24.7,22.9,27.3,0.0,76.9,1.9,9.31,1.4
2019-09-09,25.1,22.4,28.0,0.0,74.3,1.7,10.04,2.0
2019-09-10,23.8,22.1,26.5,63.2,93.4,2.4,5.74,1.0
2019-09-11,24.3,20.4,28.7,7.6,71.4,3.1,16.56,6.9
2019-09-12,21.0,18.7,22.9,3.9,72.3,2.6,4.09,0.0
2019-09-13,23.3,18.3,29.3,0.1,60.4,1.7,21.35,10.9
2019-09-14,22.4,20.8,24.1,0.3,80.0,1.2,3.34,0.2
2019-09-15,24.2,19.5,30.0,,70.4,1.7,18.19,10.6
2019-09-16,24.5,20.7,30.5,,53.0,2.1,19.91,9.4
2019-09-17,23.5,18.0,29.0,,41.6,2.1,20.01,10.6
2019-09-18,21.0,16.0,25.4,,46.0,3.1,21.9,11.7
2019-09-19,19.5,13.6,26.0,,46.5,1.9,19.83,10.2
2019-09-20,19.6,15.8,24.2,,52.8,2.1,8.64,1.3
2019-09-21,19.6,18.3,22.1,,60.3,2.0,4.44,0.0
2019-09-22,18.6,17.3,19.6,0.4,63.4,3.8,3.2,0.0
2019-09-23,20.0,16.9,24.6,,51.1,2.2,16.92,9.0
2019-09-24,19.8,13.9,26.5,,61.3,1.8,20.17,11.4
2019-09-25,20.9,14.8,27.4,,64.4,1.4,16.44,8.8
2019-09-26,22.9,17.7,29.0,,59.3,1.9,15.5,8.1
2019-09-27,22.9,19.6,27.0,,57.5,1.9,10.42,3.5
2019-09-28,23.7,19.4,29.2,,58.9,1.7,15.97,10.1
2019-09-29,22.6,17.9,28.6,,60.6,1.7,18.83,11.1
2019-09-30,22.4,16.4,29.9,,61.0,1.6,18.37,10.5
2019-10-01,23.1,17.6,28.2,,67.1,1.8,13.05,7.5
2019-10-02,21.6,20.0,24.2,23.1,88.0,3.0,3.4,0.0
2019-10-03,22.4,19.8,27.3,4.6,73.4,2.8,10.14,6.0
2019-10-04,22.4,18.0,27.8,,71.5,2.1,16.23,9.9
2019-10-05,18.7,14.7,21.9,0.6,72.6,2.9,8.24,2.3
2019-10-06,18.1,13.2,22.7,,53.4,2.9,16.17,9.4
2019-10-07,14.8,13.3,17.9,25.4,92.0,1.8,1.49,0.0
2019-10-08,14.7,10.6,19.8,,58.8,2.6,16.78,10.3
2019-10-09,13.6,7.7,20.4,,48.3,1.7,17.42,10.6
2019-10-10,15.2,10.7,19.8,,60.9,1.3,8.06,1.1
2019-10-11,18.8,13.0,26.1,,60.0,1.9,16.44,10.3
2019-10-12,17.9,13.3,23.3,,49.3,3.5,17.37,10.5
2019-10-13,17.2,12.1,23.8,,52.6,1.9,16.52,10.6
2019-10-14,14.4,9.5,19.6,,56.9,2.5,14.54,10.1
2019-10-15,14.5,8.8,20.4,,55.6,1.6,14.07,7.7
2019-10-16,14.6,9.0,20.8,,58.3,1.6,15.6,9.8
2019-10-17,15.4,11.2,21.6,,56.0,1.7,12.02,7.4
2019-10-18,17.0,12.0,22.7,,58.3,2.4,12.08,8.0
2019-10-19,17.0,12.1,23.1,,63.8,1.8,15.17,10.2
2019-10-20,16.5,12.0,22.9,,70.3,1.3,14.67,9.3
2019-10-21,17.1,10.9,24.6,,61.0,1.0,14.4,9.6
2019-10-22,18.1,13.3,24.4,,56.1,1.6,13.66,9.1
2019-10-23,17.0,14.3,20.7,,57.3,2.4,8.08,0.7
2019-10-24,18.3,15.3,23.8,,47.6,2.7,11.56,6.6
2019-10-25,16.7,13.1,22.0,0.0,58.0,2.4,12.29,7.1
2019-10-26,10.0,6.6,14.9,,60.0,2.5,13.08,8.7
2019-10-27,11.0,4.7,17.4,,59.0,1.6,14.45,9.8
2019-10-28,12.9,7.4,17.7,1.7,65.9,2.5,11.62,7.3
2019-10-29,12.5,8.2,17.6,0.1,61.0,2.3,12.41,9.0
2019-10-30,11.2,5.0,17.7,,60.3,1.6,14.08,9.6
2019-10-31,14.8,8.4,19.7,,73.8,2.3,10.34,8.0
2019-11-01,14.9,11.4,20.5,,57.9,1.8,13.85,9.5
2019-11-02,13.6,8.3,18.7,,57.3,1.5,7.69,3.3
2019-11-03,14.7,9.4,22.1,,57.8,2.1,12.51,7.8
2019-11-04,13.8,9.2,20.3,,57.8,2.1,13.83,9.7
2019-11-05,12.4,8.4,18.4,,65.1,1.6,11.04,8.0
2019-11-06,11.0,6.3,16.5,,63.6,1.8,10.63,7.5
2019-11-07,9.2,5.0,13.6,,42.8,2.7,13.4,9.5
2019-11-08,6.8,1.1,13.0,,31.4,1.9,13.98,9.7
2019-11-09,9.5,3.5,17.2,,41.4,1.6,13.15,9.7
2019-11-10,10.0,6.2,15.3,11.8,59.6,2.1,6.6,3.3
2019-11-11,11.2,7.9,15.1,1.1,71.6,2.4,8.97,7.2
2019-11-12,9.3,4.8,14.5,,63.6,1.4,8.06,5.7
2019-11-13,7.2,3.0,11.3,7.5,72.3,2.8,1.25,0.0
2019-11-14,1.3,-2.5,5.0,,30.6,2.9,13.15,9.7
2019-11-15,5.6,1.4,7.6,18.8,87.4,2.0,1.92,0.1
2019-11-16,6.8,3.8,12.7,,81.3,1.6,8.92,5.6
2019-11-17,8.3,5.6,10.5,21.1,79.4,3.1,1.32,0.0
2019-11-18,4.6,0.4,12.7,14.7,59.8,3.9,10.26,8.0
2019-11-19,0.2,-3.5,4.0,0.0,48.0,2.8,11.93,9.4
2019-11-20,0.5,-4.6,6.3,,35.5,1.8,12.18,9.4
2019-11-21,4.2,-2.3,9.0,,37.4,1.9,7.4,5.7
2019-11-22,9.7,3.0,17.3,,34.1,2.1,11.2,9.0
2019-11-23,12.1,7.7,17.7,,52.0,1.8,8.5,8.0
2019-11-24,9.8,4.6,15.6,3.8,74.6,2.2,3.84,1.8
2019-11-25,1.9,-1.2,6.0,,62.1,2.7,7.87,5.8
2019-11-26,6.6,1.2,13.7,,64.0,2.0,9.78,7.9
2019-11-27,3.1,0.3,6.8,,50.8,2.7,10.43,8.3
2019-11-28,3.5,-0.6,10.4,,52.4,2.0,11.21,9.0
2019-11-29,1.5,-3.4,6.9,,42.8,2.0,11.4,9.3
2019-11-30,4.1,-1.4,9.3,,42.6,1.7,8.01,5.3
2019-12-01,4.6,2.3,6.2,3.3,79.4,1.6,1.89,0.0
2019-12-02,-0.1,-3.2,2.8,,48.0,3.1,10.42,8.8
2019-12-03,0.5,-5.0,4.2,0.6,61.3,1.6,5.01,3.1
2019-12-04,2.0,-2.0,7.2,0.0,41.6,1.8,10.18,8.7
2019-12-05,-4.4,-8.5,-0.2,,31.9,3.2,11.34,9.2
2019-12-06,-5.9,-10.6,-1.0,,34.5,1.7,11.24,9.3
2019-12-07,-2.4,-5.5,1.2,0.1,65.0,1.7,2.86,1.1
2019-12-08,-0.9,-5.5,4.9,,65.1,1.4,10.65,8.9
2019-12-09,3.2,-1.3,8.0,0.0,56.8,2.5,3.46,1.4
2019-12-10,8.1,6.0,10.8,1.7,82.3,1.2,5.03,2.0
2019-12-11,6.3,0.1,9.8,0.2,62.0,3.4,5.75,5.2
2019-12-12,-0.7,-3.5,3.4,,45.4,1.8,10.73,9.1
2019-12-13,2.1,-3.7,5.9,1.0,53.6,2.0,6.07,3.4
2019-12-14,2.7,-0.1,6.4,0.0,58.3,2.3,10.07,8.3
2019-12-15,5.3,0.4,11.0,,52.5,2.0,8.91,7.3
2019-12-16,7.8,2.1,12.9,,58.9,1.9,7.71,6.6
2019-12-17,7.7,3.2,10.2,9.8,81.4,2.3,1.17,0.0
2019-12-18,0.8,-1.7,5.2,,64.6,2.5,9.83,8.4
2019-12-19,-0.8,-4.5,3.1,0.0,47.8,2.4,9.96,8.5
2019-12-20,-1.1,-3.5,2.0,0.0,45.3,2.3,10.45,8.9
2019-12-21,-1.2,-5.1,1.5,0.6,68.1,1.7,3.35,1.9
2019-12-22,4.1,0.3,8.4,0.3,63.4,1.7,7.2,5.2
2019-12-23,3.4,0.3,5.2,2.9,80.4,2.0,5.1,2.4
2019-12-24,0.8,-2.9,6.5,,67.9,1.4,9.43,8.0
2019-12-25,2.0,-2.7,6.6,,60.8,1.0,6.64,3.3
2019-12-26,2.0,-2.4,4.1,0.3,59.0,2.4,3.72,1.3
2019-12-27,-1.7,-4.6,2.6,,45.4,2.1,10.36,9.0
2019-12-28,1.1,-3.6,6.1,,47.6,2.0,8.09,5.8
2019-12-29,3.8,1.1,6.2,1.4,52.5,2.9,3.28,0.0
2019-12-30,2.7,-5.7,6.8,0.4,70.3,2.9,2.24,0.0
2019-12-31,-7.9,-10.9,-4.5,0.0,39.3,3.1,11.11,9.1
2020-01-01,-2.2,-6.5,0.3,0.1,64.4,0.6,4.53,0.8
2020-01-02,1.0,-0.7,3.8,,65.4,1.2,3.47,0.0
2020-01-03,-0.1,-3.4,4.6,,56.9,1.7,10.1,8.8
2020-01-04,1.2,-2.8,6.1,,50.8,1.9,9.29,7.9
2020-01-05,1.3,-3.2,6.6,,45.6,1.1,9.1,7.1
2020-01-06,3.1,0.6,4.6,1.8,65.4,3.1,2.03,0.0
2020-01-07,6.3,4.2,7.7,46.3,95.0,4.0,0.75,0.0
2020-01-08,2.4,-0.4,8.9,11.6,86.1,3.3,1.84,0.0
2020-01-09,-1.2,-3.1,2.0,,65.3,2.3,9.14,8.7
2020-01-10,-0.6,-4.3,4.2,,62.9,1.5,9.39,7.5
2020-01-11,-0.1,-2.6,3.9,,60.9,1.9,10.13,8.1
2020-01-12,-1.0,-3.5,2.8,,61.5,2.4,10.33,8.6
2020-01-13,-2.9,-4.7,0.2,,51.0,2.3,11.15,8.1
2020-01-14,-2.3,-5.7,2.6,,45.3,1.6,10.06,8.5
2020-01-15,-2.7,-6.4,2.2,,44.8,1.9,11.6,9.2
2020-01-16,-1.7,-5.5,3.2,,43.0,1.6,10.75,8.3
2020-01-17,-0.6,-4.8,4.9,,43.9,1.5,9.85,7.6
2020-01-18,0.3,-4.1,5.9,,48.1,1.8,11.38,9.1
2020-01-19,1.9,-0.4,5.3,0.6,62.8,2.2,6.08,4.8
2020-01-20,0.7,-3.3,5.5,,46.8,2.5,10.24,8.7
2020-01-21,-0.4,-5.6,5.5,,36.9,1.4,11.55,9.2
2020-01-22,3.0,-0.1,7.8,,36.0,1.7,6.8,3.7
2020-01-23,4.6,0.0,9.9,,49.3,2.0,10.73,8.8
2020-01-24,2.8,-1.3,7.4,,63.0,1.7,10.53,8.8
2020-01-25,4.3,0.6,8.8,,63.1,1.5,7.86,3.6
2020-01-26,5.5,-0.2,11.9,,56.3,2.7,11.21,7.3
2020-01-27,5.9,4.8,7.5,0.1,48.1,4.6,2.76,0.0
2020-01-28,6.8,4.3,9.9,0.0,49.4,2.6,3.98,0.0
2020-01-29,6.0,3.2,9.6,,46.4,2.1,7.3,3.1
2020-01-30,5.2,1.4,10.4,,47.0,1.8,9.24,5.5
2020-01-31,3.9,1.4,8.9,0.0,59.6,2.3,9.41,6.1
2020-02-01,2.6,-1.2,7.6,,66.6,1.7,7.17,5.3
2020-02-02,1.5,-2.1,5.3,,52.3,1.8,8.39,4.8
2020-02-03,-0.4,-2.9,3.0,0.0,43.6,3.1,13.56,9.6
2020-02-04,-1.6,-6.0,3.9,1.7,50.3,2.8,10.01,6.4
2020-02-05,-8.3,-11.0,-4.9,,37.3,3.3,14.82,9.7
2020-02-06,-6.4,-11.8,0.4,,36.4,1.9,13.97,9.7
2020-02-07,-1.7,-7.2,2.2,0.0,45.1,2.0,10.14,6.1
2020-02-08,-0.1,-2.3,3.7,0.0,48.1,3.0,13.89,9.6
2020-02-09,-0.5,-5.6,4.1,0.0,51.1,2.0,14.33,9.6
2020-02-10,4.0,-0.7,9.6,0.0,49.4,1.7,14.22,9.7
2020-02-11,6.8,-0.5,14.6,,37.0,1.6,10.91,7.6
2020-02-12,7.4,6.5,8.2,6.7,73.4,2.2,2.86,0.0
2020-02-13,6.5,4.9,8.7,,84.8,1.7,6.43,1.3
2020-02-14,8.1,3.2,14.7,,70.3,1.2,13.13,8.7
2020-02-15,9.8,6.2,15.6,2.0,63.0,2.7,8.77,5.0
2020-02-16,-1.4,-4.3,7.7,13.4,81.1,4.0,4.14,1.6
2020-02-17,-5.9,-7.1,-3.9,1.0,64.3,3.4,7.08,3.2
2020-02-18,-4.1,-8.3,1.3,,44.0,2.3,16.78,10.1
2020-02-19,1.0,-4.4,6.4,,56.8,1.5,12.13,7.4
2020-02-20,4.6,-0.6,10.8,,62.6,1.7,13.71,9.4
2020-02-21,6.7,2.1,10.9,4.2,66.3,2.2,6.5,1.1
2020-02-22,4.0,0.0,7.9,3.1,62.0,4.0,9.06,5.9
2020-02-23,2.5,-2.5,8.0,,48.6,2.0,17.37,10.2
2020-02-24,7.0,0.8,12.2,,51.8,1.6,13.21,7.7
2020-02-25,6.7,4.7,9.4,16.6,73.5,4.2,4.11,0.6
2020-02-26,6.4,2.8,10.4,0.0,59.6,2.1,10.45,4.8
2020-02-27,6.1,1.3,12.5,,54.0,2.0,16.77,10.4
2020-02-28,4.5,3.6,5.9,3.9,79.4,1.4,2.41,0.0
2020-02-29,7.7,4.5,13.0,0.5,68.6,1.7,17.12,9.5
2020-03-01,5.8,3.2,10.1,0.2,71.8,2.0,5.4,0.2
2020-03-02,3.4,0.0,7.6,0.0,55.3,2.7,17.08,10.0
2020-03-03,4.8,0.3,10.5,,57.0,2.6,10.62,4.1
2020-03-04,2.2,-1.3,4.6,0.0,53.4,3.7,10.41,6.6
2020-03-05,1.4,-2.8,6.3,,47.5,2.5,19.25,10.9
2020-03-06,3.7,-2.5,10.1,,46.8,1.6,16.82,10.6
2020-03-07,7.0,1.3,14.2,,39.5,2.0,13.0,5.9
2020-03-08,9.3,2.3,16.9,,43.8,1.6,18.27,10.7
2020-03-09,11.1,4.8,17.6,,37.6,1.8,14.19,7.1
2020-03-10,6.4,3.2,10.8,11.8,78.4,2.8,2.72,0.0
2020-03-11,3.8,0.0,8.3,,41.8,3.3,20.72,11.2
2020-03-12,6.8,0.2,13.3,,49.8,2.5,14.32,8.1
2020-03-13,4.9,-0.1,8.7,0.5,41.0,3.3,17.82,9.7
2020-03-14,3.6,-2.7,8.6,,48.1,3.0,18.6,10.0
2020-03-15,4.0,0.2,8.5,,48.3,3.6,17.29,8.5
2020-03-16,3.6,-2.1,9.1,,42.4,2.8,21.18,11.3
2020-03-17,6.6,3.1,12.3,,65.8,2.1,6.89,4.2
2020-03-18,10.0,2.7,17.0,,45.8,1.8,20.66,11.1
2020-03-19,9.1,5.8,12.1,0.0,49.0,4.8,15.51,7.7
2020-03-20,8.8,3.1,14.0,,39.6,3.1,20.58,11.0
2020-03-21,12.8,7.9,19.5,,56.5,2.0,14.83,6.1
2020-03-22,11.0,6.1,16.5,,37.5,3.0,22.54,11.6
2020-03-23,10.6,5.4,17.0,,37.9,1.9,20.72,11.5
2020-03-24,11.4,5.3,17.9,,35.0,1.8,21.06,11.5
2020-03-25,12.5,6.1,19.2,,33.6,1.9,19.29,9.2
2020-03-26,14.8,8.1,20.6,1.8,53.8,1.9,11.97,4.3
2020-03-27,11.9,6.7,15.8,2.0,56.4,3.3,17.04,7.4
2020-03-28,7.7,4.5,12.8,,17.9,3.2,19.87,9.1
2020-03-29,8.7,1.3,16.1,,30.6,2.0,23.12,11.6
2020-03-30,10.2,4.3,16.9,,38.4,1.8,22.73,11.7
2020-03-31,11.9,4.7,18.6,,34.5,2.0,20.68,10.0
2020-04-01,11.3,6.0,17.4,,35.6,3.7,19.12,8.6
2020-04-02,9.3,3.4,15.5,,41.4,2.3,21.25,10.6
2020-04-03,10.0,5.3,16.3,,53.8,2.7,22.56,10.7
2020-04-04,8.9,5.0,13.3,,36.4,3.4,23.33,10.4
2020-04-05,7.2,1.9,13.7,,29.5,2.8,24.58,12.1
2020-04-06,9.3,2.9,16.1,,38.3,2.4,22.51,11.4
2020-04-07,10.6,6.0,16.8,,56.6,2.5,19.3,9.0
2020-04-08,9.4,5.2,14.2,,25.5,3.5,24.86,12.3
2020-04-09,8.9,4.3,14.7,,44.6,2.8,24.79,11.8
2020-04-10,10.7,5.8,16.8,,52.6,2.4,21.07,9.2
2020-04-11,9.9,6.2,16.0,,63.8,2.5,19.4,8.8
2020-04-12,9.9,4.4,15.6,,58.6,3.8,19.25,8.3
2020-04-13,12.4,4.3,20.4,,39.4,3.1,26.02,12.2
2020-04-14,13.0,7.6,19.6,,46.8,2.4,25.93,12.1
2020-04-15,13.2,7.2,20.2,,39.8,2.2,21.49,10.0
2020-04-16,16.0,8.9,23.8,,39.9,2.3,22.96,10.6
2020-04-17,12.5,10.4,15.4,6.5,77.8,2.4,4.23,0.3
2020-04-18,13.5,8.5,19.6,,67.9,2.6,23.09,10.4
2020-04-19,12.3,9.5,15.5,10.3,75.8,2.7,5.25,0.3
2020-04-20,10.0,7.6,13.1,0.1,73.0,3.3,7.34,1.3
2020-04-21,7.4,4.8,10.4,,49.0,4.4,23.63,10.1
2020-04-22,6.0,4.1,8.3,0.0,46.8,4.0,15.89,5.3
2020-04-23,7.9,2.9,12.8,,47.8,3.7,25.72,11.8
2020-04-24,9.9,4.1,14.3,,55.6,3.9,26.61,12.0
2020-04-25,13.1,9.9,17.1,,54.4,3.9,18.9,8.5
2020-04-26,12.3,6.8,19.0,,43.1,3.2,28.36,12.5
2020-04-27,12.9,8.7,18.3,,49.8,2.8,22.98,9.7
2020-04-28,13.9,7.8,19.9,,50.0,3.0,26.97,12.6
2020-04-29,14.9,9.3,21.0,,48.6,2.6,26.1,12.2
2020-04-30,17.1,9.3,23.4,,57.1,2.7,24.03,8.2
2020-05-01,20.2,16.4,26.2,,73.6,2.7,18.96,6.1
2020-05-02,20.3,18.0,23.9,0.0,79.6,2.3,9.43,0.2
2020-05-03,21.8,17.0,27.4,0.0,68.8,2.0,19.41,5.9
2020-05-04,20.2,14.8,25.3,,63.9,2.7,25.42,10.1
2020-05-05,16.0,13.1,19.3,,67.9,1.9,9.41,3.3
2020-05-06,19.4,11.1,27.6,,50.0,2.1,28.51,12.8
2020-05-07,20.7,14.9,26.5,,32.5,2.5,23.93,8.7
2020-05-08,19.9,14.3,27.3,2.3,32.8,2.4,23.26,7.5
2020-05-09,14.2,12.7,16.8,24.4,94.4,3.6,3.0,0.0
2020-05-10,14.4,12.8,16.6,1.3,88.6,2.5,6.77,0.4
2020-05-11,16.5,12.4,22.0,3.4,61.0,3.0,22.98,7.2
2020-05-12,14.3,10.5,18.9,0.7,69.4,2.9,13.6,5.0
2020-05-13,16.1,10.2,21.8,,47.3,2.8,29.7,13.0
2020-05-14,19.3,12.4,25.4,,35.4,2.0,20.64,6.6
2020-05-15,16.1,14.1,20.2,12.0,81.4,3.0,3.43,0.0
2020-05-16,16.7,15.0,20.3,2.5,90.3,1.6,7.6,0.6
2020-05-17,19.1,14.6,24.9,0.0,80.1,1.7,15.26,3.9
2020-05-18,19.1,13.2,26.8,29.8,79.4,2.4,14.07,3.2
2020-05-19,13.0,10.1,17.1,19.0,73.6,3.2,15.29,3.0
2020-05-20,14.4,9.2,20.1,0.0,60.4,1.9,20.91,4.5
2020-05-21,17.4,10.9,22.9,,56.1,2.1,24.35,9.4
2020-05-22,18.5,14.8,22.7,0.0,68.5,1.9,13.07,0.7
2020-05-23,20.1,16.6,25.0,0.0,66.1,2.2,23.24,6.8
2020-05-24,17.1,14.3,20.2,14.5,84.8,2.9,10.59,1.1
2020-05-25,16.6,13.7,21.3,,81.0,2.1,16.88,2.5
2020-05-26,16.2,12.7,22.9,1.5,81.9,2.1,18.49,4.8
2020-05-27,17.4,11.8,23.9,,68.5,2.6,30.06,13.2
2020-05-28,18.7,14.2,23.4,0.0,62.8,1.9,22.83,8.4
2020-05-29,20.7,14.6,27.6,,65.6,2.0,28.09,12.7
2020-05-30,22.6,16.5,30.0,,57.3,1.9,26.5,11.3
2020-05-31,21.2,17.6,28.0,1.0,63.0,2.3,19.15,5.0
2020-06-01,19.7,16.6,24.5,0.4,64.3,3.4,30.35,11.5
2020-06-02,17.9,14.8,21.8,2.0,71.0,2.2,5.89,0.2
2020-06-03,22.0,17.6,28.4,,73.3,2.4,24.64,9.5
2020-06-04,21.9,19.7,26.5,0.2,81.1,2.7,19.77,4.7
2020-06-05,23.0,18.4,28.7,,69.4,1.8,23.36,8.8
2020-06-06,24.6,19.2,30.9,,63.6,2.0,23.38,8.6
2020-06-07,22.7,19.2,29.2,,69.4,2.3,26.04,9.2
2020-06-08,25.0,19.8,32.0,,63.6,2.1,26.13,11.3
2020-06-09,26.7,20.3,32.8,,51.6,2.3,28.36,12.9
2020-06-10,25.8,22.5,32.1,6.2,63.8,2.0,18.85,5.2
2020-06-11,26.1,21.7,31.6,0.0,68.3,2.2,26.03,8.0
2020-06-12,24.7,21.6,27.6,,68.6,1.7,11.51,0.5
2020-06-13,26.9,20.6,33.5,0.0,52.8,1.9,28.11,9.7
2020-06-14,24.0,20.1,28.8,1.1,70.6,2.9,22.52,8.1
2020-06-15,23.0,18.2,28.6,,62.3,2.8,26.53,10.1
2020-06-16,24.4,20.0,30.7,,63.0,2.2,24.74,7.5
2020-06-17,24.3,20.2,30.3,,58.6,2.0,21.25,5.9
2020-06-18,23.4,20.3,27.3,,61.4,1.6,11.0,0.1
2020-06-19,24.7,21.1,30.0,0.1,61.4,2.1,19.6,6.0
2020-06-20,24.9,20.7,29.7,,62.6,2.1,24.75,11.7
2020-06-21,26.1,19.5,32.7,,59.5,2.0,27.82,13.5
2020-06-22,28.6,21.7,35.4,,50.5,2.0,28.95,13.3
2020-06-23,27.3,23.2,31.0,0.0,53.5,1.9,16.97,5.1
2020-06-24,22.3,19.9,26.3,37.6,83.5,2.7,2.91,0.0
2020-06-25,21.6,20.1,23.4,13.3,91.0,2.2,6.11,0.1
2020-06-26,21.8,19.2,25.7,2.1,82.1,3.2,13.03,3.1
2020-06-27,24.1,20.4,29.6,0.0,70.4,2.0,22.18,7.4
2020-06-28,25.2,21.5,30.1,,70.5,2.4,28.6,12.4
2020-06-29,23.8,20.6,26.5,11.9,77.0,2.4,8.4,1.7
2020-06-30,20.1,18.4,23.1,64.7,83.0,4.0,6.2,0.0
2020-07-01,21.1,18.1,24.3,0.0,79.3,1.9,9.47,0.2
2020-07-02,24.2,20.4,29.8,,74.5,1.9,19.15,5.4
2020-07-03,25.5,21.6,30.6,0.1,63.5,2.6,27.47,9.6
2020-07-04,24.2,20.4,29.5,1.6,63.9,2.1,26.88,9.5
2020-07-05,23.8,19.9,27.6,,68.6,1.9,20.85,6.4
2020-07-06,25.6,21.8,30.9,,66.6,2.1,19.28,5.0
2020-07-07,24.1,22.1,28.1,0.0,75.5,2.5,15.15,4.0
2020-07-08,25.5,21.3,30.4,,71.9,2.0,25.81,10.0
2020-07-09,27.5,21.8,32.9,,64.6,1.7,23.1,7.7
2020-07-10,24.5,22.7,27.7,2.2,75.0,2.8,12.3,3.1
2020-07-11,25.8,22.2,30.2,,62.6,2.6,21.82,6.6
2020-07-12,23.5,21.7,26.0,2.9,71.9,2.4,7.67,0.0
2020-07-13,18.7,17.7,21.7,47.6,94.8,4.0,4.58,0.0
2020-07-14,20.3,17.2,24.3,11.5,79.4,2.8,12.46,0.1
2020-07-15,23.4,18.9,28.7,,63.1,2.0,26.6,9.3
2020-07-16,25.0,20.4,29.7,,70.9,1.8,25.76,10.2
2020-07-17,26.0,21.5,31.6,0.0,72.0,1.9,22.28,7.5
2020-07-18,26.1,22.8,31.0,,71.6,1.6,15.49,4.3
2020-07-19,24.0,20.6,26.6,29.1,81.6,2.7,4.92,0.0
2020-07-20,23.8,22.4,26.6,3.6,86.3,3.7,5.15,0.0
2020-07-21,25.0,21.4,30.5,0.0,77.0,1.6,17.83,4.0
2020-07-22,23.7,22.6,25.7,11.5,89.3,1.6,4.5,0.0
2020-07-23,21.1,18.5,22.6,103.1,95.5,3.6,2.72,0.0
2020-07-24,22.5,18.7,26.8,2.9,74.3,4.6,10.46,1.0
2020-07-25,24.3,22.3,29.0,0.0,69.3,3.1,15.59,1.9
2020-07-26,25.4,21.6,29.6,0.0,69.3,2.0,18.14,5.6
2020-07-27,24.3,22.9,25.5,2.2,86.4,2.2,7.72,0.0
2020-07-28,24.4,22.7,26.4,0.4,84.8,2.0,8.38,0.0
2020-07-29,23.7,22.6,24.9,50.1,95.8,2.0,3.18,0.0
2020-07-30,25.3,23.4,28.4,0.1,85.5,2.1,15.34,3.0
2020-07-31,26.2,22.8,29.6,1.5,81.9,2.0,14.5,5.0
2020-08-01,25.3,24.3,26.9,39.1,90.9,1.7,5.31,0.0
2020-08-02,24.9,23.5,26.4,31.4,96.3,2.3,2.55,0.0
2020-08-03,25.0,23.9,26.3,102.6,96.3,3.0,3.09,0.0
2020-08-04,27.0,25.0,29.4,3.9,89.3,3.5,8.06,0.4
2020-08-05,26.5,25.5,29.1,18.5,92.1,1.9,5.02,0.1
2020-08-06,24.1,22.9,26.0,75.7,92.8,3.3,6.74,0.2
2020-08-07,24.3,22.6,26.1,0.0,85.3,1.8,6.7,0.0
2020-08-08,24.2,22.7,26.1,19.1,89.5,2.3,6.96,1.8
2020-08-09,24.9,23.7,25.8,50.3,95.4,2.6,1.43,0.0
2020-08-10,26.5,24.7,29.5,44.6,91.6,2.0,7.77,0.2
2020-08-11,24.6,22.4,27.3,97.0,92.5,2.2,7.44,0.5
2020-08-12,27.2,23.5,31.3,,83.9,1.9,13.62,2.1
2020-08-13,28.0,26.3,30.3,,82.4,2.5,7.96,0.2
2020-08-14,27.1,26.5,28.0,0.4,86.1,3.5,4.14,0.0
2020-08-15,26.1,25.0,27.0,69.0,96.0,1.9,3.25,0.0
2020-08-16,27.4,25.3,30.8,,82.6,3.0,14.3,2.4
2020-08-17,28.2,26.1,32.2,,77.9,2.3,18.44,5.8
2020-08-18,27.5,24.0,31.9,,76.3,1.6,19.81,7.9
2020-08-19,27.1,23.6,31.4,,76.8,2.0,22.54,9.4
2020-08-20,27.7,25.0,31.7,,76.0,1.7,15.16,3.1
2020-08-21,26.6,25.2,29.2,2.5,83.1,1.6,8.74,0.8
2020-08-22,24.3,21.7,27.6,42.6,87.4,2.1,7.56,0.6
2020-08-23,25.3,21.5,29.9,,78.4,1.9,18.72,6.8
2020-08-24,27.8,23.7,32.0,,71.6,2.2,20.25,8.8
2020-08-25,29.9,26.0,34.5,,69.5,2.1,21.21,7.6
2020-08-26,30.2,27.0,34.5,0.6,68.3,3.4,19.68,7.5
2020-08-27,27.1,25.6,28.6,8.7,84.6,3.6,5.5,0.5
2020-08-28,27.3,26.0,29.7,13.6,89.1,1.6,10.18,2.0
2020-08-29,26.8,25.5,29.0,13.6,90.1,1.3,8.7,1.7
2020-08-30,26.8,24.4,30.6,42.5,88.8,2.1,12.89,2.4
2020-08-31,26.4,23.8,30.0,0.0,77.9,2.8,12.25,1.9
2020-09-01,26.6,23.8,29.5,0.0,72.4,1.9,11.35,1.0
2020-09-02,24.3,22.6,26.4,33.3,91.3,2.3,3.34,0.0
2020-09-03,22.7,20.0,25.6,29.8,82.0,4.8,13.51,2.8
2020-09-04,23.3,19.9,27.5,,63.9,2.7,21.21,10.1
2020-09-05,23.3,19.2,27.3,,66.6,2.0,14.49,3.3
2020-09-06,21.7,19.5,24.4,6.4,80.0,2.7,7.13,0.0
2020-09-07,19.2,17.5,20.6,61.0,93.5,4.2,3.37,0.0
2020-09-08,23.4,20.6,26.5,0.0,71.5,4.2,21.87,9.5
2020-09-09,21.1,19.0,25.3,1.3,83.4,2.1,12.29,3.1
2020-09-10,22.8,18.8,27.0,3.9,75.8,2.0,19.17,9.0
2020-09-11,22.4,19.2,27.1,1.2,72.6,2.8,12.87,4.5
2020-09-12,20.2,18.1,23.2,5.7,83.8,2.0,7.34,0.0
2020-09-13,21.5,16.7,26.6,,70.4,1.9,20.53,9.8
2020-09-14,21.3,17.6,24.9,0.0,79.3,1.8,13.86,5.7
2020-09-15,23.0,18.9,27.7,,76.4,1.6,16.56,5.1
2020-09-16,22.5,21.3,24.9,0.3,79.9,1.9,6.21,0.3
2020-09-17,21.3,20.1,23.6,,70.3,2.1,9.35,0.7
2020-09-18,21.5,18.1,25.8,,62.0,2.8,21.24,9.8
2020-09-19,21.2,17.6,26.2,0.3,59.3,2.2,21.25,9.7
2020-09-20,19.7,15.6,24.9,,57.6,2.0,22.19,11.4
2020-09-21,19.1,13.6,25.3,,56.1,1.7,19.54,9.6
2020-09-22,20.2,15.5,25.6,,55.3,2.8,21.71,10.7
2020-09-23,19.2,15.2,23.8,,59.9,3.3,16.99,7.2
2020-09-24,20.6,16.8,25.4,,59.6,3.7,18.54,8.0
2020-09-25,20.1,16.6,25.4,,64.1,2.5,13.39,3.5
2020-09-26,19.3,14.8,24.8,,62.5,2.4,15.92,8.0
2020-09-27,20.4,14.9,25.8,,63.3,2.0,18.7,9.8
2020-09-28,20.7,15.7,26.5,,66.0,2.0,19.29,10.5
2020-09-29,19.6,15.3,23.9,,67.6,1.9,14.84,6.3
2020-09-30,19.6,16.2,25.7,38.3,78.0,1.7,14.0,4.9
2020-10-01,18.8,15.6,23.6,,74.9,2.1,10.89,2.5
2020-10-02,19.2,16.3,21.9,0.0,79.6,2.3,6.34,1.9
2020-10-03,19.9,18.3,23.2,0.0,72.5,1.6,9.79,1.8
2020-10-04,16.6,10.6,21.8,0.0,65.1,2.8,12.36,4.3
2020-10-05,13.3,8.5,18.4,,57.3,2.5,19.44,10.5
2020-10-06,14.2,9.3,19.7,,55.9,2.0,19.81,10.8
2020-10-07,16.0,9.9,22.0,,48.9,1.9,16.99,8.9
2020-10-08,17.2,12.1,23.1,,53.0,3.1,19.27,10.8
2020-10-09,17.2,12.4,23.3,,53.4,3.0,18.55,10.6
2020-10-10,16.9,12.3,21.5,,60.1,2.0,15.28,7.6
2020-10-11,16.9,12.7,20.8,,68.5,1.8,11.45,4.9
2020-10-12,16.2,12.1,21.3,,68.6,2.2,13.59,7.5
2020-10-13,13.6,8.6,18.4,,52.3,2.2,14.16,7.1
2020-10-14,12.8,8.5,18.0,,47.0,2.4,12.19,5.8
2020-10-15,11.7,6.5,18.5,,41.8,1.5,14.48,7.2
2020-10-16,11.8,8.6,15.4,,64.3,1.5,5.28,0.0
2020-10-17,13.1,8.7,18.6,,64.3,1.8,17.65,10.1
2020-10-18,13.6,7.2,20.2,,65.5,2.0,15.96,9.7
2020-10-19,15.1,9.8,21.3,,74.4,1.7,15.27,9.8
2020-10-20,15.2,9.9,21.7,,67.1,1.6,15.67,10.0
2020-10-21,14.1,11.8,17.3,,69.4,1.9,4.72,0.1
2020-10-22,13.5,8.4,18.2,0.0,66.0,2.8,11.01,5.4
2020-10-23,8.6,5.4,13.3,,51.5,3.0,17.01,9.9
2020-10-24,8.7,3.2,14.0,,47.6,2.5,16.65,9.9
2020-10-25,11.8,5.4,18.2,,62.5,1.7,13.83,8.8
2020-10-26,12.9,8.0,19.0,,71.6,1.6,13.69,9.2
2020-10-27,14.0,9.0,19.4,,74.1,1.8,12.23,8.3
2020-10-28,13.8,8.6,18.2,,52.1,2.5,15.27,9.2
2020-10-29,10.8,5.5,16.1,,40.3,2.0,13.77,9.0
2020-10-30,11.9,5.8,19.6,,42.9,1.5,14.62,9.7
2020-10-31,13.6,8.5,18.2,,60.3,2.6,11.03,5.8
2020-11-01,13.7,11.6,15.0,13.6,84.3,2.3,1.61,0.0
2020-11-02,10.8,7.9,15.6,1.7,58.3,2.3,14.6,9.6
2020-11-03,5.1,2.7,8.6,0.5,47.5,3.5,15.22,9.2
2020-11-04,4.9,0.2,10.8,,43.9,2.3,15.36,9.6
2020-11-05,9.6,3.4,15.9,,61.5,1.8,12.77,8.4
2020-11-06,13.5,9.9,17.2,,63.3,1.7,5.65,0.3
2020-11-07,14.6,12.2,18.1,0.1,68.8,2.7,11.01,7.0
2020-11-08,8.5,3.1,12.4,,43.8,3.1,14.66,9.5
2020-11-09,5.5,0.7,8.9,,40.9,1.8,10.48,6.0
2020-11-10,7.7,3.5,12.9,,56.1,2.2,13.61,9.6
2020-11-11,9.3,3.5,16.5,,53.5,1.6,12.96,9.6
2020-11-12,10.4,4.6,17.7,,56.9,1.7,12.27,9.4
2020-11-13,12.2,8.5,17.6,,71.5,1.6,8.92,5.5
2020-11-14,12.5,6.8,19.3,,66.9,1.7,11.58,8.0
2020-11-15,11.1,8.2,14.9,,75.0,1.7,9.52,6.8
2020-11-16,12.4,7.5,18.3,,70.1,1.6,10.76,8.4
2020-11-17,15.9,11.7,20.0,0.1,67.5,2.3,5.7,1.3
2020-11-18,16.6,14.8,18.7,12.2,91.4,2.6,2.63,0.0
2020-11-19,13.6,6.9,19.1,86.9,90.5,4.2,0.96,0.0
2020-11-20,2.8,0.3,7.0,0.0,74.3,3.2,2.74,0.0
2020-11-21,6.5,-0.3,12.8,0.2,67.9,2.1,10.52,6.6
2020-11-22,5.6,1.5,9.1,4.8,80.5,2.5,3.61,0.4
2020-11-23,1.7,-1.5,5.9,,61.4,2.3,12.35,9.2
2020-11-24,2.9,0.2,6.4,,54.5,1.8,6.33,1.3
2020-11-25,4.6,0.0,9.5,,64.1,1.5,8.32,4.6
2020-11-26,5.6,1.9,10.9,,66.5,1.7,9.8,6.6
2020-11-27,4.1,0.6,7.7,0.0,61.6,2.7,8.52,5.0
2020-11-28,-0.1,-2.3,2.8,,50.0,2.8,11.89,9.0
2020-11-29,-0.6,-3.6,2.6,,59.6,2.2,5.61,1.5
2020-11-30,-0.2,-3.6,4.3,,57.8,1.9,11.55,9.1
2020-12-01,1.1,-3.6,6.7,,44.5,1.9,10.69,7.3
2020-12-02,2.4,0.5,6.1,,41.4,1.8,6.38,3.4
2020-12-03,0.7,-2.3,4.2,,47.1,2.7,11.52,9.1
2020-12-04,-0.6,-4.6,4.4,,53.8,1.8,11.62,9.0
2020-12-05,2.1,-2.2,6.6,,63.1,1.7,8.18,5.1
2020-12-06,4.5,1.2,9.1,,66.9,1.8,8.37,6.0
2020-12-07,3.4,-0.7,6.3,,57.5,2.6,8.93,7.4
2020-12-08,-0.5,-3.5,4.1,,50.0,2.0,11.4,8.7
2020-12-09,1.5,-4.1,6.2,,55.1,1.5,8.48,5.9
2020-12-10,5.8,3.2,9.3,0.0,69.9,1.7,4.74,1.1
2020-12-11,5.3,2.6,9.4,,77.1,1.8,5.85,2.4
2020-12-12,2.3,-0.3,6.1,,51.3,2.1,10.22,8.6
2020-12-13,-1.1,-6.0,2.0,2.9,74.9,2.9,1.9,1.1
2020-12-14,-7.7,-9.7,-5.0,,49.1,3.4,11.44,8.9
2020-12-15,-8.3,-11.1,-4.6,,43.0,2.8,11.61,9.0
2020-12-16,-8.3,-11.2,-3.9,,43.9,2.6,11.44,9.0
2020-12-17,-4.9,-11.1,0.8,0.0,47.0,1.7,11.15,9.0
2020-12-18,-2.1,-6.4,1.8,0.2,57.0,3.0,8.45,5.5
2020-12-19,-5.1,-9.6,-1.2,,45.1,2.4,11.27,9.0
2020-12-20,-3.7,-8.2,1.1,,50.4,2.0,11.0,9.1
2020-12-21,-1.0,-6.0,4.7,,64.1,1.6,9.99,8.8
2020-12-22,2.0,-2.5,7.2,,67.6,2.0,7.83,5.2
2020-12-23,4.5,-0.4,8.5,0.0,76.6,2.3,4.6,1.7
2020-12-24,2.6,-2.0,6.1,,61.5,2.9,9.82,7.9
2020-12-25,-0.8,-4.7,3.5,,51.9,2.1,10.88,9.0
2020-12-26,2.2,-2.1,8.0,,65.8,1.8,8.99,8.2
2020-12-27,5.8,1.4,10.0,0.0,62.9,1.8,8.12,5.9
2020-12-28,6.7,4.2,11.4,1.3,72.1,1.4,9.12,8.0
2020-12-29,0.1,-6.2,4.3,0.2,70.8,2.9,1.98,0.0
2020-12-30,-10.9,-12.9,-6.2,,55.5,4.1,11.36,8.3
2020-12-31,-8.9,-12.9,-5.0,0.0,53.9,2.4,9.06,6.0
2021-01-01,-4.2,-9.8,1.6,,64.0,2.0,9.54,6.5
2021-01-02,-5.0,-8.4,-1.4,,38.5,2.6,11.34,9.0
2021-01-03,-5.6,-9.1,-2.0,,45.0,2.0,8.8,5.5
2021-01-04,-3.5,-8.4,0.3,0.0,51.4,1.7,7.44,4.6
2021-01-05,-5.5,-9.9,-2.1,0.0,52.8,2.9,10.46,8.6
2021-01-06,-7.4,-12.0,-1.9,2.3,54.6,2.4,11.78,9.1
2021-01-07,-14.5,-16.5,-8.4,,49.9,4.1,,
2021-01-08,-14.9,-18.6,-10.7,,44.0,3.3,12.38,9.2
2021-01-09,-12.2,-16.6,-7.5,,46.3,2.6,11.59,9.0
2021-01-10,-7.7,-12.8,-2.7,,54.4,1.3,9.84,6.2
2021-01-11,-6.7,-9.6,-4.0,,62.1,1.9,4.47,0.0
2021-01-12,-3.9,-9.3,-0.5,2.6,79.5,1.8,6.13,3.6
2021-01-13,2.0,-3.0,8.3,0.0,80.3,2.4,8.27,6.1
2021-01-14,1.7,-3.6,7.0,,46.5,2.3,10.21,8.0
2021-01-15,4.5,-0.7,9.9,0.2,67.4,3.0,2.11,0.0
2021-01-16,-4.9,-8.7,-0.7,,59.3,3.3,11.86,8.9
2021-01-17,-5.5,-10.8,-1.3,0.0,58.5,2.3,10.83,7.0
2021-01-18,-3.8,-9.1,0.2,0.3,64.3,3.2,4.54,2.5
2021-01-19,-6.3,-11.6,-0.2,,37.9,1.8,12.48,9.2
2021-01-20,-0.1,-6.6,7.1,,37.8,2.2,11.92,8.9
2021-01-21,4.5,2.5,7.0,9.2,64.4,2.3,2.77,0.0
2021-01-22,5.5,4.8,6.6,0.1,92.9,1.7,2.34,0.0
2021-01-23,7.6,4.8,12.2,,66.0,4.2,9.72,5.3
2021-01-24,7.3,2.4,13.9,,63.9,2.1,12.4,8.2
2021-01-25,7.9,3.0,13.9,,62.0,1.9,10.74,7.6
2021-01-26,5.3,1.7,7.4,1.7,80.4,1.9,1.95,0.0
2021-01-27,1.7,-1.8,6.5,,47.6,2.2,12.4,8.4
2021-01-28,-2.6,-9.7,1.4,2.0,52.3,4.0,6.14,2.3
2021-01-29,-8.8,-11.6,-4.9,,40.0,3.5,14.42,9.6
2021-01-30,-1.6,-8.1,5.2,0.5,60.0,2.5,10.46,6.4
2021-01-31,3.2,-3.8,8.7,,57.0,2.0,10.92,6.7
2021-02-01,5.0,-2.3,9.5,0.7,74.5,2.7,5.8,1.1
2021-02-02,-5.6,-8.2,-2.4,0.0,44.1,3.9,14.69,9.6
2021-02-03,-3.2,-9.4,1.4,3.4,64.6,2.2,11.7,6.6
2021-02-04,-3.6,-7.4,0.7,0.1,50.1,2.5,15.33,9.6
2021-02-05,1.4,-4.4,6.7,,71.8,2.4,7.95,2.7
2021-02-06,6.8,4.3,9.5,,80.4,2.2,4.77,0.1
2021-02-07,3.6,-2.6,7.7,,67.0,2.9,11.38,6.0
2021-02-08,-3.1,-5.4,0.2,,43.6,3.4,15.91,9.6
2021-02-09,-0.9,-6.1,4.7,,51.9,2.0,15.46,9.7
2021-02-10,3.4,-1.5,7.2,,75.1,2.1,6.15,0.7
2021-02-11,5.5,1.3,10.9,,71.5,1.3,11.22,5.2
2021-02-12,6.5,0.6,14.0,,60.6,1.7,14.72,9.2
2021-02-13,7.6,1.0,15.9,,50.6,1.5,14.36,9.3
2021-02-14,9.5,6.4,13.8,0.0,47.6,1.7,7.21,1.7
2021-02-15,1.2,-5.2,8.2,1.4,65.1,4.0,9.69,4.3
2021-02-16,-5.1,-7.0,-1.3,1.5,57.9,3.2,7.31,2.8
2021-02-17,-8.3,-10.4,-5.2,0.0,44.1,5.0,17.28,9.8
2021-02-18,-5.8,-10.6,-0.4,,44.9,3.1,17.05,9.9
2021-02-19,1.6,-7.1,8.9,,66.9,2.9,14.8,8.9
2021-02-20,8.8,5.5,14.9,,60.4,2.1,15.25,7.8
2021-02-21,10.8,4.7,17.4,,66.6,2.8,15.34,9.7
2021-02-22,7.8,0.4,12.6,,58.3,2.9,13.04,6.3
2021-02-23,0.0,-3.1,4.3,,34.0,2.9,17.53,10.0
2021-02-24,2.9,-3.0,10.1,,33.0,1.8,16.1,8.4
2021-02-25,4.2,0.7,8.2,,35.1,1.4,5.22,0.0
2021-02-26,8.2,0.5,15.8,,35.0,2.3,18.2,9.1
2021-02-27,9.5,4.3,16.2,,48.6,3.4,17.96,10.3
2021-02-28,7.8,3.2,10.8,,49.0,2.1,7.13,2.6
2021-03-01,4.7,0.5,9.0,67.5,91.0,3.5,1.4,0.0
2021-03-02,2.3,0.2,6.9,0.1,75.9,1.9,12.9,4.7
2021-03-03,4.4,-1.2,9.9,,64.4,1.8,16.52,10.4
2021-03-04,7.2,2.5,13.0,,62.4,1.9,9.85,1.9
2021-03-05,9.0,3.0,16.2,,70.3,2.1,18.95,10.5
2021-03-06,6.6,3.2,11.6,,69.5,3.3,12.71,3.6
2021-03-07,6.2,2.1,12.2,,62.9,2.8,18.17,9.6
2021-03-08,7.0,1.5,13.9,,60.3,1.8,19.12,10.8
2021-03-09,6.6,2.1,12.2,,58.5,2.2,15.57,9.4
2021-03-10,8.8,1.7,17.1,,61.8,1.8,19.1,10.2
2021-03-11,10.2,4.7,17.1,,50.8,1.8,16.6,7.9
2021-03-12,10.5,7.2,14.9,0.0,57.0,2.2,7.41,0.1
2021-03-13,9.2,4.6,14.2,,62.8,2.2,14.87,6.0
2021-03-14,9.1,4.9,14.7,,71.4,2.2,17.99,8.2
2021-03-15,10.6,5.1,15.7,1.7,68.8,2.4,12.75,2.7
2021-03-16,8.4,4.9,13.1,1.3,52.5,3.2,21.13,10.6
2021-03-17,8.8,1.8,17.5,,44.9,1.8,20.79,10.7
2021-03-18,11.7,5.0,18.4,,50.1,1.8,16.63,8.1
2021-03-19,15.3,11.4,20.2,,47.9,2.2,19.09,8.8
2021-03-20,9.9,7.4,14.7,5.1,74.6,2.2,2.0,0.0
2021-03-21,5.8,3.1,8.6,0.3,65.9,4.0,10.42,2.9
2021-03-22,6.2,1.1,11.1,,55.3,3.2,22.58,11.1
2021-03-23,9.1,2.5,16.4,,63.5,2.5,20.89,10.3
2021-03-24,10.8,5.7,16.9,,61.5,2.4,19.53,7.9
2021-03-25,11.9,6.8,19.0,,68.5,2.2,20.86,9.7
2021-03-26,12.6,4.8,20.6,,58.4,1.4,16.98,7.3
2021-03-27,12.1,10.2,15.0,25.5,70.9,2.5,3.72,0.0
2021-03-28,9.0,7.7,13.0,9.2,95.8,3.3,2.35,0.0
2021-03-29,10.2,7.3,14.6,0.2,62.3,3.3,18.24,7.1
2021-03-30,10.8,4.1,18.2,,47.3,2.2,24.53,11.1
2021-03-31,14.5,5.9,22.9,,41.0,1.8,23.29,11.4
2021-04-01,17.7,12.0,24.0,,33.0,3.5,20.91,10.0
2021-04-02,17.8,12.5,23.0,0.0,35.6,3.2,15.37,3.4
2021-04-03,14.9,10.9,18.0,56.2,80.8,3.1,1.98,0.0
2021-04-04,11.9,9.0,15.8,0.6,65.8,3.2,12.91,1.5
2021-04-05,11.9,5.4,19.3,,47.9,2.4,25.81,12.0
2021-04-06,13.9,9.4,19.2,,50.9,2.5,23.34,10.6
2021-04-07,14.1,8.1,20.4,,47.5,2.5,24.49,11.9
2021-04-08,13.0,7.2,18.0,,34.0,2.7,25.85,12.1
2021-04-09,13.6,7.6,19.6,,39.3,2.7,25.3,11.9
2021-04-10,12.6,7.7,18.8,,50.0,2.6,23.77,11.5
2021-04-11,15.0,7.5,21.8,,45.4,1.7,22.57,10.6
2021-04-12,13.8,11.9,17.8,22.0,70.4,2.4,5.39,0.0
2021-04-13,10.4,5.7,13.5,8.0,74.0,3.7,14.95,2.9
2021-04-14,8.4,3.1,13.3,,58.5,2.9,27.31,12.4
2021-04-15,11.6,6.3,18.3,,62.3,2.1,24.78,11.1
2021-04-16,11.3,8.1,14.8,0.7,60.0,2.6,8.59,3.7
2021-04-17,9.6,6.0,14.6,0.0,56.6,2.6,13.62,3.5
2021-04-18,9.9,5.6,15.3,,64.3,3.2,26.94,11.9
2021-04-19,12.2,5.8,19.4,,65.3,2.4,26.18,12.1
2021-04-20,14.8,8.1,22.0,,55.1,1.9,24.8,11.0
2021-04-21,19.1,10.3,28.2,,43.1,1.8,25.12,11.1
2021-04-22,20.9,16.1,27.5,,37.9,2.5,15.7,2.6
2021-04-23,19.0,17.0,21.7,0.0,41.4,3.2,8.36,0.3
2021-04-24,18.3,15.3,22.2,0.0,43.0,2.7,13.65,1.6
2021-04-25,18.2,12.6,24.0,,50.0,2.7,27.12,11.5
2021-04-26,16.2,12.3,20.6,,51.8,2.6,21.57,9.2
2021-04-27,15.4,12.5,20.0,1.7,62.4,2.3,10.37,0.5
2021-04-28,14.5,11.2,18.2,4.7,64.1,2.4,16.09,2.2
2021-04-29,14.6,10.9,20.1,3.9,54.1,2.3,15.99,4.4
2021-04-30,11.3,8.6,14.6,26.3,81.8,2.4,9.45,1.1
2021-05-01,10.2,8.5,15.3,8.0,80.8,2.7,11.89,1.2
2021-05-02,12.4,7.3,18.7,1.7,67.9,3.1,27.71,10.8
2021-05-03,14.1,8.4,20.3,,56.4,2.1,27.7,11.6
2021-05-04,13.8,11.4,15.8,19.6,82.6,2.1,3.68,0.0
2021-05-05,13.9,10.3,18.4,0.1,64.4,3.5,28.34,11.5
2021-05-06,15.7,7.9,23.1,,46.4,2.4,23.81,10.6
2021-05-07,14.4,10.7,17.2,8.8,60.3,3.4,17.12,5.9
2021-05-08,14.3,8.9,21.0,,66.1,3.4,23.01,8.9
2021-05-09,15.7,10.0,21.8,,51.3,3.5,30.44,13.0
2021-05-10,13.2,11.7,14.6,0.0,67.9,1.8,4.69,0.0
2021-05-11,18.5,9.4,25.7,,48.9,2.7,27.17,13.2
2021-05-12,22.0,16.9,27.7,,39.5,2.2,26.51,11.0
2021-05-13,22.9,16.6,29.6,,54.4,1.9,27.3,12.8
2021-05-14,24.1,18.0,30.8,,60.3,1.7,24.38,10.8
2021-05-15,22.1,20.8,26.2,15.0,79.5,1.7,9.42,0.5
2021-05-16,18.4,14.8,20.8,66.9,97.6,2.5,3.05,0.0
2021-05-17,15.3,14.2,16.7,3.1,93.0,1.6,5.21,0.0
2021-05-18,17.9,13.6,24.5,,70.5,1.7,24.12,8.4
2021-05-19,19.9,12.4,26.6,,52.3,1.8,29.93,13.2
2021-05-20,18.7,15.6,22.9,0.9,59.8,2.5,6.8,0.0
2021-05-21,16.0,14.2,18.2,6.9,86.5,1.7,7.35,0.9
2021-05-22,18.6,13.8,23.8,0.2,69.3,2.5,28.69,12.7
2021-05-23,19.5,14.3,25.1,,64.4,1.7,19.28,6.0
2021-05-24,19.4,16.4,24.5,,61.0,2.7,26.9,9.1
2021-05-25,15.3,11.9,19.3,8.3,72.3,3.2,19.29,6.4
2021-05-26,18.0,11.5,23.0,0.0,58.5,2.9,17.95,5.3
2021-05-27,15.8,13.9,18.7,8.9,83.0,2.8,5.08,0.5
2021-05-28,15.3,12.4,19.7,12.3,86.0,2.6,11.26,1.9
2021-05-29,15.4,12.8,19.1,0.3,79.8,2.2,10.45,3.9
2021-05-30,18.4,10.8,26.3,18.1,73.0,2.1,29.45,11.6
2021-05-31,19.9,16.5,23.8,4.0,78.9,1.8,12.52,2.0
2021-06-01,20.2,15.9,23.9,3.2,74.6,2.2,13.01,1.9
2021-06-02,23.2,16.6,29.7,,64.4,2.1,26.82,11.9
2021-06-03,19.1,14.6,22.7,18.1,80.8,1.8,5.11,0.2
2021-06-04,18.5,13.3,23.6,,69.4,2.9,29.01,10.9
2021-06-05,20.8,17.0,25.7,,68.1,3.3,23.11,8.4
2021-06-06,23.0,18.4,28.2,,69.6,2.2,23.46,8.3
2021-06-07,21.1,19.4,24.0,0.0,71.5,1.7,7.02,0.3
2021-06-08,23.6,18.8,29.5,0.1,69.6,1.7,21.25,7.1
2021-06-09,25.8,19.5,31.6,,59.1,1.6,24.78,9.9
2021-06-10,24.9,20.5,29.8,6.1,68.5,2.2,14.13,1.3
2021-06-11,21.5,19.9,24.4,4.6,84.5,2.8,10.08,1.8
2021-06-12,24.2,18.2,30.2,,74.6,1.8,26.92,9.1
2021-06-13,24.8,20.9,29.7,,72.6,2.0,26.48,10.2
2021-06-14,24.8,18.9,30.2,,68.8,2.1,22.29,8.3
2021-06-15,22.5,21.5,25.3,1.9,79.1,2.3,7.61,1.6
2021-06-16,24.3,20.3,28.9,,59.9,3.6,27.3,11.5
2021-06-17,21.9,19.6,25.0,0.0,71.4,2.4,9.59,0.3
2021-06-18,20.0,19.0,21.4,6.3,92.1,2.5,4.5,0.0
2021-06-19,22.3,17.5,27.4,,74.0,1.8,26.47,10.5
2021-06-20,22.9,17.6,29.0,,73.3,2.8,25.87,10.7
2021-06-21,23.6,19.2,28.5,,67.0,2.2,25.72,11.1
2021-06-22,22.8,19.7,28.6,0.0,67.9,2.1,20.23,6.8
2021-06-23,22.4,18.8,27.9,7.5,70.5,2.4,19.49,7.2
2021-06-24,23.0,18.5,28.0,,71.1,1.9,17.8,5.7
2021-06-25,24.1,19.5,29.5,,69.0,2.0,24.74,9.7
2021-06-26,22.8,19.9,26.7,4.5,78.5,1.8,14.24,2.3
2021-06-27,24.5,19.8,30.8,38.2,72.1,2.0,22.48,8.1
2021-06-28,23.7,21.0,29.2,0.1,76.4,1.9,13.52,2.2
2021-06-29,23.9,21.3,28.4,8.0,78.6,1.8,14.1,4.2
2021-06-30,24.3,21.0,28.8,6.0,77.9,1.3,16.22,4.0
2021-07-01,26.3,21.4,31.0,,70.9,1.8,20.59,8.2
2021-07-02,27.1,23.6,31.8,,64.1,2.3,22.19,7.4
2021-07-03,22.6,19.6,25.7,60.0,80.0,3.6,7.51,0.9
2021-07-04,21.4,19.8,23.1,21.4,96.8,2.3,2.69,0.0
2021-07-05,23.3,20.1,26.9,,80.3,1.4,12.59,0.9
2021-07-06,25.3,21.0,30.1,,73.4,1.6,19.15,4.3
2021-07-07,26.4,23.9,29.1,12.7,78.5,1.5,11.81,1.1
2021-07-08,26.0,23.8,29.8,2.9,81.6,2.0,14.1,2.9
2021-07-09,25.5,23.6,29.2,0.0,77.3,1.9,14.49,3.8
2021-07-10,25.9,23.1,29.2,0.5,80.4,2.4,17.4,4.2
2021-07-11,25.7,24.1,27.5,0.4,86.8,2.2,7.53,0.1
2021-07-12,28.1,23.8,32.5,,75.1,1.6,19.1,4.9
2021-07-13,28.8,26.3,31.5,,76.1,1.7,11.59,1.4
2021-07-14,29.7,26.1,33.5,,71.4,2.2,22.48,7.1
2021-07-15,29.1,25.9,34.5,0.0,71.1,2.1,22.77,8.7
2021-07-16,28.8,24.2,35.2,,68.4,2.2,26.76,10.5
2021-07-17,29.1,24.7,32.8,0.0,63.1,2.3,22.58,8.9
2021-07-18,29.6,25.7,34.1,,62.5,2.1,23.37,8.4
2021-07-19,26.4,24.0,30.5,67.4,80.1,1.9,10.07,3.1
2021-07-20,27.9,23.6,31.8,0.0,75.8,1.5,14.62,3.4
2021-07-21,30.5,25.3,35.3,,64.0,1.7,24.1,11.3
2021-07-22,31.2,26.5,35.9,,59.8,2.0,27.69,11.4
2021-07-23,31.2,27.2,35.8,,61.8,1.8,26.91,12.4
2021-07-24,31.7,26.9,36.5,,57.4,1.7,27.78,12.3
2021-07-25,31.5,27.2,35.9,,55.8,2.0,27.63,13.0
2021-07-26,31.2,27.4,35.4,,54.9,2.4,29.3,13.2
2021-07-27,31.1,27.8,35.7,,60.5,2.1,17.22,7.3
2021-07-28,30.4,27.1,34.7,0.0,67.4,1.9,16.37,6.5
2021-07-29,29.6,27.0,33.3,,69.9,2.0,14.86,2.2
2021-07-30,30.5,25.8,35.4,,63.1,2.1,21.86,7.7
2021-07-31,29.8,26.8,34.3,3.0,69.9,2.5,21.19,7.7
2021-08-01,27.1,25.1,28.8,21.0,81.8,1.3,6.56,0.0
2021-08-02,26.5,25.0,28.6,1.7,82.6,1.6,8.42,0.6
2021-08-03,28.0,24.1,31.4,0.0,76.9,1.8,13.25,4.3
2021-08-04,28.9,26.3,33.2,,70.6,2.0,19.55,6.1
2021-08-05,29.4,25.6,33.7,,68.1,2.1,20.51,8.9
2021-08-06,28.1,26.0,32.2,,68.4,2.1,18.13,6.3
2021-08-07,28.0,23.4,32.3,,65.0,2.1,23.48,11.3
2021-08-08,26.8,24.4,32.1,12.7,74.8,1.7,11.91,2.0
2021-08-09,28.3,23.3,33.6,,62.4,2.3,24.73,8.6
2021-08-10,27.7,24.3,32.2,,62.5,2.3,20.07,8.5
2021-08-11,27.4,24.1,31.6,0.0,70.3,2.0,16.55,5.3
2021-08-12,26.8,24.0,31.7,0.0,67.1,1.8,14.8,4.4
2021-08-13,26.6,23.4,30.1,,70.4,2.0,12.03,1.7
2021-08-14,26.1,23.4,30.5,,63.9,3.0,15.6,4.5
2021-08-15,26.9,21.7,32.4,,59.6,2.3,23.31,10.2
2021-08-16,27.3,22.5,32.8,0.0,61.1,2.3,23.19,10.4
2021-08-17,25.9,21.9,31.3,9.3,65.0,2.4,17.49,5.8
2021-08-18,24.3,20.6,31.0,5.6,69.6,2.8,17.87,5.8
2021-08-19,26.0,21.0,31.5,,57.1,2.6,20.95,8.6
2021-08-20,26.6,22.6,30.7,0.0,63.6,2.3,17.21,5.5
2021-08-21,23.8,21.0,25.5,62.8,88.1,2.7,6.31,1.0
2021-08-22,24.4,22.4,27.0,0.0,81.5,2.1,8.64,0.7
2021-08-23,22.4,21.0,24.0,7.4,89.3,2.0,3.81,0.0
2021-08-24,23.4,21.1,26.4,10.5,93.6,2.9,4.58,0.0
2021-08-25,25.0,23.5,27.3,0.3,85.5,1.8,8.96,0.7
2021-08-26,25.5,22.9,27.9,0.7,84.9,2.5,8.07,0.2
2021-08-27,22.4,20.4,25.5,0.9,83.5,1.3,3.01,0.0
2021-08-28,23.6,19.7,28.2,,80.4,1.8,15.44,3.8
2021-08-29,23.7,21.9,26.3,0.9,82.6,1.6,9.6,1.0
2021-08-30,24.2,21.2,27.7,0.0,77.5,1.4,12.46,1.1
2021-08-31,20.5,18.1,23.1,77.4,93.3,2.3,2.39,0.0
2021-09-01,21.4,18.5,23.9,0.8,83.1,2.9,7.24,0.0
2021-09-02,23.5,20.7,26.7,,70.3,2.1,13.24,1.4
2021-09-03,24.3,20.6,29.2,,60.3,2.4,24.64,11.2
2021-09-04,23.2,18.5,28.6,,57.0,2.7,20.58,9.3
2021-09-05,23.1,19.4,27.3,,61.1,3.2,15.83,4.6
2021-09-06,22.3,18.0,26.4,12.0,70.1,3.2,12.02,2.4
2021-09-07,19.6,17.6,20.9,29.6,98.1,2.3,1.8,0.0
2021-09-08,22.2,19.0,26.9,1.6,81.3,1.7,18.18,7.1
2021-09-09,23.5,19.1,29.1,,76.5,1.5,18.9,8.0
2021-09-10,23.6,19.5,28.9,,76.0,1.9,16.96,6.4
2021-09-11,24.0,19.9,29.4,,73.1,1.7,19.54,8.7
2021-09-12,24.2,19.2,29.8,,64.6,1.8,22.15,10.2
2021-09-13,24.8,20.8,30.3,,67.1,2.4,17.61,6.1
2021-09-14,24.6,20.0,29.5,,63.3,2.6,21.88,10.3
2021-09-15,23.6,19.5,28.9,,57.5,3.6,22.62,11.4
2021-09-16,22.9,18.0,27.3,,61.1,2.6,20.18,9.1
2021-09-17,23.5,20.5,28.2,,61.4,3.0,18.05,6.6
2021-09-18,23.9,18.9,29.8,,65.1,1.6,19.77,8.8
2021-09-19,23.7,20.8,27.8,,62.9,1.9,13.97,2.8
2021-09-20,23.7,19.0,28.4,,63.6,2.7,19.86,10.3
2021-09-21,22.0,17.4,26.2,68.1,85.1,2.9,11.84,4.3
2021-09-22,20.2,16.8,24.3,4.5,79.0,2.7,14.89,6.5
2021-09-23,20.9,16.9,25.9,,67.3,2.4,18.01,8.0
2021-09-24,21.8,16.7,26.9,,67.5,2.2,18.34,9.9
2021-09-25,21.2,18.7,23.1,,72.6,2.3,7.2,0.0
2021-09-26,22.6,18.4,27.3,,63.0,2.3,18.13,8.3
2021-09-27,21.6,18.7,25.0,0.0,66.0,2.4,11.36,2.2
2021-09-28,21.5,19.6,24.4,1.3,75.1,2.2,9.29,0.7
2021-09-29,20.2,17.8,21.4,13.1,93.5,1.7,2.85,0.0
2021-09-30,20.3,16.0,25.9,,83.9,1.5,17.2,7.4
2021-10-01,21.1,16.9,27.5,13.3,75.8,2.4,18.42,9.3
2021-10-02,20.7,16.4,26.6,,77.1,1.6,16.92,8.1
2021-10-03,22.3,17.1,28.8,,69.5,1.9,17.47,8.4
2021-10-04,22.9,19.2,25.6,3.6,81.0,2.9,2.97,0.0
2021-10-05,23.6,21.7,26.5,0.0,82.4,3.3,8.11,1.5
2021-10-06,18.8,17.9,21.7,6.4,91.5,2.8,3.26,1.2
2021-10-07,19.4,17.9,21.9,4.6,85.5,1.9,4.86,0.0
2021-10-08,18.8,17.5,20.0,3.5,91.3,1.7,2.8,0.0
2021-10-09,20.9,18.5,24.1,0.4,83.5,2.3,7.05,1.9
2021-10-10,19.9,14.9,24.3,14.2,89.0,2.2,3.12,0.0
2021-10-11,15.2,12.6,17.8,0.3,78.6,2.2,8.47,1.7
2021-10-12,17.9,15.8,21.3,,67.1,3.3,11.55,3.0
2021-10-13,19.6,14.9,25.2,,66.6,2.4,17.28,9.0
2021-10-14,19.7,17.4,23.9,,73.6,2.0,12.85,6.1
2021-10-15,19.0,17.0,21.4,0.0,74.4,2.1,7.21,0.7
2021-10-16,10.7,4.2,18.1,0.0,47.5,3.4,8.78,1.5
2021-10-17,5.6,1.3,10.8,,37.4,2.9,18.7,10.3
2021-10-18,9.6,2.8,16.1,5.6,60.4,2.0,12.08,4.3
2021-10-19,10.9,7.1,15.0,4.4,72.8,2.4,13.34,6.5
2021-10-20,9.5,4.6,15.8,,64.9,1.7,16.7,10.0
2021-10-21,9.8,4.9,16.2,,64.1,1.7,5.13,4.0
2021-10-22,10.8,5.2,17.2,,58.4,1.8,16.45,10.0
2021-10-23,11.4,5.7,18.4,,57.3,1.6,16.25,9.6
2021-10-24,11.4,6.0,18.1,,63.1,1.7,15.97,9.9
2021-10-25,11.7,6.3,17.6,,64.5,1.9,11.74,7.0
2021-10-26,13.0,7.7,19.0,,74.5,1.7,13.08,8.6
2021-10-27,13.4,9.8,18.1,0.0,63.4,2.2,14.72,8.2
2021-10-28,12.7,7.1,20.0,,54.6,1.4,15.58,9.7
2021-10-29,14.6,10.5,20.6,,55.9,2.0,14.16,8.7
2021-10-30,13.8,11.0,18.0,,62.4,1.6,6.35,1.6
2021-10-31,14.1,9.2,20.3,0.7,73.3,1.6,12.25,7.6
2021-11-01,12.9,10.3,16.9,,77.3,1.9,11.32,6.3
2021-11-02,11.5,7.9,16.9,,76.6,1.7,12.69,7.8
2021-11-03,12.1,7.6,17.1,,71.1,1.5,13.24,8.5
2021-11-04,12.1,8.4,16.3,0.0,80.4,1.3,6.9,3.9
2021-11-05,13.0,7.8,20.2,,68.5,1.5,12.76,9.2
2021-11-06,14.1,8.8,21.3,,61.1,1.6,12.8,8.3
2021-11-07,15.3,9.7,21.3,,57.5,2.1,12.2,6.8
2021-11-08,8.6,4.5,15.5,25.7,82.1,3.2,2.57,0.1
2021-11-09,4.9,3.0,6.5,2.0,80.3,2.4,3.4,0.0
2021-11-10,4.2,0.7,7.7,0.3,73.4,2.5,8.8,3.2
2021-11-11,5.3,2.1,9.7,0.0,60.6,2.9,9.68,6.3
2021-11-12,4.5,1.3,8.6,,55.4,2.6,13.47,8.3
2021-11-13,7.3,0.5,13.4,,66.1,1.5,9.9,5.4
2021-11-14,11.3,7.8,16.4,,69.8,2.2,10.52,6.4
2021-11-15,10.1,5.8,15.7,,71.3,1.6,11.39,7.9
2021-11-16,8.5,4.4,13.6,,65.5,1.9,12.07,9.0
2021-11-17,7.5,2.7,12.5,,64.1,1.6,11.0,7.3
2021-11-18,11.9,7.7,16.2,0.0,70.8,2.4,5.68,1.9
2021-11-19,12.9,10.2,16.7,,84.8,1.9,4.98,0.9
2021-11-20,10.4,6.8,15.6,,77.0,1.6,8.62,5.6
2021-11-21,10.4,7.6,13.1,5.9,74.4,1.9,3.3,0.0
2021-11-22,2.7,-0.6,7.5,1.3,61.8,4.1,8.99,5.4
2021-11-23,-0.6,-3.7,2.3,,60.9,3.2,8.4,5.7
2021-11-24,4.1,-2.6,9.1,0.0,64.3,1.9,7.93,4.9
2021-11-25,5.7,2.6,9.9,,55.0,2.2,10.25,7.9
2021-11-26,2.9,-0.5,7.2,0.0,57.5,2.2,7.6,4.7
2021-11-27,3.4,-1.4,10.1,,53.0,1.6,11.85,9.2
2021-11-28,5.1,-1.3,12.4,,52.4,1.5,11.02,8.0
2021-11-29,7.6,2.5,13.7,,62.0,1.6,7.47,4.7
2021-11-30,5.7,0.7,8.9,27.2,80.4,3.7,0.84,0.0
2021-12-01,-1.3,-3.0,1.5,,51.8,4.2,12.23,9.1
2021-12-02,1.3,-4.6,5.0,0.1,68.9,2.1,6.48,4.1
2021-12-03,1.9,-1.8,4.6,0.4,53.3,2.9,11.85,9.1
2021-12-04,1.4,-2.7,7.0,,48.5,2.0,10.46,7.2
2021-12-05,2.9,-2.3,9.6,,50.4,1.4,11.07,9.2
2021-12-06,5.4,-0.7,12.1,,61.4,1.6,9.37,7.3
2021-12-07,6.8,2.6,13.3,,68.3,1.2,9.35,8.3
2021-12-08,6.7,1.9,13.3,,70.0,1.5,10.53,9.1
2021-12-09,6.5,2.7,9.7,,70.3,2.2,4.98,1.4
2021-12-10,7.0,5.8,8.2,0.7,81.5,2.1,1.35,0.0
2021-12-11,6.0,4.4,9.8,,83.6,1.4,7.34,3.5
2021-12-12,1.2,-3.8,5.1,,61.8,3.2,9.67,8.0
2021-12-13,-2.2,-5.9,1.9,,43.8,2.3,11.43,9.1
2021-12-14,3.7,-0.7,8.2,1.2,64.9,2.0,6.1,2.5
2021-12-15,7.2,5.4,10.0,2.1,84.8,1.7,4.11,0.9
2021-12-16,6.4,3.3,9.8,0.0,71.6,1.8,7.6,5.0
2021-12-17,-5.6,-10.1,3.2,,50.5,4.6,10.96,8.7
2021-12-18,-5.7,-11.2,-1.8,2.8,64.1,2.0,6.79,4.3
2021-12-19,-0.8,-5.8,4.2,0.2,63.8,2.0,8.82,8.9
2021-12-20,5.2,-0.9,11.1,0.0,77.9,2.1,8.61,6.1
2021-12-21,5.2,0.8,8.9,,70.9,2.0,7.93,6.0
2021-12-22,2.2,-2.6,8.2,,47.4,1.7,10.21,8.9
2021-12-23,2.7,-1.5,8.3,,53.5,1.4,8.85,6.9
2021-12-24,-0.3,-7.3,3.2,0.2,65.3,2.6,2.08,0.0
2021-12-25,-11.7,-14.4,-7.3,,42.4,3.9,11.64,9.1
2021-12-26,-12.1,-15.5,-7.3,,43.5,3.1,11.55,9.1
2021-12-27,-7.6,-12.9,-3.9,0.0,60.9,1.7,6.09,3.8
2021-12-28,-4.1,-8.5,-0.9,,73.8,2.2,4.32,1.7
2021-12-29,0.4,-3.8,5.9,0.2,72.9,2.6,4.64,1.8
2021-12-30,-3.9,-6.8,0.2,0.0,48.5,3.3,9.14,7.3
2021-12-31,-6.7,-8.8,-3.9,,35.9,3.5,11.7,9.0
2022-01-01,-4.3,-10.2,2.3,,46.3,1.5,10.39,9.0
2022-01-02,-1.3,-5.2,3.0,0.3,57.9,2.3,8.52,5.4
2022-01-03,-1.9,-8.0,2.5,0.0,58.3,1.8,9.35,7.8
2022-01-04,-2.5,-5.6,1.0,0.0,51.8,2.4,11.3,9.0
2022-01-05,-2.8,-7.8,1.9,,47.6,1.7,6.12,1.9
2022-01-06,-2.2,-5.9,3.3,,47.1,2.3,11.22,9.1
2022-01-07,-1.6,-5.9,4.5,,47.1,1.5,11.12,9.1
2022-01-08,0.3,-5.0,3.7,0.0,64.3,1.7,3.68,0.7
2022-01-09,1.3,-1.2,5.6,,71.5,1.7,7.16,4.5
2022-01-10,0.5,-3.4,4.4,0.9,68.3,2.0,7.25,3.9
2022-01-11,-7.4,-10.3,0.3,0.2,55.5,4.0,11.91,9.1
2022-01-12,-7.7,-11.3,-3.4,,47.8,2.4,11.93,8.6
2022-01-13,-6.4,-8.9,-3.1,,45.8,3.3,11.9,9.1
2022-01-14,-4.8,-10.1,1.3,,41.8,1.7,12.1,9.1
2022-01-15,-1.0,-5.3,1.8,0.0,48.3,1.9,3.76,0.9
2022-01-16,-2.0,-7.2,2.4,0.0,54.5,3.3,11.98,8.8
2022-01-17,-5.8,-9.2,0.1,0.5,59.9,2.2,8.07,4.5
2022-01-18,-5.6,-9.9,-0.7,,47.9,2.3,12.4,9.2
2022-01-19,-5.3,-7.7,-2.7,1.7,72.3,2.1,2.13,0.0
2022-01-20,-5.0,-9.8,0.9,,63.5,1.8,12.29,9.1
2022-01-21,-2.7,-8.7,4.6,,55.6,1.8,12.79,9.2
2022-01-22,0.3,-5.0,7.1,,52.4,1.7,9.7,6.0
2022-01-23,2.0,-0.6,6.7,,52.4,1.7,7.67,5.3
2022-01-24,4.6,1.3,8.4,,56.0,3.5,8.71,4.0
2022-01-25,2.8,1.9,4.5,0.7,80.0,2.3,1.7,0.0
2022-01-26,1.3,-1.9,6.8,,62.8,2.2,11.54,8.4
2022-01-27,-1.1,-4.6,4.0,,50.0,2.1,11.72,8.9
2022-01-28,-2.7,-5.9,2.1,,51.6,2.8,13.65,9.2
2022-01-29,-3.6,-7.2,0.9,,48.9,2.4,14.07,9.5
2022-01-30,-2.8,-8.0,2.4,,45.4,2.2,14.1,9.6
2022-01-31,-0.7,-6.8,4.8,1.2,59.0,1.9,11.47,8.0
2022-02-01,-1.3,-2.7,0.9,1.7,76.6,2.6,9.04,4.7
2022-02-02,-3.4,-6.0,0.0,,60.5,2.4,14.68,9.2
2022-02-03,-3.4,-6.9,0.4,,52.4,2.4,14.87,9.7
2022-02-04,-5.2,-8.2,-0.7,0.0,53.3,3.1,12.94,7.3
2022-02-05,-6.6,-9.7,-2.0,,48.8,3.1,14.31,9.1
2022-02-06,-3.9,-8.4,1.7,,50.3,2.5,14.83,9.5
2022-02-07,-2.5,-7.3,1.9,,51.3,1.8,10.41,6.5
2022-02-08,-0.1,-4.1,5.6,,53.8,1.9,14.49,8.1
2022-02-09,1.0,-4.3,7.2,,52.3,1.8,12.8,9.2
2022-02-10,1.4,-3.2,6.7,,57.8,2.3,14.93,9.6
2022-02-11,2.9,-2.6,8.8,,61.1,1.8,13.28,8.9
2022-02-12,4.8,-0.1,10.4,,50.4,1.7,15.11,9.3
2022-02-13,4.8,1.6,9.5,,44.9,1.8,9.29,3.0
2022-02-14,2.5,-1.3,8.1,1.7,68.3,2.9,7.04,0.9
2022-02-15,-4.7,-7.7,-1.3,0.0,58.0,3.8,9.99,3.0
2022-02-16,-7.3,-9.6,-4.1,0.0,50.4,3.7,16.28,9.0
2022-02-17,-6.2,-10.7,-0.5,,41.6,2.5,17.2,9.8
2022-02-18,-1.2,-8.0,5.7,,40.4,2.0,15.91,8.6
2022-02-19,-1.7,-6.2,3.7,0.1,52.9,2.9,9.25,2.9
2022-02-20,-4.8,-8.4,-0.5,,41.1,4.1,18.09,10.0
2022-02-21,-3.0,-8.1,3.6,0.1,56.3,2.9,11.41,6.5
2022-02-22,-4.5,-8.0,0.5,,43.3,3.2,15.64,8.0
2022-02-23,-5.6,-10.0,-0.6,,38.5,2.6,18.78,10.2
2022-02-24,-2.4,-8.5,3.7,,52.4,2.2,18.42,10.3
2022-02-25,3.0,-3.6,8.4,,77.5,2.3,12.36,6.4
2022-02-26,5.4,1.0,9.3,1.1,78.4,3.9,5.58,0.2
2022-02-27,3.7,-1.6,9.1,,56.6,2.8,18.62,10.5
2022-02-28,6.8,2.7,11.5,,62.3,1.5,10.5,3.4
2022-03-01,5.8,0.3,9.7,2.3,70.5,2.3,6.49,2.5
2022-03-02,3.5,-2.3,8.8,,55.9,2.7,19.53,10.7
2022-03-03,5.8,0.9,12.4,,52.9,2.1,19.16,10.6
2022-03-04,6.9,0.6,14.6,,60.5,3.6,10.65,3.7
2022-03-05,2.3,-0.7,6.7,,38.4,4.3,20.26,10.5
2022-03-06,1.4,-3.0,6.8,,39.5,2.6,21.0,10.8
2022-03-07,2.8,-2.7,8.7,,45.8,2.0,14.99,7.0
2022-03-08,6.0,1.1,12.3,,56.1,2.0,16.44,8.2
2022-03-09,7.1,1.7,14.8,,69.6,1.9,18.85,8.7
2022-03-10,9.3,4.2,15.8,,51.4,2.1,16.75,9.3
2022-03-11,11.2,5.1,18.4,,58.4,1.9,14.49,5.9
2022-03-12,12.8,6.3,19.5,2.6,72.1,2.7,12.82,3.2
2022-03-13,11.7,10.7,12.6,42.1,95.5,1.9,2.1,0.0
2022-03-14,8.2,4.9,13.2,8.7,90.3,3.2,2.18,0.0
2022-03-15,7.2,2.3,13.3,,72.6,2.0,17.55,7.1
2022-03-16,10.3,3.6,16.8,,62.6,2.1,17.67,8.1
2022-03-17,10.7,7.8,15.1,1.2,62.0,2.7,9.49,1.9
2022-03-18,7.5,5.5,9.6,0.0,60.8,4.4,5.17,0.0
2022-03-19,3.4,0.9,6.1,14.6,84.6,3.0,4.93,0.0
2022-03-20,5.4,2.2,9.3,0.0,66.1,2.6,15.76,6.3
2022-03-21,5.0,-0.3,10.9,,49.5,2.4,16.69,6.8
2022-03-22,7.1,1.1,13.6,,48.9,2.2,21.71,11.0
2022-03-23,6.2,4.9,8.2,,56.8,2.3,7.05,0.0
2022-03-24,8.2,3.9,12.4,,70.6,1.8,6.34,0.7
2022-03-25,12.0,6.3,17.2,10.9,70.0,2.6,9.06,1.3
2022-03-26,11.8,9.5,14.7,19.8,80.9,2.9,6.39,0.9
2022-03-27,8.1,5.0,12.6,,49.1,3.0,22.23,10.4
2022-03-28,8.2,1.5,15.1,,35.6,2.1,24.71,11.7
2022-03-29,9.7,3.3,15.6,,52.9,2.1,23.32,11.2
2022-03-30,10.8,5.9,15.7,0.4,76.5,1.8,7.64,1.2
2022-03-31,10.9,7.6,14.7,,63.5,2.5,13.98,3.3
2022-04-01,9.2,4.5,14.9,,50.5,2.6,23.35,10.9
2022-04-02,8.2,3.7,14.2,,55.0,2.3,24.09,11.8
2022-04-03,9.6,3.5,17.0,,55.0,2.1,24.34,11.9
2022-04-04,10.3,5.1,16.4,,50.3,2.3,24.75,11.6
2022-04-05,10.3,4.9,15.8,,41.1,2.4,21.21,9.9
2022-04-06,11.7,8.0,17.0,,52.3,2.5,21.54,8.6
2022-04-07,10.9,7.4,15.7,,43.5,3.3,24.3,10.0
2022-04-08,12.9,5.1,20.0,,49.0,2.1,24.92,12.0
2022-04-09,17.8,12.4,24.2,0.5,43.8,3.0,21.41,9.0
2022-04-10,18.2,12.7,25.1,,46.0,2.0,24.18,11.5
2022-04-11,19.6,13.4,26.6,,60.4,2.4,24.04,10.2
2022-04-12,19.3,15.9,26.4,0.5,77.9,2.8,18.23,6.0
2022-04-13,13.1,12.0,15.9,1.3,69.3,4.4,4.06,0.0
2022-04-14,13.2,11.4,15.3,,53.4,4.0,9.52,0.0
2022-04-15,13.3,7.5,19.3,,46.8,3.0,26.31,12.2
2022-04-16,13.2,7.1,20.2,,48.5,2.5,26.64,12.3
2022-04-17,14.0,7.2,21.9,,53.8,2.3,26.0,11.7
2022-04-18,15.2,11.4,21.6,,46.1,2.4,20.59,7.8
2022-04-19,15.2,8.9,22.1,,51.9,2.4,25.17,12.1
2022-04-20,15.7,9.7,22.1,,48.8,2.3,26.26,12.3
2022-04-21,16.3,9.6,22.7,,48.4,2.8,19.54,6.3
2022-04-22,15.0,13.2,16.8,,76.8,3.5,3.06,0.0
2022-04-23,17.7,10.4,25.3,,57.3,1.7,23.47,9.1
2022-04-24,18.5,15.0,24.5,0.3,72.5,2.3,20.45,7.0
2022-04-25,20.0,17.0,23.6,1.3,80.5,1.4,8.1,0.3
2022-04-26,21.9,17.0,28.7,1.0,57.9,3.1,24.94,9.5
2022-04-27,17.7,12.6,23.9,,31.5,2.7,26.83,11.8
2022-04-28,18.2,11.6,25.9,0.0,44.0,2.6,22.34,8.3
2022-04-29,13.4,10.7,16.5,15.5,70.6,3.4,13.08,1.5
2022-04-30,13.0,10.5,17.8,,68.0,2.9,12.52,0.8
2022-05-01,13.4,7.9,19.2,,54.8,3.1,27.41,10.0
2022-05-02,14.2,9.1,19.4,,56.5,2.4,26.03,10.4
2022-05-03,14.8,9.1,20.8,,45.9,2.5,28.07,12.5
2022-05-04,17.8,10.0,25.2,,43.3,2.7,27.22,12.6
2022-05-05,18.9,12.5,25.8,,48.1,2.2,29.35,12.7
2022-05-06,19.6,13.7,25.6,,67.1,2.5,25.6,10.3
2022-05-07,18.4,15.3,23.1,0.5,52.4,3.0,22.57,6.8
2022-05-08,15.3,11.7,18.2,2.0,51.8,2.8,6.2,0.0
2022-05-09,17.9,11.0,25.3,,56.4,2.2,29.25,12.8
2022-05-10,19.9,13.6,26.3,0.0,39.0,2.2,27.82,9.5
2022-05-11,19.7,16.6,25.2,0.0,50.4,2.4,25.73,9.8
2022-05-12,20.9,14.1,28.1,,51.5,1.9,27.45,11.4
2022-05-13,19.4,15.0,25.2,,45.8,2.2,19.95,4.8
2022-05-14,15.7,11.9,20.0,,45.5,3.3,22.58,10.8
2022-05-15,16.2,10.5,22.4,,39.8,3.2,30.01,12.9
2022-05-16,17.3,10.9,23.7,,56.3,2.8,28.89,13.1
2022-05-17,20.0,13.0,27.4,,60.1,2.4,27.56,12.8
2022-05-18,20.0,15.7,25.4,1.5,59.4,2.9,15.71,6.4
2022-05-19,19.9,16.1,24.2,,53.6,3.0,20.97,7.8
2022-05-20,20.6,15.6,25.8,,52.8,2.3,25.74,10.8
2022-05-21,20.1,16.1,26.0,,70.8,2.5,24.88,9.3
2022-05-22,20.3,15.7,25.8,,70.9,2.5,24.3,9.0
2022-05-23,23.0,17.8,30.7,,63.5,2.3,26.01,10.4
2022-05-24,22.9,16.7,30.2,,56.8,2.1,28.86,12.3
2022-05-25,21.0,16.7,26.7,3.5,66.6,2.6,22.59,8.1
2022-05-26,18.7,14.1,23.5,0.0,59.9,3.7,28.88,11.6
2022-05-27,20.0,16.0,25.6,0.0,62.5,3.3,28.71,11.8
2022-05-28,22.3,15.0,29.3,,54.1,2.8,27.49,12.4
2022-05-29,23.1,19.3,29.7,,66.4,2.3,21.5,7.0
2022-05-30,20.8,17.2,24.7,0.0,71.0,2.5,9.8,0.2
2022-05-31,20.7,14.2,27.2,,42.4,2.5,27.48,12.0
2022-06-01,22.1,16.2,28.6,,41.6,2.6,30.79,13.5
2022-06-02,21.5,17.1,26.9,,67.4,2.7,27.13,10.4
2022-06-03,24.5,18.7,32.6,,62.8,2.0,27.2,10.6
2022-06-04,25.6,20.3,29.7,,57.0,1.7,18.22,6.2
2022-06-05,22.7,20.2,27.0,0.0,59.8,2.3,8.16,0.1
2022-06-06,19.7,16.7,24.5,4.3,69.0,3.2,21.01,5.5
2022-06-07,20.6,15.1,25.1,0.0,54.5,2.7,17.34,6.2
2022-06-08,21.2,16.2,25.8,,61.6,2.3,16.97,5.1
2022-06-09,20.9,18.5,24.5,2.6,76.1,1.6,10.66,2.6
2022-06-10,20.9,17.2,26.6,1.2,75.8,1.9,15.38,4.8
2022-06-11,24.6,17.7,32.7,,59.6,2.2,26.54,10.7
2022-06-12,24.6,18.9,31.5,,58.9,2.5,24.52,9.3
2022-06-13,23.6,19.6,29.2,18.0,68.5,2.6,20.66,7.7
2022-06-14,21.5,17.7,27.1,0.0,56.4,4.2,18.58,5.7
2022-06-15,17.5,14.9,20.1,18.5,92.4,2.3,5.62,0.0
2022-06-16,20.3,17.6,24.8,0.7,78.4,2.3,13.0,3.8
2022-06-17,22.5,16.5,28.1,,76.4,1.9,17.86,3.2
2022-06-18,23.3,22.0,25.1,0.0,79.6,1.7,6.07,0.0
2022-06-19,23.4,22.3,25.1,,81.6,1.4,5.06,0.0
2022-06-20,25.2,22.0,29.0,,76.6,1.3,12.59,1.8
2022-06-21,26.5,21.2,32.6,,72.6,2.0,28.94,12.6
2022-06-22,25.9,21.9,31.0,,71.1,2.1,22.39,7.4
2022-06-23,24.3,23.3,26.4,103.0,89.1,2.8,3.41,0.0
2022-06-24,22.6,20.6,24.9,19.1,90.9,3.5,8.5,1.7
2022-06-25,26.0,21.5,30.5,,80.4,2.8,17.55,3.0
2022-06-26,26.5,24.8,28.1,,82.1,2.6,3.0,0.0
2022-06-27,26.8,25.4,28.1,6.1,84.4,2.8,4.75,0.0
2022-06-28,26.9,25.7,27.9,6.3,81.9,5.8,3.33,0.0
2022-06-29,25.1,24.4,26.1,37.8,95.5,4.1,2.94,0.0
2022-06-30,22.3,21.2,24.5,176.2,99.3,2.3,2.42,0.0
2022-07-01,26.6,21.9,30.9,,83.3,2.1,21.53,7.2
2022-07-02,28.8,24.0,33.8,,72.8,1.7,25.83,10.8
2022-07-03,29.3,24.4,34.2,,68.6,1.7,26.25,10.8
2022-07-04,29.3,26.4,32.6,0.0,71.8,1.8,14.9,3.6
2022-07-05,29.2,26.7,33.1,0.0,73.8,1.7,15.99,2.6
2022-07-06,29.5,26.2,33.3,16.1,76.0,2.1,14.49,1.1
2022-07-07,28.2,26.4,31.0,0.0,82.3,2.8,8.29,0.6
2022-07-08,25.8,24.0,27.9,1.7,84.4,2.9,6.94,0.0
2022-07-09,26.9,24.0,30.9,0.1,82.1,1.7,13.64,1.8
2022-07-10,29.2,24.6,35.1,0.0,68.0,1.7,23.08,8.4
2022-07-11,27.0,24.7,30.6,9.0,75.0,1.8,13.85,2.8
2022-07-12,26.8,23.2,29.4,,73.1,2.2,11.82,0.8
2022-07-13,25.0,24.0,27.1,114.5,93.9,1.8,1.25,0.0
2022-07-14,25.7,23.3,29.9,0.9,84.6,2.3,17.21,3.9
2022-07-15,26.0,23.0,30.3,,76.5,2.3,24.49,8.9
2022-07-16,24.8,23.2,28.2,34.0,83.4,2.0,10.77,1.5
2022-07-17,25.5,22.5,29.7,0.0,78.9,1.8,16.82,3.6
2022-07-18,26.8,23.1,30.1,,76.0,2.2,21.01,5.2
2022-07-19,27.4,24.3,31.1,,74.1,2.3,23.44,8.4
2022-07-20,27.1,24.3,30.4,1.1,76.1,2.2,17.68,3.1
2022-07-21,23.2,20.8,25.2,10.4,87.6,2.9,6.6,0.5
2022-07-22,25.1,22.9,27.5,5.2,81.5,1.9,13.54,2.5
2022-07-23,24.8,22.3,28.0,9.9,83.6,2.0,9.09,0.1
2022-07-24,25.0,22.0,28.4,1.2,86.9,2.1,8.82,0.4
2022-07-25,27.5,23.6,32.0,,75.0,1.9,25.49,9.6
2022-07-26,28.9,24.4,33.1,,72.5,1.8,22.31,9.0
2022-07-27,29.3,26.4,33.4,,66.3,2.0,19.72,6.0
2022-07-28,29.7,25.1,34.4,,63.8,2.4,25.2,9.9
2022-07-29,30.7,27.3,34.3,,68.1,2.2,20.28,7.6
2022-07-30,30.9,27.3,36.1,1.0,68.4,2.6,23.53,9.4
2022-07-31,27.2,25.4,29.0,47.2,85.8,2.5,4.93,0.0
2022-08-01,28.6,25.4,32.4,30.0,82.4,2.4,15.09,3.2
2022-08-02,26.8,25.5,28.5,33.5,90.0,2.8,4.37,0.0
2022-08-03,27.1,25.2,30.0,51.1,90.1,2.8,8.74,1.3
2022-08-04,28.9,26.0,32.9,0.0,79.3,2.5,22.24,8.7
2022-08-05,29.4,27.0,32.7,0.0,76.6,2.6,19.58,6.3
2022-08-06,28.7,27.4,30.3,13.6,85.3,1.7,7.48,0.4
2022-08-07,28.9,27.2,31.7,0.9,82.1,2.4,9.26,0.6
2022-08-08,26.8,,28.4,129.6,91.6,3.3,,
2022-08-09,25.1,22.0,26.5,123.1,96.0,2.6,2.42,0.0
2022-08-10,24.7,21.4,28.8,7.6,85.3,1.6,16.23,3.1
2022-08-11,25.0,23.4,27.5,38.8,87.9,1.6,8.81,0.8
2022-08-12,27.0,23.0,32.4,,73.8,1.7,24.86,10.6
2022-08-13,25.8,24.7,27.5,4.0,82.8,1.3,5.06,0.8
2022-08-14,27.6,24.5,31.5,3.0,83.0,1.9,13.95,2.2
2022-08-15,28.1,26.6,29.8,0.9,83.0,4.8,6.28,0.0
2022-08-16,26.7,24.1,30.0,0.0,75.4,2.6,23.34,9.2
2022-08-17,26.0,22.8,30.5,0.0,76.6,2.0,17.1,6.0
2022-08-18,25.6,22.4,29.8,,75.8,1.9,12.57,2.6
2022-08-19,26.0,23.3,27.5,66.1,86.1,2.3,5.56,0.0
2022-08-20,28.2,25.7,32.0,0.0,80.0,2.4,23.65,9.6
2022-08-21,28.1,24.7,32.0,,75.3,1.7,16.37,5.5
2022-08-22,26.8,22.9,30.2,3.2,75.6,2.3,11.71,1.5
2022-08-23,25.4,22.4,30.2,2.2,75.0,2.0,20.42,7.1
2022-08-24,24.8,22.4,27.9,,66.9,2.5,12.34,2.0
2022-08-25,22.2,21.1,24.0,1.6,78.0,1.8,4.5,0.0
2022-08-26,23.8,19.9,28.4,,75.3,2.4,19.91,7.8
2022-08-27,21.5,17.6,25.5,17.6,63.1,2.8,27.09,12.4
2022-08-28,22.6,16.1,28.4,,59.4,1.7,24.53,12.1
2022-08-29,21.0,19.5,22.5,2.2,74.0,2.3,5.97,0.0
2022-08-30,19.1,17.9,20.3,35.8,96.3,2.6,3.06,0.0
2022-08-31,21.7,19.6,24.9,0.0,83.3,1.8,10.32,2.5
2022-09-01,24.0,18.3,30.4,,70.8,1.7,25.02,12.1
2022-09-02,24.7,20.3,29.8,,61.8,3.1,24.51,11.6
2022-09-03,24.2,20.5,29.2,,63.0,3.4,16.39,4.5
2022-09-04,22.3,19.8,24.0,33.8,88.6,3.1,3.54,0.0
2022-09-05,19.2,17.7,22.7,120.0,95.9,3.2,1.61,0.0
2022-09-06,21.0,17.0,26.3,25.3,78.0,3.6,20.76,8.4
2022-09-07,22.8,17.9,28.1,,65.3,1.9,24.4,11.9
2022-09-08,23.2,16.7,29.5,,65.5,1.6,23.96,11.8
2022-09-09,24.3,18.9,30.8,,59.1,2.0,23.91,11.1
2022-09-10,23.6,19.0,28.4,,52.3,2.6,18.76,6.5
2022-09-11,23.3,20.6,26.4,0.1,68.6,2.1,10.27,1.8
2022-09-12,23.8,20.3,27.5,,76.1,1.6,13.15,3.5
2022-09-13,24.3,21.8,26.4,0.0,73.0,2.5,7.38,0.1
2022-09-14,24.6,22.7,27.9,0.0,56.9,4.6,10.09,1.1
2022-09-15,25.2,22.0,28.3,0.1,66.9,3.6,12.29,3.4
2022-09-16,25.7,23.4,29.9,14.6,78.6,2.9,10.4,1.8
2022-09-17,25.6,23.3,29.4,4.3,83.1,1.4,11.31,3.8
2022-09-18,27.1,23.0,32.5,,75.3,2.0,15.9,5.7
2022-09-19,24.6,19.5,29.6,,63.1,3.3,18.62,6.9
2022-09-20,19.9,16.1,24.6,,57.0,2.3,18.93,9.7
2022-09-21,19.4,13.0,25.6,,56.9,1.8,22.18,11.0
2022-09-22,19.8,14.2,24.7,,60.1,2.0,17.9,7.4
2022-09-23,17.5,14.7,22.2,3.3,68.9,3.1,16.53,7.9
2022-09-24,18.5,12.3,24.2,,64.6,1.8,21.67,10.7
2022-09-25,19.6,15.4,25.2,,63.3,1.6,17.94,7.8
2022-09-26,20.0,14.8,25.4,,58.5,1.7,18.48,8.7
2022-09-27,20.9,14.0,28.0,,59.0,1.6,21.17,11.2
2022-09-28,20.4,16.1,26.1,,71.0,1.8,12.51,5.0
2022-09-29,20.4,16.4,26.5,,73.5,1.4,17.37,7.9
2022-09-30,20.7,14.8,27.7,,68.0,1.6,19.27,10.6
2022-10-01,20.9,14.4,27.6,,63.3,1.6,17.31,7.9
2022-10-02,19.4,17.2,21.6,15.8,78.9,2.7,3.8,0.0
2022-10-03,21.4,17.5,23.4,76.0,98.5,2.7,1.06,0.0
2022-10-04,17.9,14.2,23.0,11.8,83.8,2.9,6.5,0.4
2022-10-05,16.6,14.1,21.6,0.1,74.8,2.1,15.62,4.9
2022-10-06,15.8,12.7,19.1,0.0,76.6,2.1,7.74,1.6
2022-10-07,14.3,11.0,18.6,,69.5,2.5,15.08,7.6
2022-10-08,15.8,11.1,21.6,,64.6,2.5,18.48,9.5
2022-10-09,13.1,10.7,14.5,20.4,85.8,2.1,2.4,0.0
2022-10-10,9.9,8.2,11.9,0.0,72.9,3.8,9.31,2.3
2022-10-11,11.1,7.4,16.4,,69.1,2.2,18.72,10.3
2022-10-12,13.5,6.5,20.6,,68.1,1.8,18.13,10.6
2022-10-13,16.3,10.7,22.7,,69.6,1.5,17.98,10.4
2022-10-14,17.1,12.4,23.0,,73.4,1.6,13.52,4.9
2022-10-15,18.2,12.6,24.4,,68.5,1.4,16.21,8.2
2022-10-16,16.9,15.1,20.5,,73.9,1.7,6.15,0.6
2022-10-17,11.2,7.4,15.1,,50.3,3.4,18.79,10.1
2022-10-18,9.4,5.0,14.2,,52.1,2.3,18.27,10.2
2022-10-19,10.5,4.4,16.8,,57.8,1.8,17.78,10.2
2022-10-20,12.9,6.0,19.7,,64.4,1.8,17.2,10.1
2022-10-21,14.0,8.8,20.9,,68.8,1.7,15.16,8.8
2022-10-22,15.1,10.5,20.8,,76.3,1.9,14.93,9.3
2022-10-23,14.0,10.4,18.6,,65.0,2.7,14.04,7.7
2022-10-24,10.6,7.5,14.8,,52.6,2.8,16.88,9.9
2022-10-25,11.3,5.9,17.6,,56.5,2.0,16.37,9.9
2022-10-26,12.9,8.0,17.8,,58.3,1.9,12.66,7.3
2022-10-27,13.2,8.6,18.9,,71.8,1.7,14.31,9.2
2022-10-28,13.6,8.2,20.6,,70.1,1.7,14.35,8.3
2022-10-29,14.8,10.2,21.3,,65.9,1.8,14.64,9.3
2022-10-30,14.9,10.4,21.3,,64.5,1.9,13.64,8.9
2022-10-31,14.9,11.2,21.1,,69.8,2.1,13.19,7.6
2022-11-01,13.1,9.4,17.8,,73.5,1.8,9.52,4.7
2022-11-02,11.1,5.5,17.9,,57.1,1.7,15.45,9.6
2022-11-03,9.3,5.6,13.4,0.0,58.1,2.0,5.36,0.6
2022-11-04,4.9,1.6,9.8,,41.8,2.9,15.6,9.6
2022-11-05,6.5,0.8,13.6,,51.3,1.7,15.06,9.7
2022-11-06,9.6,3.7,16.4,,60.5,1.8,14.19,9.6
2022-11-07,11.4,6.1,16.6,0.0,64.5,1.7,8.35,4.4
2022-11-08,12.9,9.7,17.9,,68.3,1.5,11.55,8.1
2022-11-09,11.4,6.7,16.0,,76.0,1.5,9.82,5.3
2022-11-10,13.5,8.8,19.1,,74.5,1.3,10.6,7.9
2022-11-11,15.6,10.9,22.1,,62.5,1.8,11.75,8.8
2022-11-12,16.3,11.6,22.0,57.9,80.0,2.2,6.93,2.6
2022-11-13,10.3,8.7,17.3,,85.6,2.6,3.61,0.0
2022-11-14,9.7,5.9,13.8,,74.8,2.3,8.25,4.5
2022-11-15,8.1,4.0,12.3,1.6,77.4,2.0,6.96,2.9
2022-11-16,8.5,5.5,13.0,,71.3,1.7,12.11,8.3
2022-11-17,10.2,5.4,16.6,,64.6,1.6,11.46,9.1
2022-11-18,11.0,5.3,18.1,,69.6,1.6,12.08,9.1
2022-11-19,12.9,8.7,19.2,,55.8,2.3,11.5,9.0
2022-11-20,13.7,9.5,20.2,,58.3,1.7,11.85,9.1
2022-11-21,11.8,9.3,16.2,,70.5,1.6,6.36,3.1
2022-11-22,10.7,7.0,13.7,0.0,69.9,1.9,5.55,1.6
2022-11-23,10.8,6.8,15.2,0.0,56.0,2.1,11.6,7.9
2022-11-24,9.4,5.9,14.1,,65.6,1.5,9.32,6.5
2022-11-25,12.3,7.1,17.8,1.7,67.1,3.0,10.66,7.6
2022-11-26,6.7,1.0,12.9,,52.4,3.0,11.75,8.6
2022-11-27,5.4,-1.1,11.5,,43.1,2.4,10.15,7.4
2022-11-28,12.3,7.5,15.0,19.5,65.5,2.7,3.87,0.8
2022-11-29,6.9,-1.6,15.0,3.8,67.0,3.5,5.34,2.0
2022-11-30,-5.4,-8.1,-1.6,,49.1,3.9,12.17,9.1
2022-12-01,-5.4,-9.4,-1.2,,43.4,2.4,10.23,8.1
2022-12-02,-2.5,-7.6,3.0,,42.0,1.7,11.87,9.0
2022-12-03,2.1,-0.3,7.0,1.1,70.5,2.6,6.28,2.6
2022-12-04,-3.5,-5.2,-0.2,,38.9,2.8,6.13,1.3
2022-12-05,-3.1,-7.0,1.9,,41.9,2.4,11.74,8.6
2022-12-06,0.9,-3.9,5.3,0.1,62.8,2.4,9.16,4.8
2022-12-07,4.9,1.2,9.0,0.1,60.4,2.7,9.89,7.8
2022-12-08,3.7,0.1,9.1,,57.5,1.4,9.97,9.0
2022-12-09,4.5,0.9,10.2,0.0,60.8,2.0,7.22,4.9
2022-12-10,2.6,-0.6,6.7,,46.5,1.3,6.71,3.6
2022-12-11,1.6,-1.5,6.8,,52.5,1.8,11.11,8.9
2022-12-12,2.0,-2.0,6.3,5.4,73.4,1.7,5.05,2.3
2022-12-13,0.0,-6.4,3.1,0.6,70.8,3.5,4.85,1.7
2022-12-14,-8.4,-11.0,-4.9,,50.1,3.2,11.41,8.9
2022-12-15,-4.5,-8.5,-1.3,2.4,79.1,2.5,2.17,0.0
2022-12-16,-6.3,-9.6,-2.2,,56.9,2.0,10.44,8.2
2022-12-17,-7.0,-9.8,-3.2,0.2,52.0,2.7,10.46,7.4
2022-12-18,-9.5,-12.4,-5.6,,47.1,2.6,11.42,9.0
2022-12-19,-7.0,-12.0,-2.5,,55.6,1.7,8.93,6.5
2022-12-20,-3.2,-9.5,2.9,,55.8,2.2,10.1,7.7
2022-12-21,-0.1,-2.6,2.6,3.6,82.4,2.7,2.48,0.0
2022-12-22,-7.8,-11.3,-2.6,,60.5,4.4,10.05,7.4
2022-12-23,-11.8,-13.7,-8.6,,60.5,4.3,10.76,8.4
2022-12-24,-8.4,-13.5,-2.0,,54.9,1.8,10.92,8.9
2022-12-25,-5.4,-9.6,0.2,,66.5,1.7,10.89,9.0
2022-12-26,-3.9,-7.9,1.7,,68.4,1.4,8.27,7.6
2022-12-27,-2.6,-7.3,3.3,,69.8,1.8,10.25,8.8
2022-12-28,-3.3,-6.0,0.1,0.1,58.1,2.5,10.86,8.7
2022-12-29,-2.9,-7.8,2.1,0.0,56.3,1.7,10.88,9.0
2022-12-30,-1.8,-4.4,2.3,0.0,65.6,1.9,10.84,7.9
2022-12-31,-1.2,-5.1,2.1,0.0,65.5,1.4,4.16,1.1
2023-01-01,-0.2,-4.3,3.8,,55.0,2.7,10.81,9.0
2023-01-02,-4.5,-7.4,-0.4,,46.0,2.5,11.63,9.1
2023-01-03,-5.0,-9.0,0.6,,49.0,1.8,11.77,9.1
2023-01-04,-1.8,-5.7,3.3,,51.0,1.9,10.89,8.7
2023-01-05,-1.6,-5.6,3.6,,58.1,1.6,6.09,4.7
2023-01-06,0.6,-4.7,5.7,3.9,71.9,2.2,8.78,7.1
2023-01-07,1.5,-1.4,3.8,0.1,80.9,2.2,4.78,1.0
2023-01-08,1.3,-3.7,6.3,,69.3,1.7,9.37,7.1
2023-01-09,3.1,-1.3,7.0,,60.1,2.3,10.53,7.8
2023-01-10,1.6,-3.9,9.1,,59.9,1.5,11.33,8.8
2023-01-11,2.6,-2.0,9.2,,61.9,1.6,10.86,8.8
2023-01-12,5.9,-0.6,12.5,0.0,46.6,2.2,10.88,9.0
2023-01-13,8.3,5.1,10.1,37.3,99.1,2.5,1.11,0.0
2023-01-14,6.6,3.8,8.4,1.6,92.9,2.5,1.84,0.0
2023-01-15,-0.2,-3.5,3.8,3.2,93.9,2.8,1.32,0.0
2023-01-16,-4.6,-6.8,-1.2,0.0,63.1,2.7,12.95,8.8
2023-01-17,-3.7,-7.0,-0.4,0.0,65.1,1.8,5.27,0.2
2023-01-18,-1.9,-4.6,2.2,0.0,60.5,2.0,12.71,8.9
2023-01-19,-0.4,-6.0,4.3,1.0,69.3,2.5,7.63,3.1
2023-01-20,-3.3,-7.7,2.0,,52.4,3.7,13.49,8.7
2023-01-21,-4.5,-10.5,1.5,,55.4,1.8,12.37,8.5
2023-01-22,-0.6,-2.8,2.6,0.0,62.8,2.6,4.41,0.3
2023-01-23,-0.8,-6.9,4.6,,66.6,2.7,10.15,7.3
2023-01-24,-14.7,-17.0,-6.9,0.0,51.9,4.6,14.08,9.4
2023-01-25,-11.3,-17.3,-5.4,0.0,45.1,2.1,14.08,9.4
2023-01-26,-6.0,-9.0,-3.5,0.8,80.1,2.5,4.51,0.0
2023-01-27,-7.3,-9.6,-3.8,,56.5,3.5,14.1,9.4
2023-01-28,-6.0,-11.2,-0.6,0.0,54.9,2.4,12.58,9.0
2023-01-29,-1.8,-8.0,4.9,,58.3,2.6,9.79,5.2
2023-01-30,-0.9,-4.4,4.2,,55.9,2.1,14.17,9.5
2023-01-31,2.4,-3.5,7.8,,69.1,2.7,6.5,3.0
2023-02-01,0.9,-3.0,6.0,,68.4,3.2,13.24,8.9
2023-02-02,-2.4,-5.1,1.4,,50.3,2.5,10.94,7.6
2023-02-03,-1.6,-3.9,3.4,,47.4,2.2,13.54,8.6
2023-02-04,-0.2,-5.2,6.0,,49.8,2.0,13.23,8.2
2023-02-05,1.7,-3.3,7.1,,71.0,1.8,11.35,7.0
2023-02-06,3.0,-1.7,8.8,,72.3,1.6,10.69,7.1
2023-02-07,3.5,-0.6,9.5,,72.9,1.5,10.12,6.4
2023-02-08,2.1,-1.3,7.8,,62.1,2.5,14.82,9.5
2023-02-09,4.0,-2.8,9.9,0.0,49.9,2.5,12.36,6.7
2023-02-10,3.8,1.1,6.2,0.6,79.6,2.2,7.07,2.0
2023-02-11,2.8,-1.2,8.5,,73.0,1.8,10.9,5.5
2023-02-12,3.7,-0.9,7.6,,70.0,1.8,8.48,2.0
2023-02-13,5.9,2.7,8.4,,66.5,2.3,5.44,0.8
2023-02-14,1.7,-2.5,6.6,,54.9,2.7,15.95,9.5
2023-02-15,3.2,-1.2,8.9,,46.4,2.5,15.24,9.4
2023-02-16,2.3,-0.7,4.5,0.0,68.3,2.7,6.45,1.9
2023-02-17,3.4,-1.5,9.8,,67.8,1.8,13.67,7.5
2023-02-18,5.7,3.0,8.1,,58.3,1.5,2.91,0.0
2023-02-19,3.5,0.2,6.1,0.4,56.1,3.3,14.47,7.0
2023-02-20,-0.5,-3.5,2.4,,46.4,3.3,18.16,9.5
2023-02-21,-1.3,-5.3,4.8,,42.4,2.1,18.25,10.0
2023-02-22,1.2,-4.5,8.4,,50.6,2.2,17.0,9.2
2023-02-23,2.9,-1.8,9.2,,65.5,1.9,15.87,10.0
2023-02-24,3.5,-0.4,8.5,,57.9,3.0,17.42,9.8
2023-02-25,0.7,-2.9,5.7,,44.0,2.9,18.6,10.2
2023-02-26,2.2,-3.4,9.4,,46.6,2.1,18.83,10.4
2023-02-27,4.4,-1.8,12.4,,47.4,1.9,18.65,10.5
2023-02-28,4.3,-0.7,8.7,,63.4,2.0,10.26,3.0
2023-03-01,6.0,2.9,9.0,,54.4,3.1,10.19,4.1
2023-03-02,2.2,-1.8,6.6,,37.8,2.8,19.45,10.5
2023-03-03,4.6,-1.9,10.4,,65.0,2.1,15.67,7.5
2023-03-04,7.7,3.7,14.1,,68.4,1.9,14.91,8.7
2023-03-05,8.0,2.5,15.4,,54.0,1.7,17.21,10.1
2023-03-06,9.2,2.2,16.5,,41.9,2.1,18.63,10.0
2023-03-07,11.7,6.3,19.4,,60.9,2.3,15.35,7.0
2023-03-08,12.5,7.4,17.7,1.2,66.3,2.0,8.39,1.8
2023-03-09,10.3,7.4,13.1,3.7,85.9,2.3,6.52,2.0
2023-03-10,13.5,6.2,22.2,,62.1,2.1,17.03,9.6
2023-03-11,15.2,10.2,22.8,,52.0,2.4,16.95,7.6
2023-03-12,5.9,0.6,12.6,5.6,68.0,3.7,3.68,0.8
2023-03-13,2.9,-1.9,7.6,,38.9,3.2,20.79,9.8
2023-03-14,9.2,3.3,15.4,,45.9,2.9,19.73,9.1
2023-03-15,8.6,3.5,14.4,,66.6,3.0,5.62,1.2
2023-03-16,4.6,0.4,9.0,,36.8,2.4,18.09,6.7
2023-03-17,7.2,0.7,12.7,,34.3,1.7,13.94,4.4
2023-03-18,7.7,2.5,14.0,,46.4,2.6,19.07,9.9
2023-03-19,8.3,2.3,15.2,,59.6,2.1,21.25,11.1
2023-03-20,9.5,2.6,17.1,,50.4,1.6,20.06,10.0
2023-03-21,13.0,5.0,22.2,,35.1,1.7,21.6,10.8
2023-03-22,17.0,9.2,25.1,,44.8,1.8,16.64,6.2
2023-03-23,17.4,12.3,23.3,0.0,48.9,2.5,14.5,5.3
2023-03-24,12.5,7.6,18.3,,36.8,2.3,16.13,6.6
2023-03-25,12.5,8.0,18.7,,59.9,2.3,15.13,5.7
2023-03-26,9.4,4.7,14.0,,34.0,3.6,24.36,11.1
2023-03-27,7.3,1.9,14.5,,44.8,2.3,22.88,11.1
2023-03-28,9.2,2.8,15.7,,53.3,2.1,18.44,7.4
2023-03-29,11.8,5.1,19.7,,50.3,1.9,21.79,11.0
2023-03-30,13.3,6.4,21.2,,42.5,2.2,23.58,11.5
2023-03-31,15.0,7.5,23.9,,42.5,2.1,22.99,11.2
2023-04-01,17.5,9.4,25.6,,40.4,1.8,21.48,10.8
2023-04-02,18.8,11.9,25.2,,29.6,2.4,24.08,11.7
2023-04-03,19.0,11.3,25.9,,29.4,2.3,22.95,11.0
2023-04-04,17.6,12.7,21.7,6.9,40.4,2.6,10.78,1.6
2023-04-05,11.9,8.7,14.9,50.3,97.8,3.4,1.56,0.0
2023-04-06,8.8,7.4,9.7,2.7,94.6,2.5,2.15,0.0
2023-04-07,8.9,4.6,15.7,,65.0,2.9,23.34,10.4
2023-04-08,8.8,3.1,14.9,,51.1,3.2,25.74,11.9
2023-04-09,10.8,3.5,17.8,,56.8,2.5,25.54,12.0
2023-04-10,13.2,6.2,19.1,,50.8,2.7,22.29,10.1
2023-04-11,13.1,9.2,17.4,2.9,73.4,3.6,2.01,0.0
2023-04-12,10.1,4.8,15.3,,45.1,2.7,24.87,10.7
2023-04-13,11.9,5.1,17.2,0.0,45.0,1.8,16.17,4.4
2023-04-14,16.2,11.9,21.3,,58.6,1.6,14.25,3.3
2023-04-15,13.5,9.3,16.6,4.6,81.8,2.2,9.5,2.3
2023-04-16,10.8,7.5,16.1,0.0,71.4,2.5,14.45,3.2
2023-04-17,13.1,6.8,18.1,,59.0,2.0,17.76,6.1
2023-04-18,14.0,10.7,18.4,1.5,78.6,2.7,10.85,3.6
2023-04-19,19.1,11.5,28.4,,66.1,2.4,27.82,12.3
2023-04-20,15.8,14.5,18.9,0.5,92.1,2.4,4.12,0.0
2023-04-21,16.7,11.4,22.8,,50.4,2.5,21.05,7.8
2023-04-22,16.9,12.2,22.5,,22.9,2.6,21.2,5.6
2023-04-23,16.1,10.7,22.1,,34.1,2.1,19.47,4.4
2023-04-24,15.8,11.5,21.3,,40.5,2.7,20.31,7.8
2023-04-25,10.9,9.0,13.2,0.4,68.6,1.9,5.22,0.0
2023-04-26,10.2,7.4,13.5,0.0,69.9,3.1,15.52,4.1
2023-04-27,12.9,5.1,20.0,,61.6,1.9,26.55,12.2
2023-04-28,15.7,9.0,21.3,1.9,62.0,2.1,21.25,8.4
2023-04-29,13.2,9.9,15.8,25.1,88.1,2.9,6.04,0.8
2023-04-30,12.7,7.9,17.9,0.1,72.9,3.3,19.71,5.8
2023-05-01,14.6,9.8,20.8,,57.0,2.5,26.8,11.4
2023-05-02,16.7,9.1,23.7,,40.5,2.1,21.58,8.2
2023-05-03,19.5,12.4,26.2,,52.5,2.1,26.2,10.4
2023-05-04,21.4,15.6,25.8,,65.5,2.1,16.89,2.5
2023-05-05,18.4,15.5,21.6,30.2,95.3,2.5,1.74,0.0
2023-05-06,12.6,11.7,15.5,47.5,85.6,5.4,5.42,0.0
2023-05-07,14.4,11.1,18.6,,47.1,2.6,12.18,2.2
2023-05-08,15.3,7.9,22.0,,55.3,2.2,28.55,12.7
2023-05-09,17.0,10.0,24.4,,55.4,2.3,28.29,12.8
2023-05-10,18.4,10.7,26.0,,53.3,1.8,25.58,12.7
2023-05-11,19.5,12.8,26.7,,50.1,2.3,27.64,12.9
2023-05-12,18.4,13.1,24.7,,50.9,1.8,19.9,6.7
2023-05-13,17.8,12.6,23.9,0.0,62.0,2.0,23.86,8.8
2023-05-14,18.1,12.9,23.8,,56.5,2.0,25.41,9.6
2023-05-15,20.6,12.8,27.9,,54.6,2.4,26.49,11.6
2023-05-16,24.0,17.2,31.2,,51.9,2.5,27.62,12.1
2023-05-17,23.5,18.6,28.7,,63.6,3.4,27.59,11.4
2023-05-18,21.2,18.8,27.6,1.3,74.8,2.1,13.7,1.4
2023-05-19,22.3,16.7,27.8,,61.4,2.3,25.57,9.4
2023-05-20,21.2,16.6,26.7,,66.9,3.0,25.72,9.7
2023-05-21,17.8,15.3,21.9,0.2,74.0,3.0,20.72,5.8
2023-05-22,20.3,15.9,26.8,0.0,61.3,1.9,23.93,7.9
2023-05-23,20.5,14.1,26.9,,48.0,2.2,29.85,13.2
2023-05-24,20.6,14.8,25.9,,49.8,2.0,19.16,6.2
2023-05-25,21.2,15.7,27.4,0.0,46.6,2.4,27.9,10.4
2023-05-26,21.4,15.8,27.3,0.5,57.4,2.1,26.25,10.7
2023-05-27,19.3,18.6,20.7,31.8,87.4,1.7,3.13,0.0
2023-05-28,19.2,18.4,20.2,41.8,98.9,1.8,2.46,0.0
2023-05-29,23.2,19.0,28.5,2.3,83.4,1.6,15.87,4.1
2023-05-30,24.0,20.5,28.9,,69.5,2.2,18.2,3.7
2023-05-31,22.8,18.8,28.2,,60.8,2.5,23.98,7.1
2023-06-01,22.8,19.7,26.3,,66.9,1.9,15.18,2.2
2023-06-02,20.4,17.9,25.0,0.0,77.4,2.3,14.24,5.2
2023-06-03,22.0,16.6,27.8,,60.1,2.7,31.19,13.3
2023-06-04,22.1,16.9,28.0,,61.0,2.4,28.74,11.1
2023-06-05,21.5,17.6,26.3,,66.9,2.6,26.6,10.9
2023-06-06,20.3,17.3,25.2,0.0,72.9,2.6,21.98,7.9
2023-06-07,21.4,18.9,25.7,0.0,75.3,2.1,10.07,1.0
2023-06-08,20.4,18.3,23.9,1.9,80.5,2.4,10.19,0.9
2023-06-09,23.3,18.3,28.4,1.2,64.0,2.0,28.15,11.8
2023-06-10,23.2,19.6,28.5,0.8,70.0,2.3,18.18,5.6
2023-06-11,22.1,17.9,27.3,32.2,76.1,2.2,21.1,6.4
2023-06-12,22.2,18.4,27.5,0.0,70.5,1.7,19.9,6.7
2023-06-13,22.0,19.2,26.0,0.0,70.0,2.2,25.43,9.9
2023-06-14,20.6,17.5,25.0,30.6,80.3,1.5,13.12,4.2
2023-06-15,22.7,17.7,28.3,,70.8,2.1,25.05,8.8
2023-06-16,23.7,19.1,28.9,,64.4,2.1,29.89,12.5
2023-06-17,24.2,18.9,30.2,,57.1,2.0,27.4,10.8
2023-06-18,25.9,20.8,32.6,,60.5,2.0,28.79,12.3
2023-06-19,28.5,23.3,34.0,,57.8,2.2,25.29,11.0
2023-06-20,24.7,21.4,26.4,6.4,64.5,1.9,5.89,0.0
2023-06-21,20.5,19.2,22.1,24.9,92.6,2.1,4.79,0.0
2023-06-22,22.5,18.9,26.4,0.0,77.1,2.2,21.48,6.9
2023-06-23,24.4,20.0,29.9,,76.6,1.5,18.74,5.3
2023-06-24,26.4,21.9,31.1,,70.5,2.0,21.93,9.7
2023-06-25,28.2,22.8,33.1,,64.9,2.1,23.62,8.7
2023-06-26,24.2,22.3,27.5,30.3,88.6,2.9,3.39,0.0
2023-06-27,25.3,21.4,29.1,2.5,73.1,3.2,20.95,6.8
2023-06-28,26.5,24.2,30.1,0.0,77.4,2.5,18.56,3.8
2023-06-29,24.2,23.2,25.9,63.8,95.4,2.3,2.31,0.0
2023-06-30,25.3,23.2,29.1,1.0,89.8,1.8,10.02,1.4
2023-07-01,27.7,23.3,32.9,,76.9,2.0,29.21,12.4
2023-07-02,26.7,23.5,30.6,,79.5,1.9,19.16,4.3
2023-07-03,29.1,24.1,34.9,,72.0,1.8,25.34,8.8
2023-07-04,26.1,24.5,29.2,61.8,86.8,2.3,6.08,0.0
2023-07-05,24.5,22.1,27.1,15.3,82.6,3.7,19.96,4.5
2023-07-06,27.3,22.4,31.8,,70.9,2.7,25.47,8.8
2023-07-07,26.7,23.3,31.4,,64.9,2.3,23.96,8.7
2023-07-08,25.6,22.4,29.7,,76.5,2.2,13.93,1.6
2023-07-09,24.7,21.6,27.0,47.5,86.4,2.0,8.07,1.1
2023-07-10,26.3,22.9,30.9,11.5,80.4,2.3,18.41,5.9
2023-07-11,23.5,21.6,25.9,58.3,92.4,1.9,2.21,0.0
2023-07-12,25.8,22.0,29.1,0.7,86.4,1.5,12.34,1.2
2023-07-13,25.2,24.7,26.5,91.6,95.0,1.6,2.63,0.0
2023-07-14,24.6,23.9,25.1,72.7,99.1,2.9,1.52,0.0
2023-07-15,24.5,23.7,25.7,2.3,93.5,3.0,3.16,0.0
2023-07-16,24.6,23.7,25.4,9.7,89.5,2.3,5.31,0.0
2023-07-17,25.5,23.7,27.8,1.4,86.1,1.7,10.78,0.4
2023-07-18,25.2,24.1,27.7,2.3,87.9,1.4,7.94,2.0
2023-07-19,27.2,22.5,32.4,,78.8,1.7,26.41,11.5
2023-07-20,27.9,24.0,32.8,,74.0,1.8,24.17,9.9
2023-07-21,29.5,24.6,34.3,,69.6,1.8,23.64,10.2
2023-07-22,27.7,24.6,32.5,12.3,73.9,2.6,17.66,6.4
2023-07-23,25.2,24.5,25.8,40.2,94.3,2.1,2.37,0.0
2023-07-24,26.9,24.6,30.0,0.4,83.1,2.0,14.08,3.2
2023-07-25,27.8,25.8,30.5,5.6,80.5,2.7,16.84,3.5
2023-07-26,27.6,24.9,31.1,1.0,80.9,2.2,15.79,3.0
2023-07-27,28.4,24.4,32.2,0.0,78.1,1.9,18.25,6.8
2023-07-28,29.5,25.4,34.1,,72.4,2.1,23.36,9.5
2023-07-29,29.1,26.1,33.3,,72.1,2.0,18.5,6.8
2023-07-30,28.8,24.9,34.9,25.0,72.5,1.9,21.99,9.1
2023-07-31,28.7,25.6,33.4,0.3,76.3,1.7,20.26,6.5
2023-08-01,29.9,25.5,34.2,,71.6,1.9,21.25,10.3
2023-08-02,29.7,26.8,33.7,,67.8,2.1,24.81,11.2
2023-08-03,29.5,25.8,33.8,,67.0,2.1,25.4,11.0
2023-08-04,30.0,26.5,34.4,,67.6,1.9,23.13,9.6
2023-08-05,30.3,26.4,34.9,,69.0,2.0,27.31,12.7
2023-08-06,29.8,27.0,33.0,4.9,76.5,1.7,12.95,3.8
2023-08-07,30.4,27.3,34.6,,68.4,2.7,15.83,5.8
2023-08-08,30.9,26.4,35.8,,60.5,2.9,23.96,11.0
2023-08-09,28.3,25.1,31.6,0.2,67.6,3.2,13.66,3.3
2023-08-10,22.2,20.9,25.1,86.1,91.9,3.7,2.42,0.0
2023-08-11,23.5,21.6,24.9,46.7,93.1,2.3,3.94,0.0
2023-08-12,23.3,22.5,24.1,1.5,91.0,1.9,4.19,0.1
2023-08-13,27.0,22.6,31.1,,76.9,1.7,17.49,2.7
2023-08-14,28.1,24.8,31.9,,75.4,1.6,13.71,3.9
2023-08-15,28.6,24.7,32.7,,71.4,2.3,21.84,7.7
2023-08-16,27.3,24.7,31.6,0.3,72.0,2.1,15.46,3.7
2023-08-17,28.2,24.5,32.4,,73.0,1.7,18.24,6.2
2023-08-18,29.1,25.5,33.3,0.1,72.1,1.9,19.56,7.3
2023-08-19,29.1,26.4,33.6,,68.9,1.9,21.24,9.1
2023-08-20,28.3,25.5,31.8,0.0,71.8,1.6,15.87,3.6
2023-08-21,29.5,26.0,33.6,0.0,69.8,2.4,19.04,6.4
2023-08-22,27.6,25.8,32.2,42.6,80.3,2.4,10.5,1.3
2023-08-23,24.8,23.2,27.2,41.8,91.3,2.2,3.33,0.1
2023-08-24,25.1,22.3,27.8,5.2,84.8,2.8,12.56,1.5
2023-08-25,26.5,24.0,30.0,0.0,77.9,2.6,20.42,8.3
2023-08-26,26.4,23.3,30.3,,72.3,1.8,19.84,7.3
2023-08-27,26.1,22.7,29.6,0.0,75.0,1.8,12.0,1.2
2023-08-28,22.7,20.8,25.6,10.4,87.5,3.3,3.99,0.0
2023-08-29,23.9,22.5,25.5,54.8,89.6,2.1,2.87,0.0
2023-08-30,22.8,21.5,24.5,3.5,88.0,1.1,4.42,0.0
2023-08-31,23.9,21.0,28.9,,76.9,1.3,18.53,7.0
2023-09-01,24.5,19.7,29.6,,70.6,2.0,24.59,12.1
2023-09-02,25.4,19.7,30.8,,63.9,1.6,23.72,11.3
2023-09-03,25.8,23.1,28.8,0.1,77.8,2.2,12.19,1.9
2023-09-04,27.0,24.3,30.2,0.3,79.9,1.8,10.24,0.7
2023-09-05,28.5,25.0,32.8,0.0,69.5,1.8,19.14,7.0
2023-09-06,27.9,24.0,32.1,,65.1,2.4,22.64,11.3
2023-09-07,26.3,20.9,31.6,,54.8,2.5,24.56,12.1
2023-09-08,25.3,19.6,30.5,,60.3,2.3,24.13,12.0
2023-09-09,25.8,20.8,31.2,,66.3,1.8,22.64,10.9
2023-09-10,25.7,22.0,29.6,,68.1,1.6,14.57,5.7
2023-09-11,25.5,23.1,29.8,,67.3,1.9,14.79,5.1
2023-09-12,25.7,21.7,29.8,,69.8,1.5,12.52,3.5
2023-09-13,22.1,19.6,24.6,15.9,84.5,1.8,3.35,0.0
2023-09-14,23.4,19.2,27.2,,72.4,2.4,13.7,4.2
2023-09-15,22.3,20.3,24.3,2.1,82.3,2.6,5.35,0.1
2023-09-16,23.9,22.0,26.6,38.7,87.8,1.7,6.3,0.1
2023-09-17,24.7,22.0,28.0,3.0,84.8,1.4,12.49,3.3
2023-09-18,24.7,22.1,28.9,,79.1,1.9,13.83,4.9
2023-09-19,24.1,21.6,27.2,,81.1,1.6,8.98,1.3
2023-09-20,20.6,18.8,23.9,35.8,90.4,2.7,2.53,0.0
2023-09-21,20.1,17.5,23.6,0.0,70.9,2.3,13.28,2.4
2023-09-22,20.5,15.2,26.7,,68.4,1.7,20.37,10.4
2023-09-23,21.8,16.3,27.6,,63.9,2.5,19.69,10.9
2023-09-24,21.8,17.9,26.2,,56.4,2.9,19.16,9.0
2023-09-25,21.6,17.9,26.0,1.9,66.4,2.3,11.15,1.3
2023-09-26,19.9,18.6,20.8,27.8,95.8,2.4,2.33,0.0
2023-09-27,21.5,20.0,23.7,4.4,90.1,1.8,6.65,0.1
2023-09-28,22.7,19.6,27.3,,78.3,2.0,17.06,8.4
2023-09-29,21.1,17.4,26.9,,61.5,1.4,16.39,5.5
2023-09-30,19.7,17.1,22.2,4.5,77.0,2.2,7.45,1.6
2023-10-01,18.4,14.4,23.7,,59.5,2.4,20.05,10.4
2023-10-02,18.2,12.9,24.6,,53.8,1.7,19.93,10.3
2023-10-03,17.5,14.4,22.5,,66.3,1.7,9.4,3.0
2023-10-04,17.3,14.2,23.2,14.7,75.5,2.1,12.11,5.3
2023-10-05,14.2,9.9,19.2,,46.1,2.6,19.99,10.6
2023-10-06,15.5,9.6,21.5,,55.3,1.6,17.92,8.8
2023-10-07,16.8,11.7,21.2,,62.6,2.1,13.16,5.2
2023-10-08,17.1,15.2,19.5,0.0,67.1,2.5,5.92,0.0
2023-10-09,17.4,14.1,22.4,1.2,68.1,1.9,11.77,4.2
2023-10-10,17.1,11.9,23.5,,67.1,1.6,18.62,10.6
2023-10-11,17.6,12.9,24.0,,57.5,1.7,17.49,10.0
2023-10-12,17.5,12.0,24.1,,62.4,1.5,14.4,7.3
2023-10-13,17.5,14.3,21.5,,69.6,1.5,9.14,2.5
2023-10-14,14.7,12.9,18.2,5.8,84.9,1.4,6.54,2.5
2023-10-15,16.1,10.9,21.2,,80.0,2.0,13.73,6.1
2023-10-16,14.7,10.7,19.6,,57.0,2.4,18.0,10.4
2023-10-17,13.8,7.5,20.9,,55.6,1.6,17.85,10.4
2023-10-18,15.7,9.2,21.6,,67.0,2.1,14.37,8.3
2023-10-19,17.0,14.9,18.9,8.2,82.5,1.5,2.88,0.0
2023-10-20,11.6,7.2,15.1,,46.9,3.2,17.9,10.1
2023-10-21,10.4,5.9,16.6,1.1,54.8,2.3,16.7,8.6
2023-10-22,12.5,5.4,18.7,,67.3,1.7,14.58,8.6
2023-10-23,15.2,11.1,21.4,,73.8,1.7,12.64,6.5
2023-10-24,15.6,11.2,19.3,,78.5,1.7,9.34,3.7
2023-10-25,16.6,12.7,21.9,,78.6,1.4,11.4,6.0
2023-10-26,17.2,14.6,21.1,0.0,79.4,2.1,5.79,0.8
2023-10-27,15.7,12.6,20.2,,71.1,1.9,10.07,4.6
2023-10-28,14.2,9.4,20.7,,62.9,1.4,15.3,9.7
2023-10-29,14.9,9.8,21.8,,61.6,1.7,15.3,9.7
2023-10-30,15.1,9.7,21.9,,72.0,1.7,13.71,9.3
2023-10-31,16.5,12.7,20.8,,76.0,1.8,10.57,5.2
2023-11-01,19.0,17.2,20.6,0.0,81.8,2.4,2.23,0.0
2023-11-02,20.8,18.7,25.9,,70.9,2.9,12.86,8.0
2023-11-03,19.5,17.7,22.4,8.5,83.3,2.8,6.1,1.2
2023-11-04,17.4,14.1,20.9,,75.5,2.6,8.32,2.8
2023-11-05,17.3,15.1,20.4,10.4,87.0,3.3,3.75,0.0
2023-11-06,13.3,6.6,19.3,45.8,84.9,4.9,4.42,0.8
2023-11-07,5.8,3.6,9.9,0.0,62.5,3.2,14.34,8.4
2023-11-08,8.4,1.8,16.1,,55.1,1.7,13.65,9.4
2023-11-09,11.4,5.9,18.4,5.1,73.1,2.1,6.78,2.1
2023-11-10,3.4,0.5,9.1,,53.1,3.9,14.52,9.0
2023-11-11,1.7,-1.9,6.7,,47.9,2.2,10.9,7.0
2023-11-12,1.2,-2.0,5.7,,53.8,2.2,14.17,9.5
2023-11-13,2.0,-2.2,6.7,,54.0,2.3,14.18,9.5
2023-11-14,5.0,-0.8,10.8,,66.1,1.7,12.94,9.3
2023-11-15,7.0,2.0,12.5,,71.4,1.5,10.47,6.9
2023-11-16,6.6,5.7,7.4,8.4,85.0,1.9,1.09,0.0
2023-11-17,1.6,-1.9,5.9,0.0,59.3,2.9,7.42,5.0
2023-11-18,0.6,-3.8,5.7,,58.9,3.5,12.88,9.3
2023-11-19,5.9,-0.3,13.4,,68.3,2.4,7.79,5.4
2023-11-20,6.2,1.8,12.8,,58.4,1.5,12.93,9.3
2023-11-21,7.4,1.4,14.8,,59.6,1.7,12.57,9.3
2023-11-22,9.5,2.9,15.1,,68.1,1.8,10.28,6.5
2023-11-23,9.9,1.9,14.6,0.1,71.1,3.3,8.41,5.0
2023-11-24,-1.5,-4.4,2.2,,51.8,3.8,12.67,8.6
2023-11-25,-1.3,-5.9,4.0,,42.8,1.8,12.67,9.1
2023-11-26,4.0,-0.1,7.2,0.0,43.6,1.4,6.39,1.4
2023-11-27,6.2,4.4,9.3,3.6,82.9,2.4,2.35,0.9
2023-11-28,1.3,-1.2,5.2,,58.0,3.3,9.86,6.3
2023-11-29,-1.4,-4.0,3.0,,59.0,2.6,4.75,2.7
2023-11-30,-4.3,-7.3,-0.5,,48.5,2.8,12.44,9.2
2023-12-01,-3.2,-6.8,0.7,,55.3,2.0,12.2,9.2
2023-12-02,2.0,-4.4,8.0,0.0,60.8,2.4,8.25,4.0
2023-12-03,0.8,-2.8,6.0,,56.3,1.7,11.62,9.1
2023-12-04,2.7,-3.0,9.4,,59.5,1.6,10.39,8.2
2023-12-05,6.8,3.8,12.6,,55.4,2.0,8.09,6.8
2023-12-06,6.1,3.9,8.7,3.8,76.1,2.3,1.87,0.0
2023-12-07,6.6,0.8,11.4,,64.0,2.6,9.35,6.7
2023-12-08,11.2,5.1,16.8,,73.4,3.0,7.54,5.3
2023-12-09,13.7,11.7,16.2,,82.9,2.0,4.05,0.8
2023-12-10,11.4,6.7,15.5,0.0,67.9,,,
2023-12-11,8.9,5.0,12.3,11.4,82.9,,1.54,0.0
2023-12-12,5.4,3.5,9.3,0.4,75.6,2.7,6.08,3.5
2023-12-13,6.8,2.6,10.3,,74.1,2.4,6.06,2.3
2023-12-14,7.6,6.2,9.1,17.0,85.8,4.5,1.46,0.0
2023-12-15,4.9,3.7,6.2,31.1,95.4,3.6,1.48,0.0
2023-12-16,-4.1,-9.9,3.8,1.5,68.9,5.2,8.49,4.6
2023-12-17,-9.8,-12.4,-6.4,,48.9,3.2,11.81,9.0
2023-12-18,-7.7,-12.2,-3.6,,45.1,2.2,7.01,4.1
2023-12-19,-3.7,-8.2,0.2,0.3,63.1,1.9,5.77,0.8
2023-12-20,-7.4,-11.9,-2.1,0.8,64.1,3.4,9.07,6.0
2023-12-21,-11.7,-14.4,-8.0,,57.4,3.0,11.49,9.0
2023-12-22,-11.6,-14.7,-8.0,,51.8,2.7,11.56,9.1
2023-12-23,-6.8,-12.7,-0.9,,53.4,1.8,10.84,8.9
2023-12-24,-2.2,-5.6,3.0,1.1,73.4,1.6,10.09,6.9
2023-12-25,-0.7,-2.7,2.1,0.7,80.8,1.5,4.14,1.7
2023-12-26,1.9,-2.6,7.2,,72.9,1.8,9.17,7.5
2023-12-27,1.5,-2.8,6.8,,76.6,1.4,9.47,8.2
2023-12-28,1.2,-1.7,4.4,,69.5,1.6,9.25,8.1
2023-12-29,1.3,-1.5,4.6,,71.0,1.7,5.43,1.8
2023-12-30,0.6,-0.9,2.1,13.1,92.0,2.6,0.69,0.0
2023-12-31,2.1,0.6,4.3,4.7,95.5,2.0,3.06,0.6
2024-01-01,3.3,-0.3,7.3,0.0,83.4,1.7,7.44,4.3
2024-01-02,2.9,2.2,4.3,0.0,72.6,1.6,3.87,0.3
2024-01-03,1.8,-1.1,4.0,0.6,80.4,1.6,3.32,1.2
2024-01-04,1.4,-3.3,4.7,,74.3,1.9,5.22,0.5
2024-01-05,5.0,1.4,9.1,0.0,77.1,2.3,7.77,5.7
2024-01-06,0.7,-2.7,5.2,2.4,63.9,2.2,11.42,8.7
2024-01-07,-4.4,-8.3,-0.9,,57.4,3.1,12.13,9.1
2024-01-08,-4.7,-10.3,0.0,,57.8,1.8,11.65,8.3
2024-01-09,-0.6,-1.9,0.4,1.6,84.0,2.0,1.48,0.0
2024-01-10,-1.0,-4.1,3.3,,85.9,1.7,7.81,5.0
2024-01-11,1.7,-2.4,4.5,,80.6,1.9,4.58,0.4
2024-01-12,0.9,-1.4,4.2,,61.6,2.3,11.77,8.9
2024-01-13,0.4,-3.8,6.4,,44.3,1.4,12.05,9.1
2024-01-14,-0.6,-3.3,2.4,3.1,74.5,2.1,1.28,0.7
2024-01-15,-3.7,-6.9,0.9,,51.3,2.5,12.82,9.2
2024-01-16,-2.1,-7.2,4.3,,49.8,1.5,11.86,8.3
2024-01-17,0.6,-2.3,1.9,9.7,78.5,2.0,1.9,0.0
2024-01-18,4.5,1.4,9.4,0.5,81.5,2.4,9.86,6.3
2024-01-19,5.4,4.0,9.0,,65.4,4.5,10.29,7.1
2024-01-20,3.4,1.9,4.9,0.4,69.5,5.3,2.74,0.0
2024-01-21,1.7,-2.4,4.3,0.4,75.8,2.5,3.57,0.0
2024-01-22,-8.7,-11.9,-2.4,0.2,65.6,4.1,8.49,3.6
2024-01-23,-11.7,-14.0,-8.2,,53.6,3.9,13.53,9.1
2024-01-24,-8.0,-11.2,-3.7,,52.0,3.3,13.63,9.3
2024-01-25,-5.3,-9.7,-0.5,,47.8,2.1,13.57,9.4
2024-01-26,-1.7,-6.9,4.0,,62.5,1.9,12.68,9.4
2024-01-27,-0.5,-4.6,4.6,,70.0,1.8,12.43,8.0
2024-01-28,-1.5,-5.0,3.8,,62.3,1.9,12.52,8.0
2024-01-29,-0.4,-4.8,4.6,,66.6,1.7,12.65,9.2
2024-01-30,1.4,-4.0,8.1,,59.3,1.4,12.73,9.4
2024-01-31,4.7,0.7,10.6,,54.1,1.9,12.65,8.9
2024-02-01,2.4,-1.3,8.2,,64.9,2.1,10.12,6.8
2024-02-02,3.1,0.7,7.9,,65.5,2.1,10.3,4.4
2024-02-03,4.7,-0.2,8.3,0.0,63.9,2.2,6.77,1.0
2024-02-04,7.3,3.7,12.2,,60.9,1.8,10.88,4.6
2024-02-05,2.7,0.1,6.6,3.9,81.8,5.0,3.47,0.0
2024-02-06,1.2,0.0,2.9,0.2,83.5,2.2,4.49,0.0
2024-02-07,0.6,-0.9,2.7,0.0,76.6,2.1,3.61,0.0
2024-02-08,0.6,-3.0,6.2,,66.9,1.6,13.96,9.2
2024-02-09,1.1,-2.5,6.1,,66.8,2.2,12.47,6.9
2024-02-10,1.7,-1.5,7.4,,69.4,1.9,11.32,5.6
2024-02-11,1.0,-3.1,5.5,0.0,70.6,2.2,10.38,5.6
2024-02-12,3.5,-2.9,10.5,,62.8,1.8,15.35,9.7
2024-02-13,8.2,2.0,13.7,,70.6,2.5,10.98,5.5
2024-02-14,12.9,8.8,18.3,,76.4,2.2,10.39,4.0
2024-02-15,4.5,0.6,11.6,10.9,89.9,2.9,2.71,0.9
2024-02-16,2.3,-1.5,8.1,,72.4,1.8,13.32,7.9
2024-02-17,4.4,-1.2,11.7,,73.5,1.7,15.33,8.7
2024-02-18,6.2,1.2,9.4,17.1,81.4,2.8,3.01,1.1
2024-02-19,9.1,4.2,11.9,8.9,95.8,2.3,1.37,0.0
2024-02-20,4.3,2.8,6.8,2.6,86.3,3.4,2.34,0.0
2024-02-21,1.9,0.0,4.0,17.8,92.5,5.2,2.77,0.0
2024-02-22,0.2,-1.1,1.6,8.8,84.5,4.2,4.5,0.0
2024-02-23,1.8,-1.0,6.1,0.4,68.8,3.5,15.28,5.8
2024-02-24,2.0,-1.3,5.9,2.3,68.6,2.9,12.07,5.5
2024-02-25,2.8,0.8,5.9,1.8,80.8,2.0,7.55,0.9
2024-02-26,3.8,-1.2,9.7,,65.3,1.9,14.98,6.8
2024-02-27,5.3,1.2,9.8,,52.0,3.0,13.06,5.5
2024-02-28,6.4,3.2,10.1,,59.5,2.1,10.2,1.7
2024-02-29,4.8,0.3,9.6,,63.6,2.2,7.01,1.2
2024-03-01,-4.1,-7.1,0.3,,38.9,4.4,20.33,10.6
2024-03-02,-0.5,-8.1,4.1,0.0,60.4,3.2,13.21,5.8
2024-03-03,4.0,0.4,7.8,,71.5,2.9,13.52,6.6
2024-03-04,5.4,-1.8,11.7,,45.5,1.6,17.79,9.5
2024-03-05,8.0,5.5,11.0,,45.1,2.9,6.29,0.1
2024-03-06,6.2,2.5,10.3,,58.8,2.8,10.31,2.3
2024-03-07,3.9,1.2,8.2,2.1,62.4,3.0,8.77,2.5
2024-03-08,2.1,-0.7,6.5,,50.6,3.4,19.91,10.4
2024-03-09,2.0,-2.1,7.1,,50.8,2.7,21.15,10.9
2024-03-10,4.2,-1.8,10.6,,54.0,2.1,20.38,10.9
2024-03-11,6.2,2.0,10.8,,62.3,,,
2024-03-12,6.6,4.4,10.0,2.1,78.0,,0.3,0.0
2024-03-13,6.5,1.3,12.0,,57.6,2.7,20.78,10.9
2024-03-14,8.5,3.4,15.4,,58.3,,,
2024-03-15,8.9,4.0,14.5,,68.5,2.3,20.18,10.6
2024-03-16,10.9,4.4,18.3,,54.5,2.1,18.28,8.3
2024-03-17,8.8,5.4,12.2,0.1,48.0,3.7,18.59,8.7
2024-03-18,7.1,1.4,13.2,,28.6,2.4,21.33,10.6
2024-03-19,6.7,3.9,9.8,0.2,60.8,3.7,9.63,2.7
2024-03-20,4.4,1.2,8.7,,46.5,3.4,19.09,9.0
2024-03-21,5.0,-1.2,11.5,,46.5,2.0,22.43,11.3
2024-03-22,10.4,3.8,15.2,5.4,57.0,3.4,10.25,3.5
2024-03-23,13.0,9.3,18.2,0.1,66.0,2.3,19.2,8.2
2024-03-24,16.2,10.5,23.4,,42.5,2.4,19.89,8.1
2024-03-25,10.6,6.7,14.5,5.1,63.0,4.0,4.68,0.0
2024-03-26,7.4,3.2,12.4,11.5,77.3,2.6,13.76,2.3
2024-03-27,10.4,4.4,16.2,,68.4,2.0,18.46,8.8
2024-03-28,10.3,7.8,12.2,1.9,81.8,1.8,4.13,0.0
2024-03-29,7.6,5.0,12.3,1.4,73.0,2.8,6.68,2.5
2024-03-30,8.8,3.0,15.6,,56.5,2.4,16.07,5.4
2024-03-31,10.6,3.4,17.7,,39.9,1.9,22.79,10.1
2024-04-01,12.2,5.5,19.0,,32.0,1.8,23.72,11.5
2024-04-02,15.4,7.0,23.9,,37.5,2.0,21.69,9.5
2024-04-03,16.6,13.9,19.7,0.0,55.9,1.8,7.18,0.3
2024-04-04,15.5,12.4,20.3,,52.1,2.9,15.47,3.6
2024-04-05,14.0,10.2,18.8,,51.3,2.5,17.11,6.2
2024-04-06,12.7,8.0,18.9,,48.6,1.9,17.49,6.6
2024-04-07,14.8,7.7,23.4,,33.4,2.0,23.4,11.4
2024-04-08,16.2,11.0,22.8,,46.5,2.1,14.44,2.0
2024-04-09,15.3,10.6,20.8,,32.4,3.5,25.68,11.9
2024-04-10,13.8,10.2,18.5,,62.6,2.6,15.38,3.9
2024-04-11,15.5,11.7,21.1,0.0,61.0,1.8,14.28,4.0
2024-04-12,17.2,12.0,24.2,,59.6,2.1,23.59,9.8
2024-04-13,19.1,11.2,27.3,,52.4,1.9,25.65,12.1
2024-04-14,20.8,13.6,29.4,,47.1,1.9,24.93,11.7
2024-04-15,16.0,11.7,20.0,17.1,77.4,2.5,3.18,0.0
2024-04-16,13.3,11.5,17.9,2.3,82.6,2.5,13.45,3.7
2024-04-17,15.0,9.7,21.8,,65.3,2.2,23.2,10.3
2024-04-18,17.3,10.7,24.9,,53.3,2.2,25.45,11.7
2024-04-19,17.6,11.5,24.3,,51.8,2.1,23.5,10.4
2024-04-20,14.9,13.0,17.2,4.8,77.3,3.0,4.46,0.0
2024-04-21,17.2,13.3,21.7,,65.5,3.8,11.86,1.0
2024-04-22,18.8,15.0,24.1,,49.4,3.1,19.34,4.6
2024-04-23,17.3,13.2,24.2,0.0,55.0,3.6,19.16,6.0
2024-04-24,13.2,11.0,16.5,9.0,80.1,3.0,9.53,1.9
2024-04-25,14.4,10.3,20.8,,75.6,1.9,18.59,6.2
2024-04-26,17.8,11.4,26.0,,61.1,1.9,23.74,10.7
2024-04-27,18.2,11.5,26.2,,56.4,1.9,28.23,12.5
2024-04-28,20.7,13.0,28.9,,53.5,1.6,25.14,11.4
2024-04-29,20.9,16.9,26.1,,48.0,3.0,21.36,8.8
2024-04-30,18.6,16.0,22.5,,62.5,2.2,17.95,5.5
2024-05-01,18.5,13.9,24.0,,46.0,2.4,26.05,9.8
2024-05-02,18.1,12.4,23.7,,48.4,2.4,28.72,12.8
2024-05-03,19.7,12.2,27.9,,46.9,1.9,28.28,12.8
2024-05-04,21.4,14.6,28.5,0.0,44.8,1.9,26.61,12.5
2024-05-05,17.8,15.7,20.6,48.3,87.4,2.5,2.17,0.0
2024-05-06,13.9,13.4,15.7,12.3,92.9,3.1,2.71,0.0
2024-05-07,13.3,12.2,15.0,2.4,77.3,3.0,4.75,0.0
2024-05-08,14.7,9.0,21.4,,58.8,2.3,27.21,11.0
2024-05-09,16.1,10.9,21.8,,63.6,2.9,27.17,12.8
2024-05-10,17.9,12.5,23.8,,55.6,2.6,28.02,12.5
2024-05-11,17.0,14.0,22.0,31.7,80.0,3.5,5.72,0.1
2024-05-12,16.6,11.9,21.6,,65.0,2.7,28.91,11.4
2024-05-13,18.3,11.9,24.5,,51.9,2.3,30.09,13.1
2024-05-14,18.8,12.7,24.7,,43.3,2.4,30.02,13.0
2024-05-15,12.6,7.2,18.8,20.6,74.3,2.7,8.35,3.1
2024-05-16,13.7,6.9,19.8,0.1,61.3,3.1,31.35,13.1
2024-05-17,18.3,10.8,24.9,,63.6,2.2,24.4,10.8
2024-05-18,20.7,16.0,26.5,,65.3,2.0,26.88,11.3
2024-05-19,21.5,15.9,27.9,,63.1,1.9,28.99,12.6
2024-05-20,19.4,16.8,22.8,,75.0,2.3,11.45,0.5
2024-05-21,21.7,16.3,28.3,,68.1,1.9,26.37,9.4
2024-05-22,20.5,16.4,25.5,,68.9,2.3,27.4,10.0
2024-05-23,20.2,15.8,26.4,,67.9,2.5,30.1,12.7
2024-05-24,20.1,15.7,24.7,,75.1,2.1,20.51,4.7
2024-05-25,21.4,18.7,24.7,,62.8,1.8,17.34,2.3
2024-05-26,19.9,17.0,23.7,8.7,74.3,2.7,10.2,3.1
2024-05-27,18.5,14.1,22.6,,63.4,3.3,26.89,9.9
2024-05-28,20.4,14.3,26.1,,54.8,2.5,27.55,11.1
2024-05-29,21.2,15.4,26.8,,51.6,2.1,29.38,13.2
2024-05-30,20.7,16.2,24.6,,49.1,1.6,12.97,0.6
2024-05-31,20.4,16.9,25.4,1.0,60.0,2.6,30.31,11.8
2024-06-01,20.7,17.5,25.2,0.0,61.3,2.8,27.02,9.4
2024-06-02,20.4,15.7,25.8,,51.9,2.7,28.7,12.4
2024-06-03,22.2,15.7,28.7,,47.4,2.4,29.95,11.2
2024-06-04,22.8,16.3,29.3,,42.1,2.4,31.17,13.5
2024-06-05,23.6,18.1,30.1,,53.9,1.9,25.14,10.4
2024-06-06,24.1,19.3,31.4,,54.3,2.0,24.47,9.3
2024-06-07,23.1,18.3,28.0,0.8,54.3,1.9,20.41,7.1
2024-06-08,20.3,17.9,25.0,16.9,79.5,1.6,9.7,2.5
2024-06-09,22.9,17.4,28.8,,68.9,1.8,28.38,12.3
2024-06-10,24.7,19.0,31.1,,66.3,2.2,26.57,11.9
2024-06-11,25.4,21.7,31.6,,62.4,2.4,27.17,10.2
2024-06-12,24.8,19.2,31.8,,60.8,2.1,27.73,11.3
2024-06-13,26.4,20.0,32.8,,51.4,1.8,29.8,13.3
2024-06-14,26.3,21.4,33.0,,56.0,2.3,24.24,9.1
2024-06-15,24.2,21.8,28.2,6.1,72.3,1.9,15.71,3.4
2024-06-16,24.3,19.9,29.5,,58.4,2.8,30.02,13.2
2024-06-17,24.8,18.9,30.2,,48.4,2.4,28.17,13.1
2024-06-18,26.0,20.4,32.9,,59.5,2.1,29.22,13.4
2024-06-19,28.8,21.4,35.8,,54.3,1.6,28.25,13.0
2024-06-20,29.4,23.4,35.4,,45.1,2.0,25.99,12.1
2024-06-21,28.1,22.9,33.9,,49.8,2.0,24.75,10.3
2024-06-22,24.2,22.6,26.1,16.5,80.6,2.0,3.59,0.0
2024-06-23,25.1,22.5,30.1,5.1,79.5,2.2,18.84,3.8
2024-06-24,24.3,21.2,27.9,0.0,70.4,2.9,19.62,7.0
2024-06-25,22.9,19.1,27.2,,61.9,3.0,25.24,10.7
2024-06-26,24.9,18.9,31.6,,61.0,1.9,27.64,12.3
2024-06-27,26.3,20.6,31.6,,55.0,1.6,23.84,9.3
2024-06-28,26.6,21.3,32.5,,54.6,2.1,28.84,13.2
2024-06-29,26.7,21.6,32.3,38.3,65.1,2.2,20.46,6.9
2024-06-30,23.5,22.0,24.9,32.2,88.5,3.7,3.89,0.0
2024-07-01,26.3,22.0,31.3,,69.1,1.8,24.69,8.3
2024-07-02,23.2,21.9,25.2,65.1,90.0,2.8,1.93,0.0
2024-07-03,24.7,23.6,25.9,0.8,80.3,3.6,8.91,0.6
2024-07-04,26.8,23.2,30.6,3.6,74.8,3.0,18.81,3.4
2024-07-05,23.4,21.3,26.1,4.1,80.5,3.3,11.25,1.4
2024-07-06,25.1,22.1,30.0,2.8,84.1,3.2,6.84,0.1
2024-07-07,24.4,21.5,28.2,28.7,85.1,1.8,11.09,0.6
2024-07-08,23.8,23.1,24.5,21.1,93.4,1.8,3.36,0.0
2024-07-09,24.5,22.7,26.7,0.3,86.9,1.8,7.77,0.1
2024-07-10,26.6,22.7,31.1,1.4,77.1,2.2,20.04,7.1
2024-07-11,25.7,23.3,28.9,,79.6,2.1,21.74,5.9
2024-07-12,25.6,21.8,30.2,,79.5,1.6,13.33,3.7
2024-07-13,28.1,23.5,33.3,0.0,70.0,1.9,23.54,9.9
2024-07-14,28.4,24.9,32.1,0.4,65.9,2.4,22.34,7.6
2024-07-15,28.4,24.5,31.3,0.0,64.6,2.4,18.13,6.3
2024-07-16,27.0,24.6,30.7,17.0,78.4,2.3,12.32,4.2
2024-07-17,25.4,24.1,28.1,98.8,91.6,2.5,3.48,0.1
2024-07-18,24.3,23.1,25.6,128.8,95.3,2.2,2.47,0.0
2024-07-19,27.0,24.2,30.8,0.1,80.1,2.2,21.69,6.4
2024-07-20,27.2,25.1,30.6,14.9,80.4,2.7,13.42,1.9
2024-07-21,26.5,22.5,29.8,8.5,83.6,3.6,11.48,1.5
2024-07-22,26.6,24.3,27.9,79.9,89.0,3.1,4.09,0.0
2024-07-23,26.4,25.8,27.3,2.0,87.9,3.2,4.92,0.0
2024-07-24,28.1,26.0,30.9,14.7,85.0,2.6,15.31,3.0
2024-07-25,28.8,25.4,32.2,25.3,79.8,1.8,14.15,2.4
2024-07-26,28.7,25.2,32.7,5.5,81.9,2.3,18.29,6.7
2024-07-27,28.9,27.5,31.7,33.5,83.6,1.7,12.73,1.7
2024-07-28,29.2,27.3,32.2,0.0,76.0,3.2,18.33,5.1
2024-07-29,27.4,26.8,27.8,0.0,84.0,3.8,2.61,0.0
2024-07-30,28.6,26.3,31.9,,78.8,2.8,15.95,3.6
2024-07-31,29.4,27.0,33.3,,74.5,2.6,17.42,4.7
2024-08-01,29.9,27.3,33.2,0.3,75.5,2.6,14.95,3.6
2024-08-02,29.6,28.2,32.5,,79.4,2.6,10.36,2.4
2024-08-03,30.2,27.2,34.2,,75.0,2.2,21.64,7.8
2024-08-04,31.8,27.3,36.2,,69.3,1.6,24.4,10.9
2024-08-05,30.0,26.9,33.7,1.3,75.5,1.9,12.92,3.4
2024-08-06,29.5,25.6,33.5,0.0,74.8,1.9,18.84,6.2
2024-08-07,29.6,27.2,33.4,3.4,72.0,1.7,20.7,7.6
2024-08-08,28.5,26.9,31.6,0.0,77.5,1.6,10.94,2.4
2024-08-09,29.3,25.6,33.6,,74.1,1.6,15.55,6.0
2024-08-10,30.0,26.4,33.6,,70.8,1.7,15.76,4.3
2024-08-11,30.8,27.8,34.4,,67.8,1.8,17.14,4.4
2024-08-12,31.1,28.2,34.1,,70.5,1.9,13.51,4.1
2024-08-13,31.3,28.1,36.4,0.0,70.0,1.8,20.81,7.5
2024-08-14,30.0,27.3,34.9,3.0,73.0,1.9,12.59,4.7
2024-08-15,29.2,26.7,34.6,6.4,74.6,1.8,15.98,4.1
2024-08-16,29.8,26.8,34.3,0.0,69.4,2.0,17.24,6.7
2024-08-17,29.8,27.2,34.0,11.0,71.0,1.7,14.73,5.3
2024-08-18,29.5,27.0,33.9,0.0,73.8,2.0,17.64,6.4
2024-08-19,29.7,26.3,35.3,2.3,72.3,1.9,20.08,7.1
2024-08-20,31.4,27.0,35.4,0.0,68.3,2.3,19.09,7.7
2024-08-21,28.4,26.9,30.8,42.2,85.9,3.2,4.68,0.0
2024-08-22,28.6,27.1,30.3,0.6,79.9,3.4,7.27,1.8
2024-08-23,28.4,26.4,31.8,0.0,73.5,2.7,17.48,5.6
2024-08-24,27.6,25.1,30.9,2.0,78.8,1.4,12.04,2.4
2024-08-25,28.5,24.9,32.7,,76.6,1.4,15.82,5.1
2024-08-26,28.1,25.6,30.6,0.0,77.8,1.5,8.21,0.3
2024-08-27,26.5,24.6,30.3,0.3,69.8,1.9,10.04,3.7
2024-08-28,28.2,23.0,33.2,,62.1,2.9,23.98,11.5
2024-08-29,28.4,23.4,33.5,,61.0,3.1,24.86,12.0
2024-08-30,28.0,23.7,32.9,,64.0,2.4,24.53,12.0
2024-08-31,27.6,22.6,33.0,,65.6,1.9,24.15,12.0
2024-09-01,27.1,24.6,31.6,,64.9,2.0,20.05,6.9
2024-09-02,24.5,22.2,26.9,2.7,73.6,2.6,5.82,0.1
2024-09-03,27.0,23.2,32.0,,54.5,2.9,20.85,7.4
2024-09-04,27.9,23.2,33.3,,61.4,2.2,22.99,10.6
2024-09-05,26.3,25.6,28.8,6.9,79.1,2.4,6.91,0.9
2024-09-06,24.0,23.3,25.7,0.7,79.3,2.6,4.41,0.0
2024-09-07,26.5,22.8,31.3,0.0,68.9,1.9,18.81,7.6
2024-09-08,27.2,22.6,32.8,,69.6,1.6,20.01,9.1
2024-09-09,28.5,24.1,34.1,,69.0,1.9,16.38,6.0
2024-09-10,29.4,25.6,33.9,,67.3,1.8,17.2,9.0
2024-09-11,29.0,25.4,34.6,0.4,71.5,1.8,12.49,5.2
2024-09-12,25.4,24.8,27.1,32.7,91.5,2.1,3.78,0.0
2024-09-13,25.9,24.2,28.0,7.6,91.4,2.2,4.86,0.0
2024-09-14,28.0,25.2,32.2,0.0,80.3,1.7,14.61,5.1
2024-09-15,27.5,24.2,32.4,,73.6,2.8,18.89,8.2
2024-09-16,26.8,21.3,32.2,9.5,74.0,2.8,17.09,6.2
2024-09-17,28.6,25.8,33.2,,77.0,1.7,14.62,3.5
2024-09-18,29.4,26.5,33.6,0.7,76.8,1.6,17.53,6.5
2024-09-19,29.1,25.6,32.6,,77.4,1.7,11.47,1.4
2024-09-20,25.0,17.9,28.6,54.5,89.8,2.4,3.58,0.1
2024-09-21,19.3,17.1,21.9,27.0,82.3,4.3,6.31,0.0
2024-09-22,21.0,16.9,26.7,,67.4,2.7,19.34,7.2
2024-09-23,20.8,16.6,26.1,,58.3,3.1,22.31,11.4
2024-09-24,21.0,15.6,26.9,,57.9,2.2,22.03,11.1
2024-09-25,23.3,18.6,27.3,0.0,65.6,1.7,13.51,6.1
2024-09-26,23.6,21.1,28.0,1.2,75.1,1.6,14.01,5.9
2024-09-27,22.7,19.1,28.0,,72.8,2.4,16.45,7.9
2024-09-28,23.2,19.2,27.9,,59.3,3.4,18.07,8.2
2024-09-29,23.5,19.1,29.0,,61.5,2.7,18.06,7.3
2024-09-30,23.0,18.3,28.5,,63.0,2.1,16.77,8.0
2024-10-01,18.3,13.3,21.7,2.5,67.5,2.5,7.73,2.2
2024-10-02,14.9,11.6,19.9,,48.8,2.5,20.66,9.5
2024-10-03,16.4,10.8,22.5,,59.0,1.9,15.9,7.3
2024-10-04,17.6,11.9,24.2,,60.0,1.8,20.32,10.9
2024-10-05,17.5,11.6,24.4,,60.4,1.6,17.31,9.7
2024-10-06,15.4,12.3,17.9,0.0,73.5,1.4,3.65,0.0
2024-10-07,16.9,14.0,20.7,,73.9,1.3,9.33,1.8
2024-10-08,17.7,12.7,23.9,,73.9,1.8,14.54,6.8
2024-10-09,18.8,13.9,24.4,,64.1,2.3,16.61,8.1
2024-10-10,18.8,15.3,24.1,0.0,66.3,1.9,13.91,6.3
2024-10-11,18.6,13.9,24.4,,68.8,1.8,16.05,9.5
2024-10-12,18.3,13.4,24.7,,60.6,1.5,18.19,10.4
2024-10-13,18.3,12.6,22.6,,67.0,2.0,11.43,4.7
2024-10-14,19.3,17.6,21.5,0.0,70.3,1.9,4.71,0.0
2024-10-15,19.2,17.6,21.9,0.5,85.0,1.8,4.59,0.0
2024-10-16,18.2,14.4,24.2,,76.9,1.5,13.84,6.8
2024-10-17,19.0,13.8,25.7,,70.4,1.7,14.7,7.5
2024-10-18,17.4,16.2,18.8,47.1,86.1,2.5,1.54,0.0
2024-10-19,16.6,12.4,21.1,1.0,75.0,3.3,8.19,2.1
2024-10-20,13.4,10.5,17.8,,56.0,3.7,17.47,10.0
2024-10-21,14.8,9.7,19.3,0.0,66.4,2.3,8.92,1.1
2024-10-22,15.5,14.9,16.6,20.6,90.8,2.0,1.27,0.0
2024-10-23,12.7,9.4,15.5,2.3,75.3,3.7,9.76,2.9
2024-10-24,12.5,7.1,18.4,,71.4,1.8,16.03,9.9
2024-10-25,14.9,8.7,21.5,,64.1,1.7,14.88,7.9
2024-10-26,17.0,10.7,24.0,,68.3,1.8,16.04,9.7
2024-10-27,16.0,14.0,18.8,0.0,79.4,1.6,5.27,0.2
2024-10-28,15.7,12.3,20.4,0.0,75.9,2.1,8.92,1.9
2024-10-29,15.0,13.4,18.3,0.0,64.6,2.3,6.22,0.2
2024-10-30,15.7,11.4,21.4,,71.3,1.6,14.75,9.6
2024-10-31,15.9,11.0,22.6,,67.8,1.4,14.38,9.4
2024-11-01,15.3,12.9,18.7,,70.8,1.4,5.83,0.1
2024-11-02,18.1,13.0,25.1,,58.9,1.9,14.31,9.6
2024-11-03,17.6,13.0,23.5,0.0,71.1,2.4,13.13,8.2
2024-11-04,14.8,8.9,18.3,0.1,62.0,2.9,11.74,6.7
2024-11-05,9.1,5.6,14.7,,49.8,2.1,13.47,8.8
2024-11-06,7.5,4.1,12.5,,46.1,2.5,14.98,9.7
2024-11-07,7.8,1.6,15.7,,48.1,1.5,14.42,9.7
2024-11-08,10.2,3.1,18.1,,50.8,1.5,13.87,9.6
2024-11-09,12.9,6.8,20.3,,55.8,1.4,13.18,8.9
2024-11-10,14.4,10.3,21.0,,64.0,1.8,11.42,6.8
2024-11-11,14.6,9.7,21.8,,64.5,1.2,12.95,9.3
2024-11-12,14.3,11.0,19.2,,66.8,2.2,13.02,9.3
2024-11-13,14.2,8.3,21.3,,62.9,1.7,12.26,8.6
2024-11-14,14.8,13.2,16.8,0.1,68.4,1.8,3.57,0.0
2024-11-15,17.0,13.7,21.5,0.0,65.1,1.8,9.84,5.5
2024-11-16,17.0,14.4,22.6,6.5,72.5,2.6,,
2024-11-17,7.0,2.1,14.4,,47.6,3.6,8.47,4.1
2024-11-18,2.8,-0.7,7.9,,30.9,2.3,13.68,9.3
2024-11-19,5.7,0.3,11.3,,49.5,2.0,9.9,7.4
2024-11-20,6.5,2.4,9.6,,65.8,1.3,3.75,0.3
2024-11-21,9.7,6.0,14.1,0.0,71.9,2.2,6.57,3.2
2024-11-22,6.2,3.3,10.6,,48.0,2.2,12.57,9.2
2024-11-23,6.4,1.5,12.6,,47.1,1.7,11.87,9.2
2024-11-24,7.4,2.6,14.2,,58.4,1.6,11.89,9.1
2024-11-25,10.1,3.6,15.4,0.0,57.6,2.5,9.9,6.8
2024-11-26,5.8,1.0,12.7,26.0,86.4,3.4,4.35,0.9
2024-11-27,-0.4,-1.3,1.2,22.4,90.6,1.4,0.82,0.3
2024-11-28,0.8,-1.7,3.4,4.9,82.0,1.8,8.16,4.5
2024-11-29,0.2,-3.4,3.4,0.0,76.3,1.5,8.35,5.4
2024-11-30,2.5,-0.5,5.6,0.0,81.6,1.8,4.74,2.4
2024-12-01,5.2,1.6,8.2,0.5,89.3,2.4,7.01,2.4
2024-12-02,6.4,0.6,13.0,0.0,79.9,2.2,5.09,2.3
2024-12-03,1.3,-2.4,5.2,0.0,48.6,2.4,11.61,8.9
2024-12-04,3.1,-0.6,6.9,0.0,52.1,2.1,11.12,8.9
2024-12-05,3.9,-0.1,8.8,1.8,62.8,2.3,9.89,6.7
2024-12-06,2.1,-0.4,5.2,,49.3,2.5,11.69,9.1
2024-12-07,0.2,-2.5,4.6,,56.9,2.5,10.86,7.2
2024-12-08,-0.2,-3.9,4.1,,46.5,2.2,11.62,9.1
2024-12-09,1.0,-3.8,7.4,,56.1,1.6,10.61,8.3
2024-12-10,2.6,-1.9,6.9,,58.9,1.9,10.52,8.4
2024-12-11,3.0,0.2,8.2,,50.3,1.6,8.65,6.9
2024-12-12,0.5,-3.2,5.4,,45.8,2.1,10.06,6.7
2024-12-13,1.0,-1.5,4.5,,42.1,2.2,7.14,5.2
2024-12-14,-0.8,-3.6,2.5,,51.0,2.2,11.11,9.0
2024-12-15,1.2,-2.2,5.4,0.0,54.1,2.4,8.76,6.0
2024-12-16,-0.2,-3.3,3.9,0.0,65.9,1.2,5.61,3.8
2024-12-17,-0.8,-3.5,3.8,,51.8,2.2,8.26,6.2
2024-12-18,-3.4,-6.2,0.9,,47.1,2.2,11.38,9.0
2024-12-19,-1.4,-6.7,4.9,,47.4,1.5,10.53,8.2
2024-12-20,1.4,-2.1,5.3,0.4,60.9,2.0,4.9,1.4
2024-12-21,-0.7,-4.7,1.9,2.9,74.1,2.8,4.03,2.0
2024-12-22,-3.4,-7.7,1.0,,52.9,2.1,11.47,9.0
2024-12-23,0.3,-5.0,6.7,,58.5,2.2,10.29,7.3
2024-12-24,-0.4,-4.3,5.1,,50.3,1.4,11.06,9.0
2024-12-25,2.7,-1.1,6.5,0.1,63.1,2.0,6.46,3.0
2024-12-26,0.1,-4.8,4.2,0.0,57.9,3.4,11.1,8.6
2024-12-27,-2.6,-5.9,1.8,0.0,51.4,2.7,9.29,7.3
2024-12-28,-3.0,-6.7,1.1,,48.3,2.5,11.01,8.3
2024-12-29,1.1,-4.2,6.1,,56.1,1.5,9.49,6.5
2024-12-30,5.5,1.9,10.1,0.0,68.5,2.3,6.29,2.6
2024-12-31,0.6,-2.0,4.9,0.0,45.8,2.6,11.57,9.0
2025-01-01,2.6,-2.5,8.9,,64.3,2.2,8.55,5.6
2025-01-02,0.5,-2.9,6.0,,48.8,2.1,11.03,9.0
2025-01-03,-1.1,-5.1,3.2,0.0,52.0,2.2,9.9,7.7
2025-01-04,-0.1,-5.4,5.7,,49.6,1.7,11.03,7.9
2025-01-05,1.2,-0.7,2.5,6.7,85.0,2.5,1.03,0.0
2025-01-06,1.0,-3.0,3.4,3.0,75.6,2.8,6.09,2.3
2025-01-07,-2.6,-5.7,1.5,0.1,53.5,2.7,10.13,7.0
2025-01-08,-3.4,-6.1,0.2,0.0,55.1,2.7,8.02,4.9
2025-01-09,-9.7,-11.6,-6.1,0.0,38.4,4.2,12.36,8.5
2025-01-10,-7.3,-12.2,-1.7,,48.0,1.6,12.17,9.2
2025-01-11,-5.1,-9.5,0.4,,57.4,1.7,11.74,9.1
2025-01-12,-3.4,-8.2,2.5,,59.9,1.8,9.9,7.7
2025-01-13,-0.4,-5.6,4.1,1.3,76.9,1.7,6.1,2.2
2025-01-14,2.3,-1.7,5.2,0.1,72.0,2.3,6.69,2.3
2025-01-15,-3.5,-5.3,-0.5,,40.8,2.9,12.74,9.2
2025-01-16,-0.5,-4.9,2.8,0.0,65.1,2.0,2.91,0.2
2025-01-17,-0.5,-4.9,5.6,,62.4,1.8,11.84,9.0
2025-01-18,1.0,-4.0,7.5,,54.1,1.6,10.75,7.9
2025-01-19,3.8,-1.2,9.0,,65.0,1.8,7.93,3.7
2025-01-20,3.9,0.9,7.5,0.0,73.1,1.7,7.55,3.8
2025-01-21,2.4,-1.0,6.3,,79.8,1.6,8.9,6.4
2025-01-22,3.6,0.5,7.7,,70.3,1.9,9.42,5.5
2025-01-23,2.0,-2.4,7.7,,54.3,1.6,13.06,9.3
2025-01-24,3.1,-2.7,10.6,,45.9,1.5,12.68,9.4
2025-01-25,5.2,1.2,11.4,,52.8,3.1,11.67,7.7
2025-01-26,4.6,1.8,7.5,,50.5,2.8,6.98,1.9
2025-01-27,0.2,-2.7,5.1,5.6,77.9,3.5,4.89,1.2
2025-01-28,-3.9,-5.3,-2.5,0.1,71.3,4.0,5.74,0.6
2025-01-29,-4.6,-6.4,-1.3,0.2,66.1,3.1,12.35,6.7
2025-01-30,-3.8,-7.5,-1.0,,46.6,1.6,8.01,2.7
2025-01-31,-0.8,-2.6,0.7,2.4,80.1,2.1,1.83,0.0
2025-02-01,1.6,-2.0,7.9,,74.3,1.6,11.15,7.3
2025-02-02,1.5,-2.5,6.8,0.0,67.1,2.0,12.04,7.8
2025-02-03,-4.1,-8.2,0.6,,48.8,4.2,15.08,9.6
2025-02-04,-9.0,-11.5,-5.3,,50.8,3.7,15.63,9.7
2025-02-05,-8.6,-11.8,-3.7,,49.1,3.2,12.04,6.8
2025-02-06,-5.6,-11.5,-0.2,2.3,59.9,1.7,11.43,5.9
2025-02-07,-8.0,-10.7,-4.7,0.4,60.1,3.9,14.93,7.6
2025-02-08,-7.9,-11.5,-3.4,,54.5,2.8,16.12,9.6
2025-02-09,-4.7,-9.6,1.7,,63.8,2.2,15.96,9.4
2025-02-10,-2.6,-7.5,2.6,0.0,61.0,2.1,13.55,7.2
2025-02-11,0.5,-5.7,7.0,,59.8,2.0,14.77,9.4
2025-02-12,0.5,-2.9,2.5,2.5,75.8,2.6,1.28,0.0
2025-02-13,0.2,-5.8,6.1,,53.1,2.2,16.5,9.6
2025-02-14,3.7,-1.6,10.1,,67.4,1.9,14.75,9.5
2025-02-15,4.1,0.4,7.8,,76.5,1.6,7.95,0.9
2025-02-16,4.3,0.4,9.7,,75.6,2.5,9.32,3.4
2025-02-17,-0.3,-3.4,3.5,,39.1,3.6,17.57,9.9
2025-02-18,-2.3,-5.2,2.6,,40.3,3.4,17.73,9.9
2025-02-19,-3.0,-5.8,1.2,,44.8,3.0,17.9,10.0
2025-02-20,-2.9,-6.5,1.9,,43.3,2.7,18.07,10.0
2025-02-21,-2.5,-6.4,2.6,,45.3,2.7,17.73,10.1
2025-02-22,-2.3,-5.6,2.7,,49.1,2.7,18.11,10.2
2025-02-23,-3.6,-6.5,0.5,,45.4,3.0,18.35,10.1
2025-02-24,-1.3,-6.3,4.7,,49.8,2.3,18.74,10.3
2025-02-25,2.1,-3.1,6.1,,72.6,2.9,11.46,5.4
2025-02-26,3.7,0.7,9.1,,49.4,2.6,18.43,9.6
2025-02-27,5.8,-2.0,14.2,,29.4,1.9,18.29,10.0
2025-02-28,7.8,3.7,13.7,,52.4,1.5,10.43,3.4
2025-03-01,8.5,3.4,13.0,0.6,68.5,2.0,7.53,1.7
2025-03-02,8.3,2.2,15.6,11.8,68.0,3.7,5.25,0.4
2025-03-03,3.1,1.0,7.1,10.4,63.5,6.3,16.28,6.6
2025-03-04,2.5,0.9,3.4,4.0,68.3,4.5,5.68,0.6
2025-03-05,4.8,2.3,9.2,0.0,63.3,2.2,9.18,1.6
2025-03-06,4.8,-0.4,10.4,,55.1,2.3,19.3,10.5
2025-03-07,5.3,0.0,11.1,,49.3,1.8,15.35,8.6
2025-03-08,5.8,2.8,11.2,,55.0,2.2,17.83,9.0
2025-03-09,6.9,1.2,13.5,,67.3,1.7,19.37,10.4
2025-03-10,8.0,2.4,14.9,,59.8,2.1,19.27,10.5
2025-03-11,9.4,2.9,16.6,,58.0,1.8,19.89,10.2
2025-03-12,8.5,6.7,11.8,0.0,72.3,2.1,5.68,0.1
2025-03-13,8.9,3.2,15.0,,54.6,2.4,18.93,10.5
2025-03-14,12.4,5.0,20.1,,31.4,1.8,20.11,9.7
2025-03-15,12.6,10.0,17.2,0.0,39.1,2.8,16.89,6.3
2025-03-16,4.9,1.3,10.1,0.8,56.3,3.6,9.76,3.9
2025-03-17,2.5,-1.3,6.8,0.4,46.0,2.9,19.33,9.5
2025-03-18,2.1,0.3,5.6,9.9,70.6,2.8,10.7,3.8
2025-03-19,2.4,-1.9,7.3,,49.5,2.4,22.71,11.3
2025-03-20,8.2,2.2,15.0,,62.8,2.7,18.04,7.3
2025-03-21,11.6,7.9,18.7,,61.3,2.9,20.44,9.5
2025-03-22,12.8,6.1,19.9,,53.8,2.7,21.44,11.1
2025-03-23,15.2,7.1,24.0,,49.0,1.9,19.96,8.9
2025-03-24,15.5,11.7,21.3,0.0,56.1,3.0,18.71,7.6
2025-03-25,12.7,8.4,21.4,,63.5,3.3,13.63,3.9
2025-03-26,15.5,6.0,23.9,,46.4,2.2,20.83,10.0
2025-03-27,13.7,7.1,18.6,0.3,65.1,3.2,8.16,1.9
2025-03-28,6.5,3.1,11.8,,41.6,3.7,21.46,7.8
2025-03-29,3.3,0.6,6.7,0.0,40.8,3.6,15.68,7.3
2025-03-30,3.3,-1.8,7.6,0.0,51.1,2.8,14.39,7.1
2025-03-31,7.7,1.2,14.1,,50.5,2.2,23.15,10.8
2025-04-01,10.1,3.9,17.0,,53.0,1.8,22.77,10.2
2025-04-02,8.9,5.2,14.4,0.0,55.4,2.4,12.07,4.6
2025-04-03,9.8,3.6,16.9,,58.6,2.4,23.81,11.6
2025-04-04,10.6,6.0,16.4,,54.5,2.2,23.53,10.4
2025-04-05,8.0,7.5,9.5,22.8,86.1,1.9,2.17,0.0
2025-04-06,10.3,6.9,15.7,0.0,67.3,2.8,22.7,9.6
2025-04-07,13.5,5.5,20.1,,54.5,2.7,23.67,11.3
2025-04-08,13.8,10.7,18.9,,55.0,3.1,23.34,9.2
2025-04-09,12.7,8.4,18.0,0.8,51.6,2.0,12.49,2.2
2025-04-10,13.2,8.8,19.1,0.0,60.6,2.2,22.16,9.7
2025-04-11,16.2,8.1,24.2,,51.8,2.0,25.16,11.8
2025-04-12,12.9,1.4,22.5,15.4,66.5,3.1,8.09,1.5
2025-04-13,5.5,1.1,8.2,4.2,71.1,4.2,12.47,3.7
2025-04-14,4.4,2.6,6.0,7.4,87.4,2.5,5.6,0.3
2025-04-15,8.2,2.3,14.0,,70.3,2.7,26.94,12.1
2025-04-16,14.6,6.4,21.9,,58.0,2.5,22.26,9.7
2025-04-17,19.7,15.8,24.7,,63.5,2.6,15.0,2.9
2025-04-18,18.6,15.4,23.7,0.0,67.9,2.4,15.19,5.0
2025-04-19,15.3,12.2,20.0,9.2,89.1,3.0,2.93,0.0
2025-04-20,16.7,9.5,24.1,,70.0,1.7,26.74,11.6
2025-04-21,20.7,14.2,27.1,,65.3,2.2,22.78,7.7
2025-04-22,17.8,14.2,20.4,34.8,87.8,1.5,3.12,0.0
2025-04-23,16.8,10.9,22.9,,62.4,2.5,26.28,12.5
2025-04-24,14.7,10.7,19.6,,52.4,3.1,27.27,12.2
2025-04-25,12.5,7.7,17.8,,38.4,3.0,27.87,12.5
2025-04-26,13.8,7.2,20.0,,53.1,2.8,27.29,12.0
2025-04-27,14.9,10.7,19.1,,46.4,2.8,18.58,6.3
2025-04-28,15.1,10.3,20.2,,45.6,2.7,27.28,12.5
2025-04-29,14.8,8.2,21.0,,34.1,2.3,28.09,12.8
2025-04-30,18.4,10.0,25.8,,36.3,2.6,27.73,12.0
2025-05-01,14.7,11.3,17.6,21.1,69.6,2.2,2.15,0.0
2025-05-02,13.4,8.2,18.5,0.0,59.3,3.1,24.67,9.1
2025-05-03,11.2,9.5,14.0,7.3,80.5,2.3,7.6,1.2
2025-05-04,13.7,8.2,19.9,,60.9,2.8,28.63,12.8
2025-05-05,12.1,9.3,15.0,,64.5,2.3,7.03,0.3
2025-05-06,14.4,8.5,19.5,,57.5,2.2,20.0,8.5
2025-05-07,14.9,9.9,21.1,,61.5,2.2,27.9,12.3
2025-05-08,17.4,9.7,24.9,,53.5,1.8,26.79,11.2
2025-05-09,15.1,14.1,17.4,17.6,81.8,3.0,4.38,0.0
2025-05-10,12.3,11.6,15.3,14.1,95.5,3.5,2.15,0.0
2025-05-11,14.7,11.4,20.2,0.0,76.9,1.9,16.46,4.7
2025-05-12,17.0,9.8,23.6,,62.6,2.1,28.93,12.7
2025-05-13,19.9,13.3,25.8,,47.4,2.7,24.02,9.0
2025-05-14,21.0,14.1,26.7,,52.8,2.4,26.31,11.7
2025-05-15,19.5,16.8,22.2,1.1,80.9,2.3,9.9,0.8
2025-05-16,19.4,17.8,22.0,51.3,92.6,1.8,3.75,0.0
2025-05-17,18.3,14.7,24.3,2.2,86.4,2.6,17.36,6.0
2025-05-18,15.6,11.4,21.0,,59.3,2.6,27.51,10.5
2025-05-19,16.1,10.5,20.9,1.6,70.4,2.8,11.93,0.9
2025-05-20,22.2,17.4,27.3,1.0,85.5,2.5,12.96,3.0
2025-05-21,25.5,22.3,30.8,,75.5,2.1,22.19,7.0
2025-05-22,23.9,20.0,28.5,0.8,68.0,2.1,22.94,6.1
2025-05-23,19.4,15.4,22.2,1.2,53.8,2.8,9.19,0.0
2025-05-24,15.6,13.0,19.3,4.3,69.1,3.1,10.54,0.3
2025-05-25,17.4,11.7,22.6,,61.0,2.1,30.47,13.1
2025-05-26,19.7,13.0,26.2,,59.4,1.7,26.71,12.3
2025-05-27,20.8,14.7,27.0,,57.0,1.9,27.07,12.3
2025-05-28,20.8,16.3,26.9,0.0,62.0,1.8,22.39,8.4
2025-05-29,21.2,15.3,27.3,,58.4,2.2,26.56,11.7
2025-05-30,22.2,16.7,28.3,,55.0,1.7,25.72,12.1
2025-05-31,21.5,16.4,27.0,,55.0,2.0,21.39,7.3
2025-06-01,22.6,17.0,29.3,,57.8,2.0,27.08,10.9
2025-06-02,21.0,19.2,23.1,0.0,64.3,1.5,6.3,0.0
2025-06-03,20.9,17.0,25.3,,56.9,2.9,27.24,11.9
2025-06-04,20.5,15.2,25.3,,55.3,3.5,29.45,12.1
2025-06-05,21.7,15.6,27.1,,49.8,2.3,28.99,12.5
2025-06-06,24.1,17.7,30.0,,42.6,3.0,29.48,12.0
2025-06-07,23.7,19.8,28.2,0.1,61.4,2.6,17.51,4.6
2025-06-08,25.1,21.4,30.4,0.6,69.3,1.7,21.59,7.4
2025-06-09,24.2,20.6,30.2,0.0,66.6,2.6,25.91,9.6
2025-06-10,21.7,18.8,25.3,0.0,71.6,2.5,14.46,4.1
2025-06-11,22.7,15.9,28.5,,54.6,2.4,31.05,13.5
2025-06-12,25.5,17.9,33.1,,50.4,1.9,30.36,12.4
2025-06-13,24.0,20.1,29.4,1.5,60.9,1.9,15.62,3.8
2025-06-14,25.6,20.3,32.1,,66.3,2.0,21.02,5.9
2025-06-15,26.3,21.7,33.2,11.8,69.6,2.5,22.08,7.8
2025-06-16,23.0,21.8,25.1,20.0,87.8,2.7,5.19,0.1
2025-06-17,24.8,21.1,29.6,,73.3,2.5,22.97,8.6
2025-06-18,25.5,21.2,30.9,,65.3,2.0,26.88,10.3
2025-06-19,28.1,21.1,34.2,0.8,57.9,2.0,23.77,8.8
2025-06-20,24.1,22.2,28.3,51.1,93.4,3.9,2.92,0.0
2025-06-21,22.0,20.5,24.2,0.2,88.1,2.1,7.0,0.0
2025-06-22,23.3,18.1,28.6,,68.6,2.3,30.56,13.4
2025-06-23,26.1,19.4,31.7,,64.8,1.8,27.7,12.8
2025-06-24,25.0,20.5,28.0,2.3,63.4,2.6,10.18,0.2
2025-06-25,20.9,19.5,22.1,8.0,88.9,2.5,5.11,0.0
2025-06-26,22.2,19.9,24.2,1.1,85.3,1.7,7.23,0.1
2025-06-27,25.0,21.1,29.3,0.0,78.1,1.4,12.92,3.1
2025-06-28,26.2,24.5,28.1,0.6,85.0,1.4,7.13,0.0
2025-06-29,27.1,24.9,30.2,0.0,77.1,2.3,12.41,2.5
2025-06-30,28.2,25.6,31.2,,74.6,2.4,15.61,2.8
2025-07-01,28.6,26.2,31.8,0.9,78.6,3.0,17.38,3.8
2025-07-02,28.6,26.8,30.9,0.0,76.3,2.9,14.4,2.3
2025-07-03,28.3,26.5,32.0,0.0,75.5,2.8,13.6,2.7
2025-07-04,27.2,25.7,30.0,0.0,77.0,3.2,7.72,0.8
2025-07-05,28.4,26.0,32.3,,72.9,2.8,14.77,3.0
2025-07-06,29.1,26.3,32.8,,74.3,2.5,14.7,1.7
2025-07-07,29.1,26.7,33.2,,79.0,1.9,11.21,2.5
2025-07-08,31.3,26.9,37.8,11.8,72.5,1.9,22.64,8.4
2025-07-09,31.9,27.4,36.0,,61.1,2.2,23.55,8.0
2025-07-10,31.4,27.3,36.2,,46.6,2.9,29.95,13.3
2025-07-11,30.2,24.6,36.1,,47.1,3.3,30.35,13.5
2025-07-12,30.3,24.4,36.5,,47.5,2.3,30.02,13.2
2025-07-13,27.7,25.6,31.0,0.0,66.8,1.5,10.39,1.7
2025-07-14,24.2,21.7,28.1,13.6,78.3,2.0,7.19,0.5
2025-07-15,23.6,21.5,25.9,4.0,84.1,2.3,10.03,0.6
2025-07-16,23.3,22.2,24.8,73.1,90.1,2.1,2.34,0.0
2025-07-17,23.3,22.0,24.4,75.5,94.3,2.1,4.77,0.0
2025-07-18,24.7,22.9,27.2,16.1,89.5,1.7,7.44,0.3
2025-07-19,23.9,21.9,25.8,84.0,95.4,2.0,3.79,0.0
2025-07-20,27.7,25.0,31.3,14.8,82.8,2.8,16.69,5.7
2025-07-21,28.5,25.6,31.6,0.0,77.4,2.3,18.81,5.8
2025-07-22,28.8,26.6,32.2,0.1,75.6,2.7,20.43,6.6
2025-07-23,28.9,25.5,33.3,,70.4,1.8,22.14,7.9
2025-07-24,29.8,25.8,34.1,,68.0,1.9,24.91,9.2
2025-07-25,31.1,25.6,36.3,,64.6,1.9,26.48,12.4
2025-07-26,32.3,27.6,37.1,,61.9,1.7,24.32,11.0
2025-07-27,32.8,28.3,38.0,,62.4,2.0,28.42,12.5
2025-07-28,32.2,28.8,36.4,,67.3,2.0,27.0,11.9
2025-07-29,32.0,27.6,36.7,,64.0,2.0,20.41,8.9
2025-07-30,32.1,28.3,36.3,,62.9,1.7,19.51,5.6
2025-07-31,30.9,29.3,34.6,,62.3,2.0,13.17,1.1
2025-08-01,31.0,27.8,35.1,0.0,66.9,1.9,16.09,4.5
2025-08-02,31.2,27.3,36.2,,62.1,1.8,20.88,8.7
2025-08-03,28.8,24.0,32.5,1.3,69.0,2.0,8.08,0.2
2025-08-04,28.1,23.7,33.9,1.9,75.5,2.2,16.35,3.9
2025-08-05,29.1,25.4,33.5,,67.4,2.2,23.11,8.5
2025-08-06,27.1,25.8,29.3,22.0,89.0,3.2,5.57,1.1
2025-08-07,28.2,25.4,32.3,,70.8,2.7,27.18,10.2
2025-08-08,26.6,23.9,30.2,6.3,74.8,1.6,8.76,1.7
2025-08-09,24.9,23.1,26.4,3.5,82.1,1.4,5.37,0.3
2025-08-10,27.3,21.0,33.2,,70.0,1.7,27.22,12.3
2025-08-11,27.0,25.0,29.5,0.0,73.9,2.0,9.84,0.3
2025-08-12,28.6,23.3,34.1,,62.9,2.2,26.6,12.0
2025-08-13,25.1,22.0,27.1,126.7,91.8,2.6,1.92,0.0
2025-08-14,25.5,24.2,26.9,47.8,91.1,2.2,6.29,0.0
2025-08-15,27.1,24.4,30.9,0.0,84.3,1.7,14.89,4.9
2025-08-16,28.2,25.5,32.2,,76.0,2.2,19.22,6.9
2025-08-17,28.4,26.1,32.0,,76.3,2.3,16.43,1.8
2025-08-18,28.9,27.0,32.9,2.2,75.6,3.0,19.92,5.4
2025-08-19,29.1,26.9,32.3,,75.3,3.0,19.48,6.2
2025-08-20,29.4,26.9,32.8,0.0,74.5,2.6,18.14,5.2
2025-08-21,29.8,27.4,34.3,,70.6,2.2,21.66,7.5
2025-08-22,29.4,26.1,33.5,,71.5,2.1,22.41,9.5
2025-08-23,29.3,27.4,32.2,,74.9,1.9,11.71,3.6
2025-08-24,30.2,26.9,34.7,,69.4,1.7,18.39,6.3
2025-08-25,28.7,26.3,32.2,17.1,80.6,2.8,10.8,2.0
2025-08-26,27.6,25.5,31.8,5.4,81.8,2.8,15.0,5.6
2025-08-27,26.7,23.6,30.8,,73.8,1.6,9.76,2.6
2025-08-28,28.3,24.7,31.0,,72.9,2.7,14.35,3.0
2025-08-29,29.0,27.3,32.8,32.2,82.0,3.5,17.8,4.3
2025-08-30,28.4,25.8,31.8,23.9,81.1,2.0,16.69,5.8
2025-08-31,28.5,25.1,31.8,0.0,75.3,2.4,15.74,5.9
2025-09-01,26.1,24.4,28.2,20.4,87.3,2.5,7.47,0.6
2025-09-02,26.0,22.0,30.6,,74.6,1.6,20.32,9.1
2025-09-03,27.6,22.6,32.1,,67.5,1.9,21.38,9.5
2025-09-04,25.8,22.8,29.8,44.2,82.1,2.6,13.76,3.1
2025-09-05,27.9,23.5,33.0,,68.5,2.2,20.45,7.9
2025-09-06,26.8,25.4,30.4,36.1,86.6,2.4,8.94,1.2
2025-09-07,25.3,22.3,28.3,0.2,77.5,2.1,12.58,1.7
2025-09-08,24.4,20.6,29.5,0.0,73.0,1.8,16.17,3.9
2025-09-09,23.7,21.4,26.9,0.0,71.9,1.6,9.73,1.0
2025-09-10,24.8,18.4,31.5,,61.1,1.7,24.56,11.9
2025-09-11,25.8,19.9,31.7,,57.6,2.5,24.11,11.8
2025-09-12,23.9,21.1,26.3,6.8,68.8,2.7,7.7,0.3
2025-09-13,23.3,20.4,27.6,63.7,81.0,2.4,,
2025-09-14,24.8,21.5,29.3,,72.0,1.6,16.74,5.7
2025-09-15,25.7,20.8,30.7,,71.6,1.5,18.66,9.4
2025-09-16,23.7,22.2,27.1,17.5,86.8,1.5,5.11,0.7
2025-09-17,22.7,21.2,24.0,52.7,92.0,1.7,3.54,0.4
2025-09-18,22.1,19.6,26.0,,74.4,2.6,17.27,6.1
2025-09-19,19.4,17.9,21.4,13.8,82.0,2.8,4.73,0.0
2025-09-20,20.0,17.5,23.6,35.3,85.4,1.8,8.41,1.2
2025-09-21,21.6,17.2,27.3,,67.0,2.1,22.01,10.2
2025-09-22,21.3,17.6,25.1,,59.8,2.5,14.98,4.3
2025-09-23,22.7,19.2,26.8,0.0,56.5,2.4,16.89,5.2
2025-09-24,22.0,20.4,23.7,35.2,81.8,2.1,2.84,0.1
2025-09-25,22.5,20.2,26.4,0.3,80.0,1.4,13.81,5.5
2025-09-26,21.7,17.8,27.1,,78.1,1.4,18.53,8.1
2025-09-27,22.5,17.6,27.2,,71.1,1.9,16.5,8.3
2025-09-28,20.0,18.4,21.9,44.5,85.6,1.7,5.86,0.9
2025-09-29,19.6,16.6,23.9,,77.8,1.5,11.97,4.9
2025-09-30,19.8,17.3,24.0,,81.3,1.4,8.56,1.2
2025-10-01,20.5,16.7,25.6,,78.1,1.7,12.23,4.7
2025-10-02,21.4,17.3,25.8,,74.5,1.5,13.94,5.7
2025-10-03,21.2,19.8,22.3,0.8,75.5,2.4,5.64,0.0
2025-10-04,22.5,20.9,25.0,0.0,74.6,1.9,7.29,0.6
2025-10-05,21.4,20.6,22.3,18.1,89.6,1.6,2.85,0.0
2025-10-06,17.6,15.4,20.7,36.8,93.8,3.8,2.17,0.0
2025-10-07,18.2,15.5,20.0,7.1,94.9,3.1,4.81,0.0
2025-10-08,21.9,17.2,28.0,0.0,72.8,1.4,18.97,10.7
2025-10-09,20.0,16.9,22.6,0.0,69.6,3.3,6.18,0.0
2025-10-10,17.0,16.0,17.7,49.3,98.1,2.9,1.42,0.0
2025-10-11,20.3,17.3,23.8,22.5,93.1,2.4,4.31,0.1
2025-10-12,19.0,17.6,21.4,0.1,84.6,2.3,6.03,0.2
2025-10-13,15.7,13.9,18.3,25.1,94.4,3.5,1.83,0.0
2025-10-14,17.9,14.4,20.9,0.6,80.3,3.1,10.48,0.6
2025-10-15,20.2,16.1,25.3,1.5,74.8,2.4,14.07,6.3
2025-10-16,20.2,17.0,24.8,1.3,75.3,2.4,13.85,6.8
2025-10-17,19.9,15.6,24.8,11.3,74.8,2.3,13.45,6.4
2025-10-18,15.8,14.2,18.6,11.2,87.8,2.3,4.81,0.0
2025-10-19,14.5,8.9,19.2,,71.5,2.8,11.43,5.1
2025-10-20,10.0,5.3,16.5,,65.9,2.7,13.24,4.9
2025-10-21,9.2,4.8,14.1,,68.3,1.6,11.48,5.8
2025-10-22,13.1,6.6,18.6,,72.1,1.5,12.99,6.2
2025-10-23,14.9,11.8,19.6,,70.3,2.0,9.49,4.3
2025-10-24,15.8,11.3,21.5,,66.5,2.1,14.57,7.3
2025-10-25,14.4,12.6,17.7,,66.9,2.1,8.78,3.9
2025-10-26,12.2,10.6,13.9,0.5,70.1,1.7,4.55,0.0
2025-10-27,8.1,3.7,12.2,,45.0,2.8,16.01,9.2
2025-10-28,8.5,3.0,14.4,,52.4,1.4,15.43,9.0
2025-10-29,11.4,6.2,18.3,,65.0,1.7,13.27,7.6
2025-10-30,12.8,7.7,18.2,,70.3,1.5,11.38,6.7
2025-10-31,15.1,11.3,20.7,0.1,69.9,2.0,10.42,2.5
2025-11-01,12.9,10.5,17.7,2.4,73.0,2.3,14.23,8.1
2025-11-02,8.0,3.7,11.7,0.2,57.0,3.1,14.4,8.1
2025-11-03,7.2,0.5,14.7,,54.1,1.5,15.16,9.6
2025-11-04,10.2,5.5,16.3,,60.6,1.5,13.64,9.0
2025-11-05,11.6,5.7,19.0,,60.0,1.4,13.73,9.6
2025-11-06,12.5,7.3,18.8,,69.9,1.6,11.64,8.1
2025-11-07,13.9,8.3,19.9,,66.3,1.9,12.72,8.9
2025-11-08,14.5,12.3,17.0,0.0,69.4,2.2,4.54,0.0
2025-11-09,13.5,10.4,17.6,,64.1,2.6,12.2,7.6
2025-11-10,8.3,5.4,12.7,,37.6,2.5,14.73,9.7
2025-11-11,8.9,3.9,15.1,,57.6,1.6,12.67,8.3
2025-11-12,10.8,6.0,17.7,,65.5,1.8,13.15,9.4
2025-11-13,11.1,6.7,17.6,,65.4,1.7,10.16,5.8
2025-11-14,9.1,4.5,15.1,,53.8,1.9,13.71,9.5
2025-11-15,9.8,3.6,17.5,,49.1,1.3,12.76,8.9
2025-11-16,11.6,5.5,18.7,0.3,58.4,2.4,12.32,7.9
2025-11-17,3.2,-0.7,9.7,,37.4,3.7,10.53,6.7
2025-11-18,1.6,-2.0,6.5,,47.1,2.3,13.11,9.1
2025-11-19,3.0,-1.6,8.6,,50.1,1.6,12.53,9.3
2025-11-20,7.4,1.6,14.6,,58.8,2.5,9.13,5.9
2025-11-21,7.4,1.0,12.5,,58.5,1.9,11.77,7.5
2025-11-22,9.6,5.4,15.1,,65.3,1.7,9.4,6.3
2025-11-23,10.9,6.6,14.4,,69.6,2.1,4.46,0.6
2025-11-24,12.4,9.6,16.8,,72.5,1.8,5.64,3.2
2025-11-25,7.4,5.3,9.6,7.8,81.1,2.5,2.89,0.2
2025-11-26,6.4,3.5,10.9,,66.4,1.5,8.77,5.4
2025-11-27,5.1,2.5,8.7,10.0,77.4,3.0,2.69,0.3
2025-11-28,2.3,-1.3,7.0,,56.4,2.0,11.93,9.2
2025-11-29,5.7,0.3,9.3,0.1,57.1,2.3,5.95,2.9
2025-11-30,12.4,9.1,16.1,,78.8,1.9,6.97,3.9
2025-12-01,5.5,2.3,12.2,,50.5,3.1,11.8,9.1
2025-12-02,0.1,-5.4,3.3,,41.1,3.3,10.19,8.5
2025-12-03,-5.9,-8.1,-2.8,,41.4,3.2,11.25,8.4
2025-12-04,-3.2,-9.4,3.5,4.0,49.6,2.3,11.57,8.7
2025-12-05,-2.6,-6.9,2.5,,53.6,1.8,10.22,9.1
2025-12-06,2.1,-2.0,4.5,0.6,70.9,2.0,3.08,0.9
2025-12-07,8.3,3.4,13.4,,77.4,2.1,8.97,6.6
2025-12-08,3.4,0.8,7.3,,45.4,2.3,11.63,9.1
2025-12-09,2.8,-2.4,8.7,,59.0,1.7,8.53,6.0
2025-12-10,4.9,0.7,8.6,,73.1,1.9,4.54,0.9
2025-12-11,4.0,-1.8,8.4,12.9,68.3,2.7,6.37,4.0
2025-12-12,2.0,-3.6,7.0,,56.3,1.9,9.57,6.9
2025-12-13,2.6,-0.8,4.5,9.5,81.5,2.4,1.42,0.0
2025-12-14,-0.1,-1.5,3.1,0.1,76.5,2.0,8.25,4.6
2025-12-15,0.7,-3.5,4.5,,76.4,1.8,6.82,3.7
2025-12-16,3.8,2.1,5.0,2.1,88.5,2.2,0.68,0.0
2025-12-17,4.2,1.2,7.6,,72.8,2.1,9.52,7.5
2025-12-18,2.3,-1.9,8.5,,60.6,1.7,10.59,8.9
2025-12-19,4.9,-0.7,9.9,,66.5,2.1,6.14,3.6
2025-12-20,7.3,1.0,10.7,0.3,74.1,2.2,0.67,0.0
2025-12-21,-1.1,-3.4,2.5,,42.0,2.9,11.01,8.9
2025-12-22,-0.7,-5.9,5.1,,44.8,1.8,10.79,8.8
2025-12-23,2.6,0.1,4.3,10.8,70.9,2.4,1.56,0.0
2025-12-24,2.8,-1.0,6.3,,79.0,2.4,8.27,5.0
2025-12-25,-3.6,-8.9,0.0,,54.1,3.9,11.31,8.7
2025-12-26,-8.2,-11.8,-4.0,,38.9,2.8,11.69,9.0
2025-12-27,-2.6,-8.3,0.5,0.0,52.1,2.1,4.71,2.0
2025-12-28,3.2,0.0,6.1,0.6,76.4,2.0,4.89,0.7
2025-12-29,4.9,-0.1,9.1,0.3,74.1,2.1,6.42,4.9
2025-12-30,-0.5,-3.7,3.8,,45.1,2.4,11.29,9.0
2025-12-31,-5.6,-8.9,-1.2,,40.9,3.1,11.74,9.0
